sortie,type,axis,t_start,t_end,duration_s,amplitudes
G017,doublet,pitch,13982696.3,13982703.3,7.0,19.99|3.74
G017,doublet,pitch,13982703.3,13982710.9,7.6,19.99|5.38
G017,step,pitch,13982710.9,13982714.7,3.8,19.99
G017,step,pitch,13982714.7,13982753.3,38.6,24.95
G017,step,roll,13982731.6,13982753.5,21.9,1.25
G017,step,pitch,13982757.0,13982760.5,3.5,24.86
G017,step,pitch,13982762.1,13982766.2,4.1,24.92
G017,step,pitch,13982766.2,13982784.3,18.1,19.99
G017,step,roll,13982856.3,13982860.6,4.3,20.52
G017,doublet,roll,13982873.9,13982885.8,11.9,21.27|21.84
G017,doublet,roll,13982886.7,13982894.1,7.4,20.63|21.22
G017,step,roll,13982899.0,13982902.6,3.6,21.4
G017,step,yaw,13983014.6,13983047.8,33.2,25.46
G017,step,roll,13983014.7,13983040.7,26.0,4.12
G017,step,yaw,13983047.8,13983121.4,73.6,27.41
G017,doublet,yaw,13983121.4,13983131.7,6.4,25.46|27.33
G017,step,yaw,13983131.7,13983135.6,3.9,25.46
G017,step,roll,13983741.6,13983771.9,30.3,0.82
G017,step,pitch,13984380.2,13984411.5,31.3,4.09
G017,step,pitch,13984411.5,13984420.7,9.2,23.36
G017,step,pitch,13984420.7,13984431.7,11.0,19.99
G017,step,pitch,13984431.7,13984440.9,9.2,23.35
G017,step,pitch,13984440.9,13984452.0,11.1,19.99
G017,step,pitch,13984452.0,13984461.2,9.2,23.34
G017,step,pitch,13984461.2,13984497.0,35.8,19.99
G017,step,roll,13984606.6,13984616.7,10.1,19.77
G017,step,roll,13984616.7,13984626.8,10.1,19.74
G017,step,roll,13984626.8,13984636.9,10.1,19.78
G017,step,roll,13984636.9,13984647.1,10.2,19.75
G017,step,roll,13984647.1,13984656.2,9.1,19.78
G017,step,roll,13984657.2,13984667.3,10.1,19.75
G017,step,yaw,13984834.8,13984844.0,9.2,10.92
G017,step,yaw,13984844.0,13984853.2,9.2,21.39
G017,step,yaw,13984855.0,13984864.2,9.2,10.88
G017,step,yaw,13984864.2,13984873.4,9.2,21.53
G017,step,yaw,13984873.4,13984884.5,11.1,10.87
G017,step,yaw,13984884.5,13984893.1,8.6,21.53
G017,step,roll,13985133.87,13985163.0,29.13,0.87
G019,step,pitch,20120152.6,20120160.3,7.7,24.79
G019,step,pitch,20120160.3,20120169.9,9.6,20.01
G019,step,pitch,20120171.8,20120177.6,5.8,24.77
G019,step,pitch,20120177.6,20120233.5,55.9,20.01
G019,step,pitch,20120233.5,20120246.9,13.4,3.25
G019,step,roll,20120237.3,20120246.9,9.6,20.65
G019,step,roll,20120251.8,20120260.4,8.6,19.63
G019,step,roll,20120271.0,20120280.6,9.6,20.58
G019,step,roll,20120284.5,20120291.6,7.1,19.77
G019,step,yaw,20120322.1,20120341.3,19.2,25.48
G019,step,yaw,20120341.3,20120372.1,30.8,27.29
G019,step,yaw,20120374.0,20120385.6,11.6,25.48
G019,step,pitch,20121009.7,20121017.4,7.7,23.46
G019,step,pitch,20121019.4,20121029.0,9.6,20.0
G019,step,pitch,20121029.0,20121038.6,9.6,23.48
G019,step,roll,20121136.9,20121146.5,9.6,19.96
G019,step,roll,20121146.5,20121157.1,10.6,19.73
G019,step,roll,20121157.1,20121165.8,8.7,19.94
G019,step,yaw,20121712.8,20121722.4,9.6,11.29
G019,step,yaw,20121722.4,20121732.1,9.7,23.28
G019,step,yaw,20121732.1,20121741.7,9.6,11.29
G021,step,pitch,22518316.9,22518325.4,8.5,3.71
G021,doublet,pitch,22518325.4,22518335.5,9.2,9.59|8.18
G021,step,pitch,22518336.5,22518345.0,8.5,9.34
G021,step,roll,22518673.2,22518683.0,9.8,1.81
G021,doublet,pitch,22518715.7,22518721.7,6.0,24.83|19.98
G021,step,pitch,22518721.7,22518730.2,8.5,24.82
G021,step,pitch,22518730.2,22518743.8,13.6,19.98
G021,step,pitch,22518743.8,22518755.7,11.9,24.82
G021,step,roll,22518793.5,22518800.8,7.3,20.65
G021,doublet,roll,22518800.8,22518811.8,11.0,19.71|20.58
G021,step,roll,22518811.8,22518815.2,3.4,19.83
G021,doublet,yaw,22518853.5,22518862.0,7.7,27.24|25.45
G021,step,yaw,22518862.0,22518866.2,4.2,27.24
G021,step,pitch,22519420.6,22519436.7,16.1,23.57
G021,step,pitch,22519437.6,22519458.8,21.2,19.99
G021,step,pitch,22519460.5,22519476.7,16.2,23.58
G021,step,yaw,22519647.6,22519668.0,20.4,11.51
G021,step,yaw,22519668.8,22519686.7,17.9,17.25
G021,step,yaw,22519687.5,22519707.9,20.4,11.5
G021,step,yaw,22519708.8,22519726.7,17.9,17.21
G022_2,step,yaw,25191735.2,25191739.1,3.9,0.85
G022_2,step,yaw,25192461.7,25192475.0,13.3,1.12
G022_2,step,yaw,25193328.98,25193332.2,3.22,0.83
G022_2,step,yaw,25193358.8,25193398.6,39.8,0.86
G022_3,step,yaw,25374403.5,25374421.8,18.3,11.52
G022_3,step,yaw,25374423.5,25374443.4,19.9,22.22
G022_3,step,yaw,25374443.4,25374463.3,19.9,11.5
G022_3,step,yaw,25374463.3,25374482.6,19.3,22.34
G022_3,step,yaw,25374876.7,25374896.6,19.9,21.23
G022_3,step,yaw,25375046.1,25375066.0,19.9,21.77
G022_3,step,yaw,25375066.0,25375085.8,19.8,24.81
G022_3,step,yaw,25375381.4,25375399.7,18.3,17.33
G022_3,step,yaw,25375584.0,25375602.3,18.3,23.22
G022_3,step,yaw,25375761.7,25375779.9,18.2,24.4
G022_4,step,yaw,25390533.8,25390551.1,17.3,24.47
G022_4,step,yaw,25390861.5,25390880.5,19.0,24.46
G022_4,step,yaw,25391038.3,25391055.7,17.4,24.46
G022_4,step,yaw,25391289.7,25391307.0,17.3,24.46
G022_4,step,yaw,25391471.7,25391489.1,17.4,24.45
G022_4,step,yaw,25392673.2,25392690.1,16.9,10.45
G022_4,step,yaw,25392690.1,25392734.6,44.5,1.76
G022_4,step,yaw,25392734.7,25392761.4,26.7,0.82
G022_4,step,yaw,25392761.9,25392777.2,15.3,0.81
G022_4,step,yaw,25392779.0,25392811.7,32.7,0.82
G022_4,step,yaw,25392812.5,25392819.2,6.7,0.81
G022_4,step,yaw,25392819.5,25392847.9,28.4,0.81
G022_4,step,yaw,25392976.6,25392995.7,19.1,24.52
G022_4,step,yaw,25393089.3,25393106.6,17.3,24.48
G022_4,step,yaw,25393108.4,25393127.4,19.0,24.93
G022_4,step,yaw,25393129.0,25393140.0,11.0,0.84
G022_4,step,yaw,25393142.0,25393146.3,4.3,1.22
G022,step,yaw,25129967.7,25129977.8,10.1,24.93
G022,step,yaw,25129978.0,25129996.6,18.6,23.71
G022,step,yaw,25129997.1,25130010.5,13.4,25.03
G022,step,yaw,25130010.7,25130028.4,17.7,23.64
G023,step,yaw,26166323.4,26166334.6,11.2,0.88
G023,step,yaw,26166335.6,26166388.3,52.7,1.02
G023,step,yaw,26166466.3,26166508.3,42.0,24.06
G023,step,yaw,26166508.3,26166518.0,9.7,25.26
G023,step,yaw,26166764.3,26166774.4,10.1,25.22
G023,step,yaw,26166774.4,26166781.2,6.8,1.98
G023,step,yaw,26167580.3,26167599.2,18.9,21.45
G023,step,yaw,26167599.2,26167620.5,21.3,21.53
G023,step,yaw,26167620.5,26167638.8,18.3,21.43
G023,step,yaw,26168204.7,26168223.6,18.9,25.05
G023,step,yaw,26168223.6,26168244.9,21.3,24.35
G023,step,yaw,26168244.9,26168263.8,18.9,25.02
G023,step,yaw,26168453.0,26168469.5,16.5,25.02
G023,step,yaw,26169146.0,26169164.9,18.9,24.38
G023,step,yaw,26169167.3,26169186.1,18.8,25.06
G023,step,yaw,26169264.2,26169283.1,18.9,24.37
G023,step,yaw,26169283.1,26169302.1,19.0,25.04
G023,step,yaw,26169446.3,26169465.3,19.0,24.39
G023,step,yaw,26169467.6,26169486.1,18.5,25.05
G023,step,yaw,26170023.4,26170032.9,9.5,24.39
G023,step,yaw,26170032.9,26170042.3,9.4,25.05
G023,step,yaw,26170042.3,26170051.8,9.5,24.38
G023,step,yaw,26170051.8,26170063.6,11.8,25.05
G023,step,yaw,26170063.6,26170073.1,9.5,24.38
G023,step,yaw,26170073.1,26170082.6,9.5,25.04
G023,step,yaw,26170082.6,26170092.0,9.4,24.38
G023,step,yaw,26170092.0,26170101.5,9.5,25.05
G023,step,yaw,26170103.8,26170113.3,9.5,24.39
G023,step,yaw,26170113.3,26170122.8,9.5,25.06
G023,step,yaw,26170122.8,26170132.2,9.4,24.38
G023,step,yaw,26170132.2,26170141.7,9.5,25.06
G023,step,yaw,26170144.0,26170153.5,9.5,24.38
G023,step,yaw,26170153.5,26170163.0,9.5,25.07
G023,step,yaw,26170163.0,26170172.4,9.4,24.38
G023,step,yaw,26170172.4,26170181.9,9.5,25.06
G023,step,yaw,26170181.9,26170191.3,9.4,24.37
G023,step,yaw,26170193.7,26170203.2,9.5,25.07
G023,step,yaw,26170203.2,26170212.6,9.4,24.37
G023,step,yaw,26170212.6,26170222.1,9.5,25.09
G023,step,yaw,26170222.1,26170231.6,9.5,24.36
G023,step,yaw,26170231.6,26170243.4,11.8,25.09
G023,step,yaw,26170243.4,26170252.8,9.4,24.37
G023,step,yaw,26170252.8,26170262.3,9.5,25.09
G023,step,yaw,26170262.3,26170271.8,9.5,24.37
G023,step,yaw,26170271.8,26170283.6,11.8,25.1
G023,step,yaw,26170283.6,26170293.1,9.5,24.37
G023,step,yaw,26170293.1,26170302.5,9.4,25.09
G023,step,yaw,26170302.5,26170312.0,9.5,24.36
G023,step,yaw,26170312.0,26170323.8,11.8,25.08
G023,step,yaw,26170323.8,26170333.3,9.5,24.36
G023,step,yaw,26170333.3,26170342.7,9.4,25.09
G023,step,yaw,26170342.7,26170352.2,9.5,24.36
G023,step,yaw,26170352.2,26170361.6,9.4,25.08
G023,step,yaw,26170364.0,26170373.5,9.5,24.36
G023,step,yaw,26170373.5,26170382.9,9.4,25.08
G023,step,yaw,26170382.9,26170392.4,9.5,24.36
G023,step,yaw,26170392.4,26170401.8,9.4,25.07
G023,step,yaw,26170401.8,26170411.3,9.5,24.36
G023,step,yaw,26170413.7,26170423.1,9.4,25.08
G023,step,yaw,26170423.1,26170432.6,9.5,24.36
G023,step,yaw,26170432.6,26170442.0,9.4,25.07
G023,step,yaw,26170442.0,26170451.5,9.5,24.36
G023,step,yaw,26170451.5,26170463.3,11.8,25.08
G023,step,yaw,26170463.3,26170472.8,9.5,24.36
G023,step,yaw,26170472.8,26170482.3,9.5,25.08
G023,step,yaw,26170482.3,26170491.7,9.4,24.36
G023,step,yaw,26170491.7,26170503.5,11.8,25.08
G023,step,yaw,26170503.5,26170513.0,9.5,24.37
G023,step,yaw,26170513.0,26170522.5,9.5,25.08
G023,step,yaw,26170522.5,26170531.9,9.4,24.36
G023,step,yaw,26170531.9,26170543.7,11.8,25.08
G023,step,yaw,26170543.7,26170553.2,9.5,24.36
G023,step,yaw,26170553.2,26170562.7,9.5,25.05
G023,step,yaw,26170562.7,26170572.1,9.4,24.37
G023,step,yaw,26170572.1,26170581.6,9.5,25.06
G023,step,yaw,26170584.0,26170593.4,9.4,24.36
G023,step,yaw,26170593.4,26170602.9,9.5,25.06
G023,step,yaw,26170602.9,26170612.3,9.4,24.36
G023,step,yaw,26170612.3,26170621.8,9.5,25.05
G023,step,yaw,26170621.8,26170631.3,9.5,24.36
G023,step,yaw,26170633.6,26170643.1,9.5,25.06
G023,step,yaw,26170643.1,26170652.5,9.4,24.36
G023,step,yaw,26170652.5,26170662.0,9.5,25.06
G023,step,yaw,26170662.0,26170671.5,9.5,24.36
G023,step,yaw,26170671.5,26170683.3,11.8,25.06
G023,step,yaw,26170683.3,26170692.8,9.5,24.36
G023,step,yaw,26170692.8,26170702.2,9.4,25.05
G023,step,yaw,26170702.2,26170711.7,9.5,24.36
G023,step,yaw,26170711.7,26170723.5,11.8,25.05
G023,step,yaw,26170723.5,26170733.0,9.5,24.35
G023,step,yaw,26170733.0,26170742.4,9.4,25.05
G023,step,yaw,26170742.4,26170751.9,9.5,24.35
G023,step,yaw,26170751.9,26170763.7,11.8,25.06
G023,step,yaw,26170763.7,26170773.2,9.5,24.35
G023,step,yaw,26170773.2,26170782.6,9.4,25.07
G023,step,yaw,26170782.6,26170792.1,9.5,24.35
G023,step,yaw,26170792.1,26170801.5,9.4,25.07
G023,step,yaw,26170803.9,26170813.4,9.5,24.35
G023,step,yaw,26170813.4,26170822.8,9.4,25.07
G023,step,yaw,26170822.8,26170832.3,9.5,24.35
G023,step,yaw,26170832.3,26170841.8,9.5,25.07
G023,step,yaw,26170841.8,26170851.2,9.4,24.34
G023,step,yaw,26170853.6,26170863.0,9.4,25.07
G023,step,yaw,26170863.0,26170872.5,9.5,24.36
G023,step,yaw,26170872.5,26170882.0,9.5,25.07
G023,step,yaw,26170882.0,26170891.4,9.4,24.35
G023,step,yaw,26170893.8,26170903.2,9.4,25.07
G023,step,yaw,26170903.2,26170912.7,9.5,24.35
G023,step,yaw,26170912.7,26170922.2,9.5,25.08
G023,step,yaw,26170922.2,26170931.6,9.4,24.34
G023,step,yaw,26170931.6,26170943.5,11.9,25.07
G023,step,yaw,26170943.5,26170952.9,9.4,24.35
G023,step,yaw,26170952.9,26170962.4,9.5,25.05
G023,step,yaw,26170962.4,26170971.8,9.4,24.35
G023,step,yaw,26170971.8,26170983.7,11.9,25.05
G023,step,yaw,26170983.7,26170993.1,9.4,24.35
G023,step,yaw,26170993.1,26171002.6,9.5,25.05
G023,step,yaw,26171002.6,26171012.0,9.4,24.35
G023,step,yaw,26171012.0,26171021.5,9.5,25.06
G023,step,yaw,26171042.4,26171051.9,9.5,0.83
G024,step,yaw,27811461.2,27811511.1,49.9,25.25
G024,step,yaw,27811513.1,27811542.9,29.8,17.2
G024,doublet,pitch,27811640.5,27811649.6,9.1,24.72|19.99
G024,step,pitch,27811649.6,27811654.2,4.6,24.73
G024,doublet,roll,27811684.8,27811696.2,11.4,19.93|20.7
G024,doublet,roll,27811696.2,27811705.5,9.3,19.77|20.67
G024,doublet,yaw,27811735.3,27811747.2,11.9,23.73|25.24
G024,doublet,yaw,27811747.2,27811757.8,10.6,23.73|25.27
G024,step,roll,27813446.7,27813457.8,11.1,12.01
G024,step,pitch,27813447.8,27813451.5,3.7,23.46
G024,step,pitch,27813451.5,27813485.7,34.2,19.99
G024,step,roll,27813483.0,27813491.0,8.0,16.04
G024,step,pitch,27813485.7,27813490.3,4.6,23.58
G024,step,pitch,27813490.3,27813520.4,30.1,19.99
G024,step,roll,27813491.8,27813518.2,26.4,2.95
G024,step,roll,27813519.3,27813527.3,8.0,7.14
G024,step,pitch,27813521.2,27813560.1,38.9,19.99
G024,step,roll,27813527.5,27813544.3,16.8,1.18
G024,step,roll,27813544.3,27813563.5,19.2,11.94
G024,step,pitch,27813560.6,27813605.3,44.7,19.99
G024,step,roll,27813563.5,27813604.5,41.0,2.47
G024,step,roll,27813604.5,27813643.0,38.5,19.45
G024,step,pitch,27813605.9,27813620.4,14.5,19.99
G024,step,pitch,27813620.4,27813634.0,13.6,23.45
G024,step,roll,27813643.0,27813691.1,48.1,2.95
G024,step,pitch,27813838.3,27813874.7,36.4,23.43
G024,step,pitch,27813874.7,27813892.8,18.1,19.99
G024,step,pitch,27813892.8,27813915.5,22.7,23.42
G024,step,pitch,27813915.5,27813933.1,17.6,19.99
G024,step,pitch,27813933.1,27813963.2,30.1,2.67
G024,step,roll,27813989.3,27814008.6,19.3,19.54
G024,step,roll,27814008.6,27814027.9,19.3,19.59
G024,step,roll,27814029.1,27814048.4,19.3,19.5
G024,step,roll,27814048.4,27814069.0,20.6,19.6
G024,step,yaw,27815264.2,27815282.3,18.1,24.41
G024,step,yaw,27815282.3,27815287.8,5.5,16.89
G024,step,yaw,27815391.3,27815409.5,18.2,24.37
G024,step,yaw,27815409.5,27815429.9,20.4,25.07
G024,step,yaw,27815429.9,27815450.4,20.5,24.38
G024,step,yaw,27815450.4,27815470.5,20.1,25.05
G026,step,yaw,1780107.9,1780112.6,4.7,0.81
G026,step,yaw,1780114.9,1780123.6,8.7,0.82
G026,step,yaw,1780124.5,1780159.7,35.2,0.82
G026,step,pitch,1780142.3,1780147.3,5.0,23.26
G026,step,pitch,1780147.3,1780179.7,32.4,20.0
G026,step,pitch,1780182.1,1780220.7,38.6,20.01
G026,step,yaw,1780673.2,1780713.0,39.8,25.22
G026,step,pitch,1781193.3,1781197.5,4.2,24.69
G026,step,pitch,1781199.0,1781203.7,4.7,24.7
G026,step,yaw,1781241.0,1781250.0,9.0,25.33
G026,step,roll,1781302.2,1781311.2,9.0,21.19
G026,step,roll,1781311.2,1781320.4,9.2,20.35
G026,step,roll,1781596.6,1781602.9,6.3,0.87
G026,step,pitch,1781610.3,1781615.4,5.1,23.48
G026,step,pitch,1781618.5,1781627.6,9.1,5.63
G026,step,pitch,1781627.6,1781702.5,74.9,5.08
G026,step,pitch,1781702.5,1781719.9,17.4,23.41
G026,step,pitch,1781719.9,1781742.4,22.5,20.0
G026,step,pitch,1781929.3,1781934.2,4.9,8.78
G026,step,pitch,1781936.7,1781969.2,32.5,20.0
G026,step,pitch,1781969.2,1781974.1,4.9,8.79
G026,step,pitch,1782806.5,1782824.0,17.5,23.4
G026,step,pitch,1782824.0,1782843.9,19.9,20.0
G026,step,pitch,1782846.4,1782863.9,17.5,23.4
G026,step,pitch,1782863.9,1782883.5,19.6,20.0
G026,step,roll,1782932.4,1782953.6,21.2,19.55
G026,step,roll,1782953.6,1782972.3,18.7,19.66
G026,step,roll,1782973.5,1782993.5,20.0,19.54
G026,step,roll,1782993.5,1783012.2,18.7,19.64
G026,step,yaw,1783120.6,1783138.0,17.4,25.06
G026,step,yaw,1783140.5,1783160.5,20.0,24.43
G026,step,yaw,1783160.5,1783177.9,17.4,25.06
G026,step,yaw,1783180.2,1783251.3,71.1,1.04
G026,step,pitch,1783672.5,1783691.3,18.8,2.05
G026,step,pitch,1783691.3,1783696.3,5.0,14.74
G028,step,yaw,5072424.8,5072466.6,41.8,1.12
G028,step,pitch,5072916.5,5072931.1,14.6,24.75
G028,step,yaw,5072925.2,5072979.9,54.7,25.28
G028,doublet,pitch,5072932.5,5072943.6,10.1,20.02|3.62
G028,step,yaw,5072979.9,5073010.9,31.0,23.84
G028,step,yaw,5073010.9,5073016.2,5.3,25.31
G028,doublet,roll,5073150.4,5073158.4,8.0,20.77|21.15
G028,step,pitch,5073448.5,5073462.3,13.8,1.64
G028,step,pitch,5073463.6,5073481.1,17.5,23.46
G028,step,roll,5073538.4,5073557.3,18.9,19.41
G028,step,yaw,5073692.7,5073711.3,18.6,25.0
G028,step,yaw,5073711.3,5073747.9,36.6,24.47
G028,step,yaw,5073747.9,5073766.8,18.9,25.01
G028,step,pitch,5073851.5,5073858.4,6.9,1.84
G028,step,pitch,5073869.2,5073890.6,21.4,1.66
G028,step,pitch,5073894.8,5073909.6,14.8,2.28
G028,step,pitch,5073910.8,5073982.3,71.5,20.03
G028,step,pitch,5074009.3,5074026.8,17.5,23.32
G028,step,pitch,5074028.1,5074047.0,18.9,20.03
G029,step,roll,5410361.2,5410370.3,9.1,1.06
G029,step,yaw,5410361.2,5410413.6,52.4,9.99
G029,step,yaw,5410416.6,5410422.4,5.8,19.19
G029,step,yaw,5410427.5,5410433.5,6.0,10.15
G029,step,yaw,5410437.2,5410440.2,3.0,9.83
G029,doublet,yaw,5410442.1,5410445.4,3.1,5.44|6.93
G029,doublet,yaw,5410446.4,5410452.0,5.4,15.36|7.86
G029,step,yaw,5410453.7,5410462.7,9.0,19.68
G029,doublet,yaw,5410464.4,5410468.5,4.1,17.87|4.29
G029,step,yaw,5410469.47,5410478.9,9.43,13.94
G029,step,yaw,5410479.5,5410485.0,5.5,17.69
G029,step,yaw,5410489.8,5410499.8,10.0,3.47
G029,step,yaw,5410522.5,5410543.9,21.4,2.32
G029,step,roll,5410597.0,5410605.8,8.8,1.07
G029,step,yaw,5410769.5,5410812.2,42.7,25.1
G029,step,yaw,5410812.6,5410816.4,3.8,10.69
G032,step,yaw,5693276.1,5693286.9,10.8,2.22
G032,step,roll,5693276.4,5693287.9,11.5,2.2
G032,step,roll,5693288.7,5693300.8,12.1,2.1
G032,step,roll,5693301.41,5693325.6,24.19,1.77
G032,step,yaw,5693316.4,5693384.5,68.1,24.64
G032,step,roll,5693354.5,5693360.3,5.8,1.1
G032,step,yaw,5693384.5,5693410.0,25.5,25.19
G032,doublet,yaw,5693412.3,5693416.6,4.3,11.85|8.5
G032,doublet,yaw,5693423.7,5693430.2,5.0,16.51|15.06
G032,step,yaw,5693430.8,5693434.2,3.4,21.22
G032,step,yaw,5693435.4,5693441.1,5.7,11.34
G032,step,yaw,5693441.1,5693453.9,12.8,21.76
G032,step,yaw,5693459.2,5693463.1,3.9,14.07
G032,step,yaw,5693470.9,5693474.4,3.5,15.6
G032,step,yaw,5693481.2,5693540.5,59.3,25.01
G032,doublet,yaw,5693601.7,5693609.4,5.7,13.83|8.07
G032,step,yaw,5693611.0,5693625.8,14.8,23.21
G032,step,yaw,5693626.9,5693678.9,52.0,8.06
G032,step,roll,5693630.6,5693641.0,10.4,1.06
G032,step,roll,5693660.7,5693680.6,19.9,1.82
G032,step,roll,5693694.2,5693718.1,23.9,1.74
G032,step,roll,5693735.1,5693754.2,19.1,0.86
G032,step,roll,5693793.5,5693816.7,23.2,1.82
G032,step,roll,5694147.1,5694158.6,11.5,1.15
G032,step,roll,5694159.8,5694164.1,4.3,1.05
G032,step,roll,5694248.1,5694297.3,49.2,1.33
G032,step,roll,5694551.4,5694556.0,4.6,0.98
G032,step,roll,5694657.7,5694677.4,19.7,1.33
G032,step,roll,5694688.9,5694757.7,68.8,3.71
G032,step,roll,5694798.7,5694803.3,4.6,0.85
G032,step,roll,5695180.0,5695215.7,35.7,2.88
G032,step,roll,5695282.8,5695317.4,34.6,2.37
G032,step,yaw,5695467.6,5695473.4,5.8,25.09
G032,step,yaw,5695483.8,5695501.0,17.2,24.6
G032,doublet,yaw,5695501.0,5695508.9,7.9,4.97|14.7
G032,step,roll,5695504.6,5695586.6,82.0,4.02
G032,step,yaw,5695510.2,5695517.6,7.4,17.61
G032,step,yaw,5695526.6,5695530.7,4.1,11.76
G032,step,yaw,5695531.24,5695538.6,7.36,17.27
G032,doublet,yaw,5695550.8,5695557.7,6.9,7.32|4.55
G032,doublet,yaw,5695568.2,5695572.3,4.1,4.15|5.16
G032,step,yaw,5695572.8,5695576.0,3.2,9.72
G032,step,yaw,5695576.0,5695586.4,10.4,24.99
G033_2,step,roll,6618673.5,6618678.0,4.5,1.17
G033_2,step,roll,6618679.4,6618737.0,57.6,1.1
G033_2,doublet,yaw,6618788.7,6618793.5,4.8,13.43|9.66
G033_2,doublet,yaw,6618794.2,6618800.6,6.4,19.78|14.95
G033_2,step,yaw,6618802.81,6618807.0,4.19,25.06
G033_2,step,yaw,6618808.1,6618824.7,16.6,25.2
G033_2,step,yaw,6618829.6,6618832.8,3.2,25.02
G033_2,step,yaw,6618833.3,6618838.6,5.3,25.07
G033_2,step,yaw,6618839.2,6618845.7,6.5,25.02
G033_2,doublet,yaw,6618849.49,6618854.3,4.21,11.24|15.24
G033_2,doublet,yaw,6618855.3,6618863.9,8.6,15.04|24.93
G033_2,step,yaw,6618866.0,6618872.0,6.0,24.95
G033_2,step,yaw,6618873.6,6618878.4,4.8,24.95
G033_2,step,yaw,6618879.5,6618884.3,4.8,21.85
G033_2,step,yaw,6618885.9,6618892.6,6.7,24.91
G033_2,step,yaw,6618894.0,6618904.2,10.2,25.02
G033_2,doublet,yaw,6618904.7,6618911.1,6.4,25.0|10.45
G033_2,doublet,yaw,6618913.87,6618919.2,3.83,10.05|9.66
G033_2,doublet,yaw,6618922.4,6618927.8,4.7,19.31|11.73
G033_2,3211,yaw,6618927.8,6618934.1,6.3,17.82|6.0|3.76|3.54
G033_2,step,yaw,6618934.1,6618939.1,5.0,21.74
G033_2,step,yaw,6618939.6,6618944.4,4.8,24.99
G033_2,doublet,yaw,6618944.4,6618946.6,2.2,11.03|19.16
G033_2,doublet,yaw,6618947.1,6618952.2,4.6,17.57|10.17
G033_2,doublet,yaw,6618955.209,6618960.5,4.59,23.88|7.49
G033_2,doublet,yaw,6618961.1,6618965.3,4.2,13.41|22.93
G033_2,doublet,yaw,6618965.9,6618971.3,5.3,20.39|11.74
G033_2,step,yaw,6618972.9,6618980.3,7.4,21.01
G033_2,step,yaw,6618983.1,6618990.8,7.7,24.96
G033_2,doublet,yaw,6618992.8,6618996.5,3.7,12.62|4.3
G033_2,step,yaw,6618997.0,6619001.2,4.2,25.07
G033_2,step,yaw,6619001.2,6619009.9,8.7,24.7
G033_2,doublet,yaw,6619009.9,6619013.6,3.7,24.61|23.24
G033_2,doublet,yaw,6619013.6,6619021.6,8.0,24.87|22.58
G033_2,doublet,yaw,6619029.7,6619037.2,6.8,18.91|15.29
G033_2,doublet,yaw,6619037.2,6619041.0,3.8,21.15|3.06
G033_2,doublet,yaw,6619041.0,6619044.8,3.8,5.6|12.63
G033_2,step,yaw,6619044.8,6619048.3,3.5,14.71
G033_2,step,yaw,6619048.57,6619052.4,3.83,11.88
G033_2,step,yaw,6619057.16,6619063.0,5.84,15.56
G033_2,step,yaw,6619066.6,6619072.1,5.5,15.91
G033_2,step,yaw,6619073.2,6619077.0,3.8,13.13
G033_2,step,yaw,6619078.6,6619087.2,8.6,22.17
G033_2,step,yaw,6619087.2,6619097.6,10.4,15.56
G033_2,doublet,yaw,6619100.0,6619103.2,2.4,9.1|8.9
G033_2,doublet,yaw,6619107.0,6619110.8,3.1,22.31|12.64
G033_2,doublet,yaw,6619115.0,6619119.4,2.8,7.26|18.03
G033_2,doublet,yaw,6619122.6,6619126.3,3.7,5.61|12.28
G033_2,doublet,yaw,6619129.5,6619135.3,4.2,14.91|4.48
G033_2,doublet,yaw,6619135.3,6619140.8,5.5,15.96|6.19
G033_2,doublet,yaw,6619140.8,6619144.0,3.2,12.34|9.49
G033_2,doublet,yaw,6619147.4,6619150.5,3.1,7.19|3.02
G033_2,doublet,yaw,6619152.1,6619155.8,2.9,10.77|3.01
G033_2,doublet,yaw,6619155.8,6619162.7,6.9,14.2|7.54
G033_2,doublet,yaw,6619164.4,6619175.9,10.6,20.52|8.5
G033_2,doublet,yaw,6619177.6,6619180.7,2.6,4.08|3.73
G033_2,step,yaw,6619183.2,6619189.6,6.4,10.29
G033_2,step,yaw,6619189.6,6619214.3,24.7,17.91
G033_2,step,yaw,6619214.3,6619220.7,6.4,4.08
G033_2,step,roll,6619238.7,6619281.1,42.4,4.66
G033_2,step,yaw,6619263.4,6619290.0,26.6,25.42
G033_2,step,roll,6619289.2,6619308.5,19.3,8.23
G033_2,doublet,yaw,6619290.5,6619295.3,4.8,21.36|12.76
G033_2,step,yaw,6619295.9,6619299.1,3.2,8.43
G033_2,step,yaw,6619299.6,6619302.8,3.2,9.0
G033_2,doublet,yaw,6619303.4,6619305.5,2.1,6.64|9.28
G033_2,doublet,yaw,6619305.5,6619309.5,3.6,8.2|11.92
G033_2,step,yaw,6619310.9,6619316.2,5.3,24.96
G033_2,step,yaw,6619320.0,6619344.2,24.2,24.98
G033_2,step,yaw,6619350.0,6619386.0,36.0,22.5
G033_2,step,yaw,6619386.4,6619389.7,3.3,19.19
G033_2,doublet,yaw,6619390.3,6619394.1,3.8,14.04|5.21
G033_2,step,yaw,6619394.1,6619410.7,16.6,12.68
G033_2,step,yaw,6619416.1,6619459.0,42.9,25.01
G033_2,doublet,yaw,6619459.0,6619461.2,2.2,9.05|9.23
G033_2,doublet,yaw,6619463.2,6619467.6,2.6,9.34|2.84
G033_2,doublet,yaw,6619467.6,6619473.0,4.8,13.82|13.27
G033_2,doublet,yaw,6619473.0,6619478.8,3.3,5.72|9.54
G033_2,doublet,yaw,6619478.8,6619481.0,2.2,2.3|2.87
G033_2,doublet,yaw,6619481.0,6619486.9,3.0,11.44|2.31
G033_2,step,yaw,6619492.6,6619496.0,3.4,2.62
G033_2,step,yaw,6619498.25,6619503.6,5.35,4.14
G033_2,step,yaw,6619508.9,6619517.0,8.1,24.92
G033_2,step,yaw,6619517.5,6619539.5,22.0,24.55
G033_2,step,yaw,6619541.7,6619559.9,18.2,8.1
G033_2,doublet,yaw,6619559.9,6619563.7,2.9,10.49|12.69
G033_2,step,yaw,6619565.1,6619569.9,4.8,14.51
G033_2,step,yaw,6619578.7,6619587.1,8.4,17.91
G033_2,step,yaw,6619588.9,6619596.0,7.1,13.8
G033_2,step,yaw,6619599.6,6619605.5,5.9,17.88
G033_2,step,yaw,6619606.0,6619619.2,13.2,15.96
G033_2,step,yaw,6619621.12,6619650.0,28.88,17.65
G033_2,step,yaw,6619650.0,6619661.3,11.3,14.59
G033_2,doublet,yaw,6619661.3,6619665.5,4.2,17.61|11.35
G033_2,step,yaw,6619666.0,6619679.0,13.0,21.81
G033_2,doublet,yaw,6619679.0,6619681.1,2.1,5.99|2.24
G033_2,doublet,yaw,6619681.1,6619687.1,5.2,16.09|7.73
G033_2,step,yaw,6619687.1,6619690.6,3.5,11.3
G033_2,step,yaw,6619696.2,6619699.9,3.7,8.86
G033_2,step,yaw,6619699.9,6619711.2,11.3,25.01
G033_2,step,yaw,6619713.9,6619716.9,3.0,15.74
G033_2,doublet,yaw,6619718.2,6619722.7,4.5,3.93|12.81
G033_2,doublet,yaw,6619723.6,6619726.8,2.6,9.36|15.49
G033_2,step,yaw,6619728.8,6619737.5,8.7,23.9
G033_2,doublet,yaw,6619739.7,6619742.9,3.2,19.36|9.11
G033_2,step,yaw,6619742.9,6619746.6,3.7,8.52
G033_3,step,yaw,7848859.9,7848903.2,43.3,25.1
G033_3,step,yaw,7848904.3,7848930.8,26.5,16.92
G033_3,step,roll,7848982.97,7848994.1,11.13,0.81
G033_3,step,roll,7849555.5,7849563.7,8.2,20.92
G033_3,step,roll,7849563.7,7849577.1,13.4,20.17
G033_3,step,roll,7849577.1,7849584.86,7.76,20.84
G033_3,step,roll,7849585.4,7849591.3,5.9,20.02
G033_3,step,pitch,7849646.6,7849655.5,8.9,24.55
G033_3,step,pitch,7849655.5,7849663.2,7.7,20.17
G033_3,step,pitch,7849663.2,7849669.6,6.4,24.56
G033_3,step,pitch,7849669.6,7849676.7,7.1,20.17
G033_3,step,yaw,7849696.4,7849706.6,10.2,23.89
G033_3,step,yaw,7849706.6,7849715.5,8.9,25.09
G033_3,step,yaw,7849715.5,7849724.4,8.9,23.95
G033_3,step,roll,7849941.9,7849955.9,14.0,1.0
G033_3,step,pitch,7849981.7,7850012.6,30.9,11.38
G033_3,step,pitch,7850085.3,7850104.4,19.1,23.31
G033_3,step,pitch,7850104.4,7850123.6,19.2,20.14
G033_3,step,pitch,7850124.8,7850144.0,19.2,23.37
G033_3,step,pitch,7850145.2,7850164.0,18.8,20.11
G033_3,step,roll,7850214.7,7850234.5,19.8,19.42
G033_3,step,roll,7850235.1,7850245.5,10.4,19.66
G033_3,step,yaw,7850326.3,7850344.2,17.9,24.43
G033_3,step,yaw,7850344.2,7850364.6,20.4,24.96
G033_3,step,yaw,7850365.7,7850381.1,15.4,1.07
G033_3,step,yaw,7850382.4,7850400.3,17.9,24.51
G033_3,step,yaw,7850400.3,7850420.7,20.4,24.98
G033_3,step,yaw,7850421.9,7850439.8,17.9,24.47
G033,step,roll,6616921.7,6616933.8,12.1,1.62
G033,step,yaw,6617405.5,6617424.8,19.3,19.27
G033,step,roll,6617409.4,6617416.9,7.5,2.77
G033,step,roll,6617421.6,6617429.7,8.1,0.84
G033,step,roll,6617458.1,6617463.5,5.4,1.15
G033,step,roll,6617463.77,6617507.7,43.93,2.45
G033,step,roll,6617507.7,6617511.0,3.3,1.63
G033,step,yaw,6617525.8,6617610.1,84.3,24.53
G033,step,yaw,6617950.7,6617955.2,4.5,19.28
G033,step,yaw,6617956.3,6617964.1,7.8,17.63
G033,step,yaw,6617967.5,6617985.3,17.8,24.33
G033,step,yaw,6617985.3,6618008.7,23.4,24.5
G033,step,yaw,6618008.7,6618033.2,24.5,24.87
G034,step,yaw,8693025.599,8693051.9,26.3,17.26
G034,doublet,roll,8693312.7,8693324.9,11.7,20.57|21.11
G034,doublet,roll,8693331.8,8693342.9,11.1,21.61|20.84
G034,step,pitch,8693378.0,8693384.3,6.3,24.64
G034,step,pitch,8693384.3,8693390.3,6.0,20.09
G034,doublet,yaw,8693422.5,8693435.8,12.0,23.87|25.16
G034,step,pitch,8693623.099,8693641.2,18.1,23.24
G034,step,pitch,8693642.2,8693661.3,19.1,20.13
G034,step,roll,8693828.5,8693847.0,18.5,19.48
G034,step,yaw,8694034.9,8694052.9,18.0,24.5
G034,step,yaw,8694054.0,8694073.7,19.7,24.9
G034,step,yaw,8694164.4,8694183.5,19.1,24.55
G034,step,yaw,8694183.5,8694203.599,20.1,24.89
G034,step,yaw,8694447.9,8694485.2,37.3,1.2
G034,step,pitch,8694448.8,8694486.0,37.2,20.12
G036_2,step,yaw,10842315.6,10842333.0,17.4,1.09
G036_2,step,roll,10842331.8,10842353.6,21.8,5.01
G036_2,step,pitch,10842453.3,10842470.6,17.3,20.05
G036_2,step,yaw,10842473.9,10842502.8,28.9,0.83
G036_2,step,pitch,10842477.5,10842515.1,37.6,20.05
G036_2,step,roll,10842479.8,10842499.2,19.4,10.82
G036_2,step,roll,10842515.6,10842599.0,83.4,8.12
G036_2,step,yaw,10842522.9,10842536.7,13.8,0.83
G036_2,step,yaw,10842539.0,10842555.3,16.3,0.83
G036_2,step,yaw,10842559.2,10842578.1,18.9,0.83
G036_2,step,yaw,10842788.0,10842813.6,25.6,0.83
G036_2,step,yaw,10842819.3,10842833.1,13.8,0.83
G036_2,step,yaw,10842854.0,10842869.3,15.3,0.83
G036_2,step,yaw,10842880.6,10842907.7,27.1,0.83
G036_2,step,roll,10842911.7,10842926.7,15.0,2.6
G036_2,step,pitch,10842919.9,10842965.7,45.8,20.05
G036_2,step,yaw,10842945.9,10842964.9,19.0,0.84
G036_2,step,roll,10842956.7,10842971.0,14.3,2.0
G036_2,step,pitch,10842980.4,10843005.3,24.9,23.2
G036_2,step,yaw,10843001.4,10843070.6,69.2,0.83
G036_2,step,pitch,10843005.3,10843071.0,65.7,20.05
G036_2,step,yaw,10843171.2,10843232.2,61.0,0.83
G036_2,step,yaw,10843248.9,10843266.7,17.8,0.82
G036_2,step,yaw,10843325.7,10843350.1,24.4,0.83
G036_2,step,yaw,10843486.0,10843503.1,17.1,0.82
G036_2,step,yaw,10843565.6,10843599.2,33.6,0.83
G036_2,step,pitch,10843566.7,10843599.5,32.8,20.05
G036_2,step,yaw,10843624.3,10843641.9,17.6,0.83
G036_2,step,yaw,10843659.0,10843674.9,15.9,0.83
G036_2,step,yaw,10843680.7,10843700.5,19.8,0.83
G036_2,step,pitch,10843702.3,10843721.9,19.6,20.05
G036_2,step,pitch,10843730.4,10843809.7,79.3,20.05
G036_2,step,yaw,10843755.6,10843773.4,17.8,0.82
G036_2,step,yaw,10843825.0,10843853.4,28.4,0.83
G036_2,step,yaw,10843858.1,10843881.3,23.2,0.83
G036_2,step,yaw,10843889.3,10843924.8,35.5,0.83
G036_2,step,yaw,10843988.3,10844018.9,30.6,0.84
G036_2,step,yaw,10844030.2,10844111.9,81.7,0.84
G036_2,step,yaw,10844114.5,10844145.0,30.5,0.83
G036_2,step,yaw,10844240.5,10844309.3,68.8,0.83
G036_2,step,yaw,10844324.5,10844369.3,44.8,0.83
G036_2,step,yaw,10844473.6,10844495.5,21.9,0.83
G036_2,step,yaw,10844501.6,10844552.2,50.6,0.84
G036_2,step,yaw,10844558.3,10844573.7,15.4,0.83
G036_2,step,yaw,10844628.5,10844658.5,30.0,0.83
G036_2,step,yaw,10844797.3,10844816.2,18.9,0.83
G036_2,step,yaw,10844839.5,10844858.2,18.7,0.83
G036_2,step,yaw,10844860.5,10844901.2,40.7,0.84
G036_2,step,yaw,10845021.8,10845105.8,84.0,0.84
G036_2,step,yaw,10845233.6,10845293.6,60.0,0.83
G036_2,step,yaw,10845797.5,10845844.1,46.6,0.83
G036_2,step,yaw,10845847.7,10845869.3,21.6,0.84
G036_2,step,yaw,10845895.5,10845910.9,15.4,0.83
G036_2,step,yaw,10845917.0,10845934.7,17.7,0.83
G036_2,step,yaw,10846495.9,10846519.5,23.6,0.83
G036_2,step,yaw,10846530.68,10846547.9,17.22,0.83
G036_2,step,yaw,10846620.9,10846644.0,23.1,0.83
G036_2,step,yaw,10846659.7,10846679.0,19.3,0.83
G036_2,step,yaw,10846692.3,10846748.5,56.2,0.83
G036_2,step,yaw,10846758.0,10846794.7,36.7,0.83
G036_2,step,yaw,10847219.1,10847249.0,29.9,0.83
G036_2,step,yaw,10847254.2,10847273.3,19.1,0.83
G036_2,step,yaw,10847275.8,10847289.6,13.8,0.83
G036_2,step,yaw,10847782.6,10847822.4,39.8,0.83
G036_2,step,yaw,10847825.6,10847893.7,68.1,0.84
G036_2,step,yaw,10848013.5,10848047.1,33.6,0.84
G036_2,step,yaw,10848053.1,10848140.4,87.3,1.64
G036,step,roll,10768672.8,10768725.7,52.9,2.33
G036,step,roll,10768726.4,10768733.7,7.3,1.13
G036,step,pitch,10768806.2,10768828.2,22.0,20.05
G036,step,yaw,10769101.3,10769133.6,32.3,16.7
G036,step,roll,10769399.7,10769405.5,5.8,20.76
G036,step,pitch,10769511.2,10769518.3,7.1,24.69
G036,step,yaw,10769541.8,10769550.2,8.4,23.72
G036,step,yaw,10769552.1,10769559.4,7.3,25.19
G036,step,yaw,10769570.1,10769576.4,6.3,25.2
G036,step,yaw,10769578.6,10769585.8,7.2,23.81
G036,step,pitch,10769744.4,10769763.2,18.8,23.37
G036,step,pitch,10769764.0,10769782.9,18.9,20.04
G036,step,yaw,10770082.0,10770100.0,18.0,24.4
G036,step,yaw,10770100.8,10770120.8,20.0,25.0
G036,step,yaw,10770234.0,10770242.7,8.7,1.36
G036,step,pitch,10770234.3,10770242.7,8.4,20.04
G037,step,roll,11986232.6,11986264.3,31.7,12.1
G037,step,yaw,11986706.2,11986736.9,30.7,25.13
G037,step,roll,11987008.7,11987027.1,18.4,20.83
G037,step,roll,11987027.1,11987045.4,18.3,19.9
G037,step,pitch,11987084.2,11987101.9,17.7,24.71
G037,step,pitch,11987101.9,11987111.2,9.3,20.04
G037,step,yaw,11987142.2,11987151.3,9.1,25.17
G037,step,yaw,11987152.5,11987161.8,9.3,23.9
G037,step,pitch,11987335.0,11987353.7,18.7,23.39
G037,step,pitch,11987354.6,11987374.1,19.5,20.04
G037,step,roll,11987491.5,11987511.1,19.6,19.57
G037,step,roll,11987511.5,11987518.4,6.9,11.57
G037,step,yaw,11987678.7,11987697.4,18.7,24.48
G037,step,yaw,11987698.3,11987717.9,19.6,24.99
G037,step,pitch,11987934.4,11987937.4,3.0,20.03
S002,step,yaw,19489676.6,19489682.4,5.8,21.11
S002,step,yaw,19489683.5,19489696.8,13.3,7.97
S002,step,yaw,19489699.9,19489710.9,11.0,13.66
S002,step,yaw,19489718.0,19489722.5,4.5,15.28
S002,step,yaw,19489729.77,19489766.7,36.93,10.92
S002,step,yaw,19489772.2,19489782.0,9.8,6.89
S002,step,yaw,19489782.9,19489803.8,20.9,9.3
S002,step,yaw,19489804.9,19489809.9,5.0,8.77
S002,step,yaw,19489811.1,19489822.5,11.4,6.96
S002,step,yaw,19489823.7,19489849.18,25.48,22.94
S002,step,yaw,19490431.8,19490495.9,64.1,15.14
S002,step,yaw,19490500.4,19490511.5,11.1,7.97
S002,step,yaw,19490512.8,19490520.5,7.7,7.32
S002,step,yaw,19490520.5,19490532.8,12.3,9.81
S002,step,yaw,19490690.6,19490696.7,6.1,5.49
S002,step,yaw,19490699.1,19490770.2,71.1,23.94
S002,step,yaw,19490773.5,19490778.4,4.9,11.76
S002,step,yaw,19490779.5,19490800.5,21.0,15.1
S002,step,yaw,19490811.2,19490833.6,22.4,6.15
S002,step,pitch,19490827.7,19490858.6,30.9,5.46
S002,step,yaw,19490836.4,19490843.0,6.6,1.37
S002,step,roll,19490863.6,19490867.7,4.1,2.6
S002,step,roll,19490869.6,19490874.1,4.5,3.65
S002,step,yaw,19490888.2,19490931.0,42.8,2.75
S002,step,pitch,19490910.1,19490913.8,3.7,2.15
S002,step,roll,19490917.2,19490920.8,3.6,5.24
S002,step,pitch,19490918.3,19490924.9,6.6,2.86
S002,step,roll,19490921.6,19490928.3,6.7,2.88
S002,step,yaw,19490933.8,19490952.5,18.7,1.87
S002,step,pitch,19490935.6,19490940.8,5.2,1.96
S002,step,roll,19490936.6,19490941.5,4.9,3.09
S002,step,pitch,19490941.5,19490946.6,5.1,2.4
S002,step,roll,19490942.8,19490946.5,3.7,3.33
S002,step,roll,19490947.9,19490953.8,5.9,5.56
S002,step,roll,19490964.3,19490968.1,3.8,2.92
S002,step,yaw,19490987.2,19490999.9,12.7,1.35
S002,step,yaw,19491042.3,19491047.1,4.8,1.54
S002,step,roll,19491100.8,19491117.3,16.5,3.07
S002,step,yaw,19491153.9,19491160.2,6.3,1.38
S002,step,roll,19491169.6,19491177.0,7.4,3.03
S002,step,yaw,19491181.4,19491185.0,3.6,1.03
S002,step,roll,19491202.5,19491206.8,4.3,2.31
S002,step,yaw,19491265.5,19491305.3,39.8,1.36
S002,step,roll,19491281.0,19491288.7,7.7,1.41
S002,step,yaw,19491307.8,19491327.8,20.0,1.38
S002,step,roll,19491308.6,19491313.0,4.4,2.3
S002,step,roll,19491316.4,19491321.6,5.2,1.54
S002,step,yaw,19491328.57,19491346.8,18.23,1.56
S002,step,yaw,19491352.6,19491358.7,6.1,1.04
S002,step,roll,19491355.6,19491359.5,3.9,1.05
S002,step,yaw,19491359.2,19491367.2,8.0,1.03
S002,step,yaw,19491369.4,19491402.6,33.2,7.55
S002,step,roll,19491370.5,19491401.5,31.0,6.25
S002,step,roll,19491412.5,19491417.3,4.8,2.84
S002,step,roll,19491427.5,19491486.6,59.1,8.42
S002,step,pitch,19491467.89,19491480.0,12.11,2.02
S002,step,roll,19491493.3,19491498.8,5.5,1.3
S002,step,roll,19491502.1,19491511.0,8.9,1.11
S002,step,yaw,19491538.5,19491592.4,53.9,1.67
S002,step,roll,19491548.5,19491558.3,9.8,1.7
S002,step,roll,19491561.8,19491576.2,14.4,1.35
S002,step,roll,19491588.3,19491597.9,9.6,2.45
S002,step,roll,19491646.0,19491655.3,9.3,2.71
S002,step,yaw,19491667.1,19491673.7,6.6,1.05
S002,step,roll,19491691.2,19491697.8,6.6,2.0
S002,step,yaw,19491691.2,19491716.6,25.4,1.65
S002,step,roll,19491717.7,19491752.4,34.7,6.77
S002,step,yaw,19491718.8,19491756.4,37.6,7.84
S002,step,roll,19491770.8,19491818.1,47.3,8.17
S002,step,roll,19491820.2,19491825.5,5.3,1.37
S002,step,roll,19491826.6,19491830.5,3.9,1.4
S002,step,roll,19491831.6,19491838.2,6.6,1.98
S002,step,roll,19491846.3,19491850.4,4.1,1.76
S002,step,roll,19491853.3,19491859.0,5.7,1.85
S002,doublet,roll,19491861.4,19491877.5,10.6,3.69|2.03
S002,step,yaw,19491866.4,19491902.4,36.0,1.42
S002,step,roll,19491879.1,19491905.2,26.1,2.94
S002,step,yaw,19491905.7,19491979.8,74.1,2.28
S002,step,roll,19491909.7,19491914.3,4.6,3.62
S002,step,roll,19491915.6,19491921.2,5.6,1.36
S002,step,roll,19491925.6,19491943.3,17.7,2.45
S002,step,roll,19491953.2,19491977.6,24.4,1.59
S002,step,roll,19491980.9,19492012.9,32.0,3.91
S002,step,yaw,19491980.9,19492014.0,33.1,5.06
S002,step,roll,19492018.5,19492022.6,4.1,1.44
S002,step,roll,19492025.1,19492042.8,17.7,2.04
S002,step,roll,19492046.0,19492051.6,5.6,1.81
S002,step,roll,19492053.9,19492066.0,12.1,1.19
S002,step,roll,19492067.1,19492112.4,45.3,7.09
S002,step,roll,19492114.7,19492130.1,15.4,3.79
S002,step,roll,19492133.5,19492140.8,7.3,2.99
S002,step,roll,19492143.4,19492147.2,3.8,1.34
S002,step,roll,19492147.8,19492157.6,9.8,1.72
S002,step,roll,19492161.1,19492166.7,5.6,1.53
S002,step,roll,19492169.9,19492173.7,3.8,1.34
S002,step,roll,19492181.0,19492194.1,13.1,3.03
S002,step,roll,19492197.6,19492256.6,59.0,2.78
S002,step,roll,19492257.3,19492278.1,20.8,2.88
S002,step,roll,19492279.4,19492362.2,82.8,2.98
S002,step,roll,19492367.9,19492400.9,33.0,3.56
S002,step,roll,19492411.0,19492443.0,32.0,1.39
S002,step,roll,19492445.6,19492503.8,58.2,7.29
S002,step,yaw,19492446.4,19492507.1,60.7,8.77
S002,step,roll,19492510.5,19492550.3,39.8,4.18
S002,step,roll,19492551.4,19492555.8,4.4,1.9
S002,step,roll,19492564.3,19492578.0,13.7,1.32
S002,step,roll,19492592.3,19492602.3,10.0,1.37
S002,step,roll,19492631.0,19492639.8,8.8,1.43
S002,step,roll,19492643.2,19492706.2,63.0,7.01
S002,step,roll,19492708.4,19492722.8,14.4,2.33
S002,step,roll,19492726.1,19492730.5,4.4,2.14
S002,step,roll,19492732.7,19492736.6,3.9,2.2
S002,step,yaw,19492742.73,19492747.9,5.17,2.2
S002,step,yaw,19492749.2,19492755.0,5.8,1.16
S002,step,yaw,19492756.0,19492780.6,24.6,3.92
S002,step,roll,19492757.5,19492761.4,3.9,3.71
S002,step,roll,19492768.1,19492772.5,4.4,6.27
S011,step,yaw,21650587.4,21650600.3,12.9,2.03
S011,step,yaw,21650601.3,21650609.2,7.9,1.11
S011,step,yaw,21650637.5,21650701.8,64.3,13.47
S011,step,yaw,21650705.8,21650734.1,28.3,4.14
S011,step,yaw,21650737.8,21650744.0,6.2,4.01
S011,step,yaw,21650745.6,21650757.7,12.1,4.09
S011,step,yaw,21650758.5,21650766.2,7.7,4.15
S011,step,yaw,21650766.2,21650772.0,5.8,7.18
S011,step,yaw,21650775.1,21650833.1,58.0,6.41
S011,step,yaw,21650833.1,21650852.4,19.3,15.0
S011,step,yaw,21650857.6,21650875.6,18.0,3.45
S011,doublet,yaw,21650875.6,21650881.5,5.9,3.65|6.3
S011,step,yaw,21650882.0,21650887.6,5.6,6.04
S011,step,roll,21650902.4,21650905.9,3.5,3.39
S011,step,pitch,21650903.9,21650977.0,73.1,7.05
S011,step,roll,21650926.9,21650942.9,16.0,3.65
S011,doublet,roll,21650944.9,21650951.5,6.6,3.5|1.43
S011,step,roll,21650952.7,21650963.8,11.1,3.43
S011,step,roll,21650964.4,21650968.8,4.4,2.4
S011,step,roll,21650969.519,21651000.1,30.58,2.33
S011,step,pitch,21650986.9,21650996.5,9.6,1.99
S011,step,roll,21651001.1,21651023.0,21.9,2.29
S011,step,pitch,21651010.9,21651015.7,4.8,1.8
S011,step,pitch,21651018.42,21651023.0,4.58,1.72
S011,step,pitch,21651023.6,21651028.7,5.1,1.71
S011,step,roll,21651025.7,21651062.6,36.9,1.81
S011,step,pitch,21651035.1,21651039.9,4.8,1.77
S011,step,pitch,21651045.2,21651049.9,4.7,2.03
S011,step,pitch,21651051.3,21651055.3,4.0,1.79
S011,step,pitch,21651064.7,21651068.1,3.4,2.2
S011,step,roll,21651065.4,21651078.8,13.4,2.31
S011,step,roll,21651080.9,21651084.6,3.7,1.61
S011,step,roll,21651085.3,21651094.3,9.0,2.36
S011,step,roll,21651096.8,21651114.4,17.6,1.95
S011,step,roll,21651114.9,21651120.0,5.1,1.49
S011,step,roll,21651121.3,21651133.8,12.5,1.46
S011,step,roll,21651136.7,21651150.9,14.2,1.96
S011,step,roll,21651154.7,21651159.9,5.2,1.62
S011,step,roll,21651164.7,21651174.0,9.3,2.72
S011,step,roll,21651175.3,21651198.5,23.2,2.38
S011,step,yaw,21651220.3,21651226.5,6.2,1.08
S011,step,roll,21651325.8,21651330.9,5.1,1.08
S011,step,roll,21651338.7,21651354.1,15.4,2.7
S011,step,roll,21651367.0,21651371.3,4.3,1.68
S011,step,roll,21651415.9,21651419.7,3.8,2.44
S011,step,roll,21651431.3,21651435.2,3.9,4.67
S011,doublet,roll,21651507.2,21651520.1,8.9,1.71|2.52
S011,step,roll,21651535.5,21651539.0,3.5,1.67
S011,step,roll,21651728.5,21651733.6,5.1,2.09
S011,step,roll,21651736.2,21651750.3,14.1,2.64
S011,step,roll,21651756.8,21651763.2,6.4,1.34
S011,step,roll,21651768.1,21651772.2,4.1,0.92
S011,step,roll,21651778.6,21651791.5,12.9,2.57
S011,step,roll,21651797.9,21651806.9,9.0,1.05
S011,step,roll,21651812.1,21651818.2,6.1,1.03
S011,step,roll,21651821.1,21651830.1,9.0,0.96
S011,step,roll,21651836.5,21651839.7,3.2,0.95
S011,step,roll,21651869.6,21651875.1,5.5,1.36
S011,step,roll,21651889.3,21651893.1,3.8,1.51
S011,step,roll,21651903.0,21651907.3,4.3,1.08
S011,step,roll,21651951.0,21651955.2,4.2,1.27
S011,step,roll,21651975.4,21651987.0,11.6,1.07
S011,step,roll,21651992.8,21651996.0,3.2,0.89
S011,step,roll,21651999.9,21652011.5,11.6,0.92
S011,step,roll,21652017.9,21652024.3,6.4,0.9
S011,step,roll,21652037.1,21652042.8,5.7,1.04
S011,step,roll,21652043.6,21652048.7,5.1,0.98
S011,step,roll,21652052.69,21652056.3,3.61,0.88
S011,step,roll,21652062.9,21652068.6,5.7,0.91
S011,step,roll,21652076.9,21652080.9,4.0,0.85
S011,step,roll,21652083.5,21652089.0,5.5,2.38
S011,step,roll,21652089.9,21652098.9,9.0,3.9
S011,step,roll,21652103.3,21652116.9,13.6,1.37
S011,step,roll,21652120.8,21652125.9,5.1,1.35
S011,doublet,roll,21652135.0,21652142.3,4.7,1.45|1.14
S011,step,roll,21652147.3,21652153.8,6.5,1.19
S011,step,roll,21652178.7,21652189.0,10.3,1.17
S011,step,roll,21652192.8,21652208.2,15.4,1.03
S011,step,roll,21652210.5,21652215.8,5.3,0.97
S011,step,roll,21652217.3,21652221.0,3.7,1.25
S011,step,roll,21652223.7,21652227.6,3.9,1.47
S011,step,roll,21652229.9,21652233.9,4.0,1.05
S011,step,roll,21652237.9,21652255.9,18.0,1.24
S011,step,roll,21652256.8,21652263.6,6.8,1.29
S011,step,roll,21652267.5,21652271.3,3.8,1.34
S011,step,roll,21652272.6,21652285.3,12.7,1.37
S011,step,roll,21652304.3,21652309.8,5.5,1.14
S011,step,roll,21652311.2,21652315.9,4.7,1.32
S011,step,roll,21652316.39,21652333.9,17.51,1.86
S011,step,roll,21652338.26,21652343.5,5.24,1.79
S011,step,roll,21652344.6,21652348.5,3.9,1.18
S011,step,roll,21652358.839,21652362.0,3.16,1.45
S011,step,roll,21652366.5,21652382.2,15.7,1.33
S011,step,roll,21652383.28,21652393.5,10.22,1.13
S011,step,roll,21652394.8,21652400.9,6.1,1.82
S011,step,roll,21652401.3,21652425.7,24.4,3.62
S011,step,roll,21652434.7,21652440.9,6.2,1.14
S011,step,roll,21652455.3,21652460.4,5.1,1.27
S011,step,roll,21652463.0,21652475.9,12.9,2.64
S011,step,roll,21652478.4,21652484.9,6.5,2.35
S011,step,roll,21652490.0,21652502.9,12.9,2.11
S011,step,roll,21652510.6,21652532.5,21.9,3.6
S011,step,roll,21652537.6,21652541.2,3.6,2.11
S011,step,roll,21652553.0,21652558.2,5.2,2.51
S011,step,roll,21652563.2,21652567.2,4.0,1.32
S011,step,roll,21652569.8,21652578.8,9.0,2.75
S011,step,roll,21652585.8,21652619.9,34.1,1.49
S011,step,roll,21652622.3,21652655.6,33.3,2.45
S011,step,roll,21652657.2,21652661.1,3.9,1.65
S011,step,roll,21652662.4,21652668.1,5.7,1.8
S011,step,roll,21652670.15,21652675.2,5.05,2.04
S011,step,roll,21652685.58,21652695.8,10.22,2.93
S011,step,roll,21652702.3,21652708.4,6.1,3.12
S011,step,roll,21652708.8,21652713.6,4.8,3.91
S011,step,roll,21652714.2,21652721.5,7.3,4.75
S011,doublet,yaw,21652716.4,21652720.9,4.5,2.97|7.76
S011,step,yaw,21652729.1,21652732.9,3.8,1.98
S011,step,yaw,21652734.0,21652788.7,54.7,14.04
S011,step,yaw,21652796.23,21652807.3,11.07,2.86
S011,step,yaw,21652808.4,21652828.3,19.9,4.53
S011,step,yaw,21652829.6,21652839.7,10.1,9.38
S011,step,yaw,21652840.7,21652843.8,3.1,4.29
S011,step,yaw,21652848.9,21652874.1,25.2,7.6
S042_2,step,roll,11116654.06,11116660.0,5.94,1.97
S042_2,step,roll,11116661.5,11116666.7,5.2,3.76
S042_2,step,yaw,11116792.0,11116821.3,29.3,25.77
S042_2,step,roll,11116821.7,11116827.7,6.0,1.07
S042_2,step,yaw,11116822.9,11116837.3,14.4,20.07
S042_2,step,yaw,11116838.8,11116844.8,6.0,18.24
S042_2,step,yaw,11116849.2,11116860.9,11.7,25.12
S042_2,step,yaw,11116860.9,11116865.7,4.8,20.81
S042_2,step,roll,11116865.8,11116871.0,5.2,1.6
S042_2,step,yaw,11116871.7,11116875.3,3.6,6.76
S042_2,step,roll,11116883.6,11116892.1,8.5,5.05
S042_2,step,yaw,11116892.7,11116896.4,3.7,1.47
S042_2,step,yaw,11116915.0,11116924.089,9.09,6.48
S042_2,step,roll,11116915.7,11116919.3,3.6,0.87
S042_2,step,yaw,11116925.2,11116933.7,8.5,24.84
S042_2,step,roll,11116927.6,11116947.6,20.0,3.77
S042_2,step,yaw,11116935.5,11116943.7,8.2,9.75
S042_2,step,yaw,11116945.5,11116953.6,8.1,12.68
S042_2,step,roll,11116951.1,11116955.1,4.0,2.98
S042_2,step,yaw,11116955.2,11116965.0,9.8,7.82
S042_2,step,yaw,11116966.7,11116973.8,7.1,7.7
S042_2,step,roll,11116971.6,11116975.2,3.6,1.92
S042_2,step,yaw,11116975.0,11116996.6,21.6,8.46
S042_2,step,roll,11116987.1,11117005.5,18.4,1.25
S042_2,step,yaw,11116997.8,11117006.7,8.9,6.67
S042_2,step,roll,11117006.3,11117009.9,3.6,1.07
S042_2,step,yaw,11117007.36,11117015.2,7.84,6.28
S042_2,step,roll,11117010.9,11117015.9,5.0,0.98
S042_2,step,yaw,11117017.1,11117030.0,12.9,6.24
S042_2,step,roll,11117019.1,11117023.5,4.4,0.95
S042_2,step,roll,11117024.0,11117038.2,14.2,2.13
S042_2,step,yaw,11117031.1,11117078.7,47.6,9.57
S042_2,step,roll,11117070.5,11117146.5,76.0,3.93
S042_2,step,yaw,11117079.4,11117085.8,6.4,24.44
S042_2,step,yaw,11117088.2,11117102.5,14.3,25.44
S042_2,step,yaw,11117104.3,11117109.7,5.4,3.4
S042_2,step,yaw,11117110.8,11117117.4,6.6,10.11
S042_2,step,yaw,11117118.9,11117129.2,10.3,8.69
S042_2,step,yaw,11117146.5,11117150.1,3.6,5.41
S042_2,step,roll,11117148.9,11117189.3,40.4,2.65
S042_2,step,yaw,11117163.1,11117167.1,4.0,9.95
S042_2,step,yaw,11117176.2,11117211.2,35.0,15.98
S042_2,step,roll,11117203.6,11117241.8,38.2,2.45
S042_2,step,yaw,11117211.2,11117217.9,6.7,6.46
S042_2,step,yaw,11117221.4,11117252.4,31.0,18.28
S042_2,step,roll,11117241.8,11117251.2,9.4,3.66
S042_2,step,roll,11117253.5,11117275.0,21.5,6.01
S042_2,step,yaw,11117260.0,11117263.9,3.9,1.67
S042_2,step,pitch,11117271.3,11117275.0,3.7,3.65
S042_2,step,roll,11117279.7,11117316.6,36.9,5.18
S042_2,step,roll,11117317.5,11117330.9,13.4,2.8
S042_2,step,roll,11117335.6,11117348.7,13.1,3.32
S042_2,step,roll,11117349.9,11117369.6,19.7,3.1
S042_2,step,roll,11117373.7,11117380.0,6.3,1.46
S042_2,step,roll,11117381.8,11117396.1,14.3,2.17
S042_2,step,roll,11117397.8,11117426.6,28.8,2.13
S042_2,step,roll,11117432.04,11117461.8,29.76,2.19
S042_2,step,roll,11117462.9,11117477.2,14.3,1.7
S042_2,step,roll,11117478.4,11117553.1,74.7,2.65
S042_2,step,roll,11117554.5,11117594.9,40.4,2.08
S042_2,step,roll,11117598.5,11117610.4,11.9,1.28
S042_2,step,roll,11117616.4,11117652.8,36.4,2.12
S042_2,step,roll,11117654.4,11117700.9,46.5,1.78
S042_2,step,roll,11117702.0,11117736.8,34.8,1.65
S042_2,step,roll,11117737.8,11117759.3,21.5,2.33
S042_2,step,roll,11117760.3,11117789.9,29.6,1.88
S042_2,step,yaw,11117788.9,11117823.0,34.1,1.79
S042_2,step,roll,11117823.3,11117849.5,26.2,4.51
S042_2,step,roll,11117867.4,11117891.4,24.0,2.32
S042_2,step,roll,11117892.3,11117913.4,21.1,1.82
S042_2,step,roll,11117914.9,11117929.3,14.4,1.63
S042_2,step,roll,11117931.6,11117940.4,8.8,1.43
S042_2,step,roll,11117941.6,11117980.4,38.8,1.35
S042_2,step,roll,11117983.9,11117989.9,6.0,1.98
S042_2,step,roll,11117999.4,11118011.2,11.8,1.53
S042_2,step,roll,11118016.2,11118027.6,11.4,1.38
S042_2,step,roll,11118029.0,11118043.6,14.6,2.17
S042_2,step,roll,11118045.8,11118051.7,5.9,0.94
S042_2,step,roll,11118052.8,11118074.1,21.3,1.39
S042_2,step,roll,11118079.1,11118088.4,9.3,1.19
S042_2,step,roll,11118101.7,11118106.4,4.7,0.98
S042_2,step,yaw,11118107.6,11118138.0,30.4,1.75
S042_2,step,roll,11118138.6,11118149.3,10.7,2.91
S042_2,step,roll,11118156.4,11118161.3,4.9,2.18
S042_2,step,roll,11118162.4,11118226.3,63.9,1.42
S042_2,step,roll,11118227.8,11118237.3,9.5,1.1
S042_2,step,roll,11118240.9,11118245.6,4.7,0.89
S042_2,step,yaw,11118246.7,11118294.9,48.2,1.6
S042_2,step,roll,11118262.8,11118308.9,46.1,5.76
S042_2,doublet,roll,11118337.2,11118353.9,11.9,2.07|1.48
S042_2,step,yaw,11118375.3,11118458.2,82.9,1.96
S042_2,step,roll,11118458.6,11118465.7,7.1,2.93
S042_2,step,roll,11118465.7,11118484.7,19.0,4.77
S042_2,step,roll,11118512.1,11118519.2,7.1,1.63
S042_2,step,roll,11118533.0,11118538.2,5.2,1.11
S042_2,step,roll,11118545.4,11118557.3,11.9,1.18
S042_2,step,pitch,11118560.3,11118564.6,4.3,1.93
S042_2,step,pitch,11118565.6,11118580.8,15.2,1.86
S042_2,doublet,roll,11118581.1,11118594.2,12.0,2.02|3.99
S042_2,step,pitch,11118586.5,11118591.8,5.3,1.77
S042_2,step,roll,11118598.9,11118603.7,4.8,1.85
S042_2,step,roll,11118610.8,11118615.5,4.7,1.18
S042_2,step,pitch,11118612.1,11118615.9,3.8,1.94
S042_2,step,pitch,11118619.3,11118632.3,13.0,2.45
S042_2,step,roll,11118632.2,11118638.2,6.0,1.18
S042_2,step,pitch,11118633.1,11118648.5,15.4,2.2
S042_2,step,roll,11118643.0,11118647.5,4.5,0.84
S042_2,step,pitch,11118649.9,11118725.2,75.3,2.07
S042_2,step,roll,11118656.0,11118734.5,78.5,5.01
S042_2,step,yaw,11118667.9,11118724.7,56.8,2.69
S042_2,step,pitch,11118726.2,11118738.1,11.9,3.07
S042_2,step,roll,11118734.5,11118739.3,4.8,1.76
S042_2,step,roll,11118739.3,11118765.6,26.3,2.58
S042_2,step,roll,11118767.9,11118820.1,52.2,1.27
S042_2,step,roll,11118832.1,11118857.3,25.2,1.09
S042_2,step,roll,11118858.3,11118870.2,11.9,1.0
S042_2,step,pitch,11118872.7,11118888.9,16.2,2.2
S042_2,step,yaw,11118885.4,11118905.2,19.8,1.66
S042_2,step,pitch,11118905.3,11118916.0,10.7,2.57
S042_2,step,roll,11118905.8,11118911.8,6.0,2.2
S042_2,step,roll,11118911.8,11118928.5,16.7,5.2
S042_2,step,yaw,11118915.5,11118921.3,5.8,1.35
S042_2,step,pitch,11118921.0,11118933.8,12.8,2.13
S042_2,step,roll,11118946.3,11118961.0,14.7,2.6
S042_2,step,roll,11118961.7,11118966.5,4.8,1.71
S042_2,step,roll,11118967.7,11119033.1,65.4,8.32
S042_2,step,yaw,11119008.1,11119028.3,20.2,1.25
S042_2,step,roll,11119041.4,11119049.8,8.4,1.87
S042_2,step,roll,11119058.1,11119083.1,25.0,5.72
S042_2,step,roll,11119116.4,11119125.0,8.6,1.32
S042_2,step,roll,11119125.9,11119129.9,4.0,1.62
S042_2,step,roll,11119137.6,11119150.9,13.3,1.39
S042_2,step,roll,11119154.4,11119192.2,37.8,1.41
S042_2,step,roll,11119196.1,11119219.9,23.8,1.32
S042_2,step,roll,11119228.2,11119242.5,14.3,1.64
S042_2,step,roll,11119246.1,11119261.1,15.0,1.32
S042_2,step,roll,11119262.7,11119274.6,11.9,1.19
S042_2,step,roll,11119279.4,11119343.6,64.2,1.52
S042_2,step,yaw,11119340.1,11119397.3,57.2,1.56
S042_2,step,roll,11119349.5,11119404.3,54.8,8.75
S042_2,step,roll,11119412.6,11119461.0,48.4,3.2
S042_2,step,roll,11119480.4,11119484.0,3.6,1.34
S042_2,step,roll,11119486.3,11119519.7,33.4,2.4
S042_2,step,yaw,11119519.6,11119559.8,40.2,1.54
S042_2,step,roll,11119543.4,11119548.2,4.8,0.84
S042_2,step,roll,11119560.1,11119564.9,4.8,5.34
S042_2,step,roll,11119564.9,11119583.9,19.0,6.85
S042_2,step,yaw,11119566.0,11119570.7,4.7,1.57
S042_2,step,roll,11119601.7,11119608.4,6.7,1.77
S042_2,step,roll,11119618.44,11119629.4,10.96,1.34
S042_2,step,roll,11119630.3,11119637.2,6.9,1.15
S042_2,step,roll,11119641.0,11119644.9,3.9,1.52
S042_2,step,roll,11119651.7,11119658.8,7.1,1.26
S042_2,step,roll,11119662.4,11119684.5,22.1,1.5
S042_2,step,roll,11119686.9,11119694.5,7.6,1.03
S042_2,step,roll,11119695.8,11119732.7,36.9,2.08
S042_2,step,roll,11119735.0,11119754.0,19.0,5.0
S042_2,step,roll,11119762.3,11119767.2,4.9,2.13
S042_2,step,roll,11119777.8,11119817.4,39.6,2.0
S042_2,step,roll,11119819.4,11119827.9,8.5,1.9
S042_2,step,roll,11119828.9,11119842.0,13.1,1.9
S042_2,step,roll,11119842.0,11119845.6,3.6,3.06
S042_2,step,roll,11119845.6,11119934.8,89.2,3.57
S042_2,step,roll,11119944.3,11120003.8,59.5,4.15
S042_2,step,roll,11120018.4,11120031.1,12.7,2.0
S042_3,step,yaw,11124432.4,11124441.1,8.7,4.77
S042_3,step,yaw,11124441.1,11124470.7,29.6,25.72
S042_3,step,yaw,11124470.7,11124487.1,16.4,16.15
S042_3,step,yaw,11124500.3,11124511.0,10.7,25.78
S042_3,step,yaw,11124511.0,11124515.8,4.8,24.83
S042_3,step,yaw,11124541.9,11124546.0,4.1,2.87
S042_3,step,yaw,11124555.6,11124559.2,3.6,8.73
S042_3,step,yaw,11124562.4,11124573.0,10.6,24.65
S042_3,step,yaw,11124582.4,11124586.4,4.0,7.87
S042_3,step,yaw,11124587.9,11124592.2,4.3,10.64
S042_3,step,roll,11124591.1,11124594.8,3.7,6.22
S042_3,step,yaw,11124599.8,11124603.7,3.9,10.49
S042_3,step,yaw,11124604.4,11124610.7,6.3,6.76
S042_3,step,yaw,11124611.2,11124621.4,10.2,5.25
S042_3,step,roll,11124614.1,11124617.8,3.7,1.25
S042_3,step,yaw,11124622.0,11124641.3,19.3,3.49
S042_3,step,yaw,11124649.2,11124654.2,5.0,8.9
S042_3,step,yaw,11124654.69,11124695.5,40.81,14.55
S042_3,step,yaw,11124696.8,11124703.9,7.1,19.54
S042_3,step,yaw,11124703.9,11124719.6,15.7,21.86
S042_3,step,yaw,11124724.7,11124739.0,14.3,9.03
S042_3,step,yaw,11124747.7,11124758.7,11.0,6.24
S042_3,step,yaw,11124761.0,11124766.3,5.3,3.65
S042_3,step,yaw,11124767.4,11124781.9,14.5,5.38
S042_3,step,yaw,11124782.7,11124789.2,6.5,3.56
S042_3,step,roll,11124798.1,11124817.8,19.7,6.2
S042_3,step,yaw,11124798.1,11124820.2,22.1,12.05
S042_3,step,roll,11124818.9,11124834.2,15.3,7.21
S042_3,step,yaw,11124829.7,11124834.7,5.0,11.52
S042_3,step,roll,11124834.2,11124856.1,21.9,6.42
S042_3,step,yaw,11124836.4,11124847.9,11.5,17.77
S042_3,step,yaw,11124849.5,11124856.5,7.0,16.33
S042_3,step,yaw,11124857.8,11124861.6,3.8,6.45
S042_3,step,roll,11124858.3,11124891.1,32.8,5.86
S042_3,step,pitch,11124878.0,11124881.3,3.3,5.35
S042_3,step,roll,11124899.3,11124921.8,22.5,4.71
S042_3,step,pitch,11124908.7,11124915.7,7.0,3.04
S042_3,step,roll,11124922.9,11124964.0,41.1,3.02
S042_3,step,roll,11124964.5,11124970.7,6.2,1.97
S042_3,step,roll,11124972.2,11125000.2,28.0,2.6
S042_3,step,roll,11125002.8,11125032.4,29.6,2.87
S042_3,step,roll,11125033.5,11125036.9,3.4,2.44
S042_3,step,roll,11125037.8,11125043.6,5.8,1.55
S042_3,step,roll,11125044.4,11125071.6,27.2,2.99
S042_3,step,roll,11125078.3,11125148.4,70.1,3.12
S042_3,step,roll,11125152.8,11125204.3,51.5,2.86
S042_3,step,roll,11125211.9,11125217.4,5.5,1.3
S042_3,step,pitch,11125231.6,11125237.1,5.5,1.79
S042_3,step,roll,11125233.8,11125237.2,3.4,0.85
S042_3,step,roll,11125250.3,11125258.6,8.3,0.89
S042_3,step,roll,11125274.7,11125281.7,7.0,0.93
S042_3,step,roll,11125285.3,11125317.0,31.7,1.56
S042_3,step,roll,11125330.5,11125341.1,10.6,0.96
S042_3,step,roll,11125342.1,11125353.2,11.1,1.15
S042_3,step,roll,11125363.0,11125372.7,9.7,1.09
S042_3,step,roll,11125374.0,11125380.5,6.5,0.99
S042_3,step,roll,11125394.3,11125430.9,36.6,4.92
S042_3,step,roll,11125432.0,11125436.4,4.4,3.9
S042_3,step,pitch,11125433.1,11125495.2,62.1,2.37
S042_3,step,roll,11125440.8,11125457.2,16.4,1.69
S042_3,step,roll,11125465.9,11125496.6,30.7,5.29
S042_3,step,pitch,11125498.7,11125551.4,52.7,2.57
S042_3,step,roll,11125503.1,11125508.0,4.9,1.37
S042_3,step,roll,11125508.71,11125525.1,16.39,1.35
S042_3,step,roll,11125527.9,11125545.9,18.0,1.27
S042_3,step,roll,11125545.9,11125550.3,4.4,2.9
S042_3,step,roll,11125551.3,11125603.9,52.6,3.07
S042_3,step,pitch,11125559.0,11125608.3,49.3,2.52
S042_3,step,roll,11125603.9,11125608.3,4.4,3.31
S042_3,step,roll,11125609.4,11125627.2,17.8,3.0
S042_3,step,pitch,11125623.7,11125628.0,4.3,1.97
S042_3,step,roll,11125628.0,11125649.9,21.9,1.51
S042_3,step,pitch,11125636.7,11125642.5,5.8,2.08
S042_3,step,pitch,11125646.7,11125654.0,7.3,2.35
S042_3,step,roll,11125778.0,11125819.6,41.6,2.18
S042_3,step,roll,11125819.6,11125822.9,3.3,3.85
S042_3,step,roll,11125822.9,11125838.2,15.3,4.21
S042_3,step,roll,11125838.2,11125841.5,3.3,3.45
S042_3,step,roll,11125841.5,11125888.6,47.1,6.05
S042_3,step,roll,11125893.0,11125932.4,39.4,5.86
S042_3,step,roll,11125937.8,11125941.6,3.8,2.31
S042_3,step,yaw,11126004.5,11126063.7,59.2,1.23
S042_3,step,roll,11126063.7,11126068.1,4.4,3.67
S042_3,step,roll,11126068.1,11126126.1,58.0,5.03
S042_3,step,yaw,11126102.5,11126125.6,23.1,1.18
S042_3,step,roll,11126126.1,11126130.5,4.4,3.46
S042_3,step,yaw,11126195.1,11126254.3,59.2,1.35
S042_3,step,roll,11126267.4,11126324.1,56.7,2.46
S042_3,step,roll,11126326.0,11126354.3,28.3,1.69
S042_3,step,yaw,11126361.6,11126375.0,13.4,2.31
S042_3,step,yaw,11126394.7,11126404.7,10.0,1.55
S042_3,step,yaw,11126405.4,11126422.5,17.1,1.33
S042_3,step,yaw,11126424.9,11126432.6,7.7,0.91
S042_3,step,roll,11126457.9,11126461.9,4.0,1.09
S042_3,step,yaw,11126765.7,11126810.5,44.8,3.67
S042_3,step,roll,11126802.3,11126808.8,6.5,2.33
S042_3,step,roll,11126812.6,11126825.1,12.5,3.03
S042_3,step,yaw,11126812.6,11126821.6,9.0,2.65
S042_3,step,roll,11126826.5,11126831.6,5.1,1.44
S042_3,step,roll,11126832.4,11126843.3,10.9,1.31
S042_3,step,roll,11126845.1,11126892.6,47.5,1.92
S042_3,step,yaw,11126867.9,11126891.4,23.5,1.23
S042_3,step,yaw,11126891.4,11126898.1,6.7,1.73
S042_3,step,yaw,11126905.3,11126936.6,31.3,1.33
S042_3,step,yaw,11126954.5,11127033.3,78.8,1.03
S042_3,step,yaw,11127033.3,11127053.5,20.2,2.01
S042_3,step,yaw,11127178.0,11127241.7,63.7,1.12
S042_3,step,roll,11127264.8,11127329.4,64.6,2.5
S042_3,step,yaw,11127267.0,11127319.5,52.5,1.18
S042_3,step,yaw,11127323.7,11127328.0,4.3,1.19
S042_3,step,roll,11127452.0,11127497.9,45.9,1.83
S042_3,step,yaw,11127452.1,11127498.3,46.2,1.65
S042_3,step,yaw,11127501.7,11127507.7,6.0,1.64
S042_3,step,roll,11127502.4,11127534.2,31.8,2.43
S042_3,step,yaw,11127509.0,11127532.7,23.7,2.44
S042_3,step,yaw,11127532.7,11127539.7,7.0,2.0
S042_4,step,roll,11131464.4,11131482.0,17.6,1.33
S042_4,step,roll,11131487.2,11131514.8,27.6,2.2
S042_4,step,roll,11131518.4,11131523.5,5.1,1.42
S042_4,step,roll,11131531.1,11131536.8,5.7,2.51
S042_4,step,yaw,11131624.1,11131648.0,23.9,25.73
S042_4,step,yaw,11131648.8,11131652.4,3.6,12.09
S042_4,step,yaw,11131654.0,11131671.7,17.7,20.39
S042_4,step,roll,11131671.2,11131676.1,4.9,2.24
S042_4,step,yaw,11131671.7,11131676.4,4.7,12.89
S042_4,step,yaw,11131677.0,11131688.5,11.5,25.4
S042_4,step,roll,11131680.4,11131689.66,9.26,1.46
S042_4,step,yaw,11131688.5,11131693.0,4.5,25.29
S042_4,step,roll,11131694.2,11131704.5,10.3,1.87
S042_4,step,yaw,11131700.5,11131704.5,4.0,4.35
S042_4,step,roll,11131709.6,11131719.3,9.7,2.17
S042_4,step,roll,11131730.5,11131735.0,4.5,2.41
S042_4,step,roll,11131735.61,11131746.8,11.19,3.39
S042_4,step,yaw,11131736.6,11131746.5,9.9,23.19
S042_4,step,roll,11131748.4,11131759.7,11.3,1.22
S042_4,step,yaw,11131752.7,11131756.2,3.5,7.53
S042_4,step,yaw,11131771.3,11131778.7,7.4,11.33
S042_4,step,roll,11131774.6,11131778.8,4.2,2.88
S042_4,step,yaw,11131779.5,11131783.0,3.5,2.37
S042_4,step,roll,11131803.3,11131829.7,26.4,4.39
S042_4,step,yaw,11131805.6,11131825.2,19.6,6.89
S042_4,step,roll,11131830.9,11131836.7,5.8,1.21
S042_4,step,yaw,11131835.5,11131843.6,8.1,20.47
S042_4,step,yaw,11131847.0,11131857.3,10.3,18.87
S042_4,step,roll,11131852.7,11131938.6,85.9,4.89
S042_4,step,yaw,11131857.3,11131860.8,3.5,20.41
S042_4,step,yaw,11131870.0,11131874.8,4.8,6.18
S042_4,step,yaw,11131876.8,11131885.3,8.5,6.23
S042_4,step,yaw,11131890.4,11131895.1,4.7,5.31
S042_4,step,yaw,11131896.5,11131907.9,11.4,6.17
S042_4,step,yaw,11131908.8,11131924.4,15.6,9.41
S042_4,step,yaw,11131926.8,11131932.0,5.2,4.3
S042_4,step,yaw,11131941.2,11131957.1,15.9,20.1
S042_4,step,roll,11131942.3,11131965.3,23.0,2.05
S042_4,step,yaw,11131962.0,11131965.6,3.6,2.59
S042_4,step,yaw,11131968.8,11131983.7,14.9,20.35
S042_4,step,roll,11132003.2,11132075.7,72.5,6.64
S042_4,step,pitch,11132011.3,11132017.0,5.7,5.03
S042_4,step,pitch,11132036.5,11132126.4,89.9,6.15
S042_4,step,roll,11132076.7,11132083.6,6.9,1.87
S042_4,step,roll,11132290.48,11132313.4,22.92,2.13
S042_4,step,roll,11132317.2,11132326.0,8.8,2.37
S042_4,step,roll,11132330.6,11132334.1,3.5,1.6
S042_4,step,roll,11132335.2,11132353.4,18.2,1.77
S042_4,step,roll,11132356.5,11132376.5,20.0,1.53
S042_4,step,yaw,11132462.6,11132470.1,7.5,0.98
S042_4,step,yaw,11132555.4,11132560.2,4.8,3.52
S042_4,step,yaw,11132566.1,11132570.5,4.4,1.83
S042_4,step,yaw,11132571.9,11132577.0,5.1,2.61
S042_4,step,yaw,11132578.9,11132591.4,12.5,2.09
S042_4,step,roll,11132621.2,11132628.2,7.0,1.69
S042_4,step,roll,11132630.4,11132643.1,12.7,2.02
S042_4,doublet,yaw,11132634.8,11132647.8,11.8,1.24|3.31
S042_4,step,roll,11132648.6,11132656.0,7.4,1.6
S042_4,step,roll,11132656.9,11132669.5,12.6,2.02
S042_4,step,yaw,11132657.0,11132668.6,11.6,1.1
S042_4,step,roll,11132670.6,11132675.7,5.1,1.23
S042_4,step,roll,11132677.2,11132690.2,13.0,1.23
S042_4,step,yaw,11132689.5,11132694.5,5.0,2.32
S042_4,step,yaw,11132695.9,11132710.1,14.2,1.25
S042_4,step,roll,11132697.1,11132712.0,14.9,1.83
S042_4,step,yaw,11132710.1,11132718.9,8.8,2.29
S042_4,step,roll,11132714.3,11132720.2,5.9,1.18
S042_4,step,yaw,11132721.2,11132736.2,15.0,1.38
S042_4,step,roll,11132722.4,11132746.5,24.1,1.89
S042_4,step,yaw,11132745.3,11132802.8,57.5,2.01
S042_4,doublet,roll,11132797.0,11132810.8,11.8,2.04|1.57
S042_4,step,roll,11132815.4,11132860.1,44.7,0.96
S042_4,step,roll,11132862.5,11132866.8,4.3,0.83
S042_4,step,roll,11132876.1,11132889.0,12.9,0.87
S042_4,step,yaw,11132887.0,11132910.7,23.7,1.63
S042_4,step,roll,11132893.5,11132897.0,3.5,2.37
S042_4,step,roll,11132913.0,11132921.0,8.0,1.71
S042_4,step,roll,11132929.1,11132934.9,5.8,1.46
S042_4,step,yaw,11132959.8,11132963.8,4.0,2.95
S042_4,step,roll,11132961.3,11132968.1,6.8,2.56
S042_4,step,yaw,11132980.6,11132984.1,3.5,0.93
S042_4,step,yaw,11133046.0,11133070.4,24.4,2.6
S042_4,step,roll,11133072.1,11133076.8,4.7,0.86
S042_4,step,roll,11133078.5,11133082.2,3.7,0.88
S042_4,step,roll,11133085.4,11133097.8,12.4,1.35
S042_4,step,roll,11133099.2,11133127.6,28.4,1.35
S042_4,step,roll,11133129.0,11133163.4,34.4,2.13
S042_4,step,roll,11133165.8,11133187.7,21.9,2.76
S042_4,step,yaw,11133177.3,11133185.3,8.0,1.73
S042_4,step,roll,11133188.8,11133196.8,8.0,1.13
S042_4,step,yaw,11133195.4,11133200.2,4.8,1.37
S042_4,step,roll,11133227.8,11133231.3,3.5,6.38
S042_4,step,roll,11133295.1,11133317.4,22.3,3.69
S042_4,step,roll,11133320.9,11133325.2,4.3,1.26
S042_4,step,roll,11133327.8,11133334.7,6.9,0.92
S042_4,step,roll,11133388.6,11133403.6,15.0,3.92
S042_4,step,roll,11133405.9,11133413.9,8.0,1.53
S042_4,step,roll,11133436.9,11133511.6,74.7,4.75
S042_4,step,yaw,11133475.4,11133479.3,3.9,4.14
S042_4,step,yaw,11133494.2,11133498.1,3.9,1.04
S042_4,step,yaw,11133507.5,11133521.5,14.0,1.3
S042_4,step,yaw,11133521.5,11133572.1,50.6,4.57
S042_4,step,roll,11133523.0,11133572.4,49.4,5.64
S042_4,step,roll,11133581.6,11133585.1,3.5,1.19
S042_4,step,roll,11133594.3,11133604.7,10.4,2.56
S042_4,step,yaw,11133597.7,11133602.9,5.2,2.26
S042_4,step,yaw,11133615.0,11133623.0,8.0,1.74
S042_4,step,roll,11133617.2,11133620.7,3.5,2.33
S042_4,step,roll,11133621.8,11133632.2,10.4,1.52
S042_4,step,roll,11133646.0,11133700.9,54.9,5.9
S042_4,step,roll,11133709.2,11133742.5,33.3,2.23
S042_4,step,roll,11133744.8,11133749.4,4.6,1.37
S042_4,step,roll,11133888.4,11133913.6,25.2,3.71
S042_4,step,roll,11133920.5,11133926.3,5.8,1.34
S042_4,step,roll,11134049.5,11134053.0,3.5,3.84
S042_4,step,roll,11134053.8,11134062.8,9.0,3.49
S042_4,step,yaw,11134056.1,11134061.7,5.6,1.34
S042_4,step,yaw,11134064.5,11134109.5,45.0,3.98
S042_4,step,roll,11134098.6,11134102.7,4.1,1.59
S042_4,step,roll,11134110.1,11134146.9,36.8,3.62
S042_4,step,roll,11134148.6,11134173.6,25.0,1.33
S042_4,step,roll,11134175.5,11134219.8,44.3,1.59
S042_4,step,roll,11134225.3,11134255.7,30.4,1.81
S042_4,step,roll,11134261.7,11134279.9,18.2,2.14
S042_4,step,yaw,11134278.4,11134288.5,10.1,1.42
S042_4,step,roll,11134282.4,11134286.5,4.1,1.33
S042_4,step,yaw,11134290.2,11134309.1,18.9,6.42
S042_4,step,roll,11134293.9,11134299.6,5.7,2.92
S042_4,step,roll,11134308.8,11134327.2,18.4,2.6
S042_4,step,roll,11134383.5,11134391.4,7.9,5.08
S042_4,step,roll,11134432.9,11134440.2,7.3,2.86
S042_4,step,yaw,11134433.8,11134439.8,6.0,2.0
S042_4,step,roll,11134440.9,11134451.3,10.4,1.25
S042_4,step,yaw,11134446.7,11134457.2,10.5,1.94
S042_4,step,roll,11134459.5,11134471.9,12.4,2.68
S042_4,step,yaw,11134471.1,11134506.4,35.3,2.1
S042_4,step,roll,11134508.7,11134524.6,15.9,3.47
S042_4,step,roll,11134528.0,11134532.6,4.6,0.95
S042_4,step,roll,11134543.2,11134547.8,4.6,1.76
S042_4,step,roll,11134550.0,11134558.1,8.1,1.8
S042_4,step,yaw,11134556.1,11134573.1,17.0,6.16
S042_4,step,roll,11134563.2,11134569.6,6.4,1.0
S042_4,step,roll,11134577.6,11134585.7,8.1,1.96
S042_4,step,pitch,11134578.8,11134584.7,5.9,1.94
S042_4,step,yaw,11134584.0,11134591.4,7.4,7.13
S042_4,doublet,roll,11134585.7,11134597.2,9.2,2.15|1.53
S042_4,step,pitch,11134596.0,11134599.5,3.5,1.9
S042_4,step,yaw,11134596.0,11134653.4,57.4,7.16
S042_4,step,pitch,11134633.5,11134650.3,16.8,2.33
S042_4,step,roll,11134633.9,11134650.0,16.1,1.57
S042_4,step,pitch,11134651.1,11134658.7,7.6,2.73
S042_4,step,yaw,11134655.7,11134707.4,51.7,4.68
S042_4,step,pitch,11134660.2,11134664.8,4.6,1.68
S042_4,step,roll,11134662.6,11134670.0,7.4,3.06
S042_4,step,roll,11134674.1,11134690.2,16.1,2.15
S042_4,step,roll,11134694.2,11134715.6,21.4,5.17
S042_4,step,pitch,11134702.6,11134707.5,4.9,2.01
S042_4,step,yaw,11134708.0,11134713.2,5.2,8.05
S042_4,step,pitch,11134708.6,11134718.4,9.8,3.3
S042_4,step,roll,11134717.8,11134732.5,14.7,1.26
S042_4,step,roll,11134733.9,11134769.5,35.6,5.87
S042_4,step,yaw,11134762.6,11134769.8,7.2,8.49
S042_4,step,roll,11134781.9,11134791.4,9.5,1.52
S042_4,step,roll,11134793.6,11134802.839,9.24,0.92
S042_4,step,yaw,11134802.8,11134819.0,16.2,1.23
S042_4,step,roll,11134809.1,11134816.3,7.2,0.85
S042_4,step,roll,11134820.0,11134839.5,19.5,1.6
S042_4,step,pitch,11134821.2,11134825.9,4.7,1.67
S042_4,step,pitch,11134837.0,11134850.7,13.7,1.67
S042_4,step,yaw,11134838.3,11134851.0,12.7,1.35
S042_5,step,roll,11138189.7,11138208.8,19.1,19.27
S042_5,step,yaw,11138290.8,11138295.1,4.3,6.02
S042_5,step,yaw,11138295.1,11138330.2,35.1,25.29
S042_5,step,yaw,11138334.0,11138347.0,13.0,17.91
S042_5,step,yaw,11138350.4,11138355.9,5.5,4.77
S042_5,step,yaw,11138358.2,11138370.49,12.29,25.2
S042_5,doublet,yaw,11138370.49,11138384.5,9.21,25.46|4.02
S042_5,step,roll,11138371.6,11138382.6,11.0,2.33
S042_5,step,roll,11138383.8,11138388.2,4.4,1.36
S042_5,step,roll,11138403.7,11138430.3,26.6,1.23
S042_5,step,yaw,11138422.4,11138435.9,13.5,20.64
S042_5,step,roll,11138435.9,11138440.3,4.4,5.0
S042_5,step,yaw,11138435.9,11138440.3,4.4,16.33
S042_5,step,roll,11138442.3,11138451.4,9.1,1.77
S042_5,step,yaw,11138444.7,11138450.1,5.4,16.19
S042_5,step,yaw,11138456.9,11138460.8,3.9,9.43
S042_5,step,yaw,11138462.4,11138465.8,3.4,6.13
S042_5,step,yaw,11138472.4,11138478.0,5.6,1.93
S042_5,step,roll,11138485.6,11138557.5,71.9,9.71
S042_5,doublet,yaw,11138509.0,11138519.2,10.2,1.69|9.09
S042_5,step,yaw,11138521.2,11138531.2,10.0,2.56
S042_5,step,yaw,11138534.5,11138542.3,7.8,16.13
S042_5,step,yaw,11138542.3,11138553.5,11.2,18.84
S042_5,step,yaw,11138556.7,11138561.1,4.4,12.28
S042_5,step,roll,11138557.87,11138592.1,34.23,5.62
S042_5,step,roll,11138595.5,11138619.9,24.4,2.51
S042_5,step,yaw,11138616.6,11138633.9,17.3,16.97
S042_5,step,roll,11138628.8,11138643.0,14.2,3.17
S042_5,step,yaw,11138645.7,11138660.0,14.3,11.79
S042_5,step,roll,11138649.8,11138671.5,21.7,4.56
S042_5,step,pitch,11138681.8,11138686.5,4.7,5.11
S042_5,step,roll,11138682.0,11138686.5,4.5,4.81
S042_5,step,roll,11138687.5,11138693.5,6.0,4.25
S042_5,step,roll,11138695.3,11138730.5,35.2,4.42
S042_5,step,pitch,11138718.3,11138722.2,3.9,2.26
S042_5,step,roll,11138731.9,11138740.5,8.6,3.46
S042_5,step,roll,11138744.1,11138778.5,34.4,3.38
S042_5,step,roll,11138780.7,11138818.3,37.6,3.11
S042_5,step,roll,11138822.0,11138886.0,64.0,2.91
S042_5,step,roll,11138889.5,11138894.9,5.4,1.65
S042_5,step,roll,11139043.4,11139060.0,16.6,1.89
S042_5,step,roll,11139067.8,11139085.8,18.0,1.94
S042_5,step,roll,11139086.7,11139100.7,14.0,1.92
S042_5,step,roll,11139103.3,11139113.3,10.0,1.54
S042_5,step,roll,11139116.6,11139135.4,18.8,1.99
S042_5,step,roll,11139146.4,11139173.1,26.7,1.96
S042_5,step,yaw,11139175.3,11139211.8,36.5,1.71
S042_5,step,pitch,11139216.4,11139292.3,75.9,6.05
S042_5,step,roll,11139217.5,11139225.0,7.5,3.41
S042_5,step,roll,11139230.8,11139266.5,35.7,2.2
S042_5,step,roll,11139267.4,11139271.8,4.4,1.17
S042_5,step,yaw,11139275.16,11139292.2,17.04,1.49
S042_5,step,roll,11139297.8,11139303.9,6.1,3.7
S042_5,step,roll,11139315.0,11139335.6,20.6,2.03
S042_5,step,roll,11139336.14,11139358.6,22.46,2.23
S042_5,step,roll,11139365.4,11139393.0,27.6,1.51
S042_5,step,roll,11139394.8,11139411.5,16.7,1.15
S042_5,step,yaw,11139420.4,11139447.6,27.2,1.57
S042_5,step,roll,11139451.4,11139462.5,11.1,3.96
S042_5,step,roll,11139478.0,11139489.1,11.1,2.65
S042_5,step,roll,11139491.3,11139495.7,4.4,1.85
S042_5,step,roll,11139498.0,11139517.9,19.9,1.23
S042_5,step,yaw,11139520.1,11139550.3,30.2,1.64
S042_5,step,roll,11139554.4,11139563.4,9.0,3.93
S042_5,step,roll,11139573.4,11139589.3,15.9,2.06
S042_5,step,roll,11139590.5,11139608.8,18.3,1.92
S042_5,step,roll,11139611.0,11139644.3,33.3,1.47
S042_5,step,roll,11139645.4,11139649.8,4.4,1.16
S042_5,step,yaw,11139653.2,11139670.8,17.6,1.31
S042_5,step,roll,11139673.1,11139697.5,24.4,4.59
S042_5,step,roll,11139724.1,11139729.7,5.6,2.75
S042_5,step,roll,11139735.2,11139743.0,7.8,1.44
S042_5,step,roll,11139747.4,11139822.8,75.4,1.22
S042_5,step,pitch,11139811.7,11139821.7,10.0,3.1
S042_5,step,roll,11139826.1,11139831.7,5.6,1.27
S042_5,step,roll,11139832.8,11139847.6,14.8,1.57
S042_5,step,roll,11139849.4,11139859.6,10.2,1.43
S042_5,step,roll,11139860.5,11139869.4,8.9,1.39
S042_5,step,roll,11139874.9,11139894.5,19.6,1.23
S042_5,step,roll,11139897.4,11139963.6,66.2,1.43
S042_5,step,yaw,11139967.9,11139992.6,24.7,2.54
S042_5,step,roll,11139993.5,11139998.0,4.5,3.22
S042_5,step,roll,11140001.3,11140012.0,10.7,2.46
S042_5,step,roll,11140014.6,11140021.2,6.6,2.01
S042_5,step,roll,11140026.3,11140033.4,7.1,0.88
S042_5,step,roll,11140034.5,11140040.1,5.6,0.89
S042_5,step,roll,11140050.2,11140055.6,5.4,1.16
S042_5,step,roll,11140064.5,11140074.0,9.5,0.89
S042_5,step,yaw,11140082.0,11140135.1,53.1,2.14
S042_5,step,roll,11140136.5,11140170.9,34.4,2.74
S042_5,step,pitch,11140137.7,11140144.3,6.6,2.75
S042_5,step,roll,11140174.2,11140183.1,8.9,1.55
S042_5,step,roll,11140186.4,11140193.2,6.8,1.12
S042_5,step,roll,11140199.7,11140217.5,17.8,1.09
S042_5,step,yaw,11140231.9,11140257.1,25.2,2.44
S042_5,step,roll,11140259.6,11140264.0,4.4,3.04
S042_5,step,roll,11140268.5,11140272.5,4.0,1.53
S042_5,step,roll,11140272.9,11140284.0,11.1,1.46
S042_5,step,roll,11140285.1,11140293.7,8.6,1.21
S042_5,step,roll,11140295.1,11140300.5,5.4,1.76
S042_5,step,roll,11140301.7,11140308.4,6.7,1.55
S042_5,step,roll,11140312.8,11140318.2,5.4,1.14
S042_5,step,yaw,11140328.3,11140346.7,18.4,1.52
S042_5,step,roll,11140348.3,11140372.73,24.43,2.6
S042_5,step,roll,11140378.2,11140382.0,3.8,1.44
S042_5,step,roll,11140389.5,11140400.1,10.6,1.52
S042_5,step,pitch,11140409.3,11140412.8,3.5,6.5
S042_5,step,roll,11140409.3,11140422.2,12.9,1.49
S042_5,step,roll,11140422.6,11140446.5,23.9,1.43
S042_5,step,roll,11140450.3,11140456.0,5.7,1.09
S042_5,step,yaw,11140460.7,11140499.9,39.2,1.54
S042_5,step,roll,11140501.3,11140511.7,10.4,2.66
S042_5,step,pitch,11140509.2,11140516.4,7.2,2.96
S042_5,step,roll,11140513.3,11140558.0,44.7,1.69
S042_5,step,pitch,11140553.4,11140562.2,8.8,3.32
S042_5,step,roll,11140560.0,11140570.0,10.0,0.98
S042_5,step,pitch,11140565.7,11140626.6,60.9,4.13
S042_5,step,roll,11140574.5,11140584.4,9.9,1.3
S042_5,step,roll,11140595.6,11140607.7,12.1,0.87
S042_5,step,roll,11140621.0,11140628.8,7.8,1.65
S042_5,step,pitch,11140628.8,11140676.1,47.3,8.85
S042_5,step,yaw,11140636.5,11140655.1,18.6,1.52
S042_5,step,roll,11140657.6,11140668.2,10.6,2.32
S042_5,step,roll,11140673.1,11140676.5,3.4,2.78
S042_5,step,pitch,11140677.2,11140682.0,4.8,1.91
S042_5,step,roll,11140683.1,11140745.6,62.5,3.11
S042_5,step,pitch,11140706.4,11140719.7,13.3,3.26
S042_5,step,roll,11140747.3,11140764.0,16.7,1.42
S042_5,step,roll,11140768.2,11140787.6,19.4,1.45
S042_5,step,roll,11140789.5,11140841.8,52.3,1.24
S042_5,step,roll,11140842.8,11140866.8,24.0,1.35
S042_5,step,roll,11140868.3,11140922.6,54.3,1.29
S042_5,step,roll,11141039.0,11141091.2,52.2,2.26
S042_5,step,roll,11141092.2,11141166.7,74.5,1.73
S042_5,step,roll,11141167.6,11141189.8,22.2,1.57
S042_5,step,roll,11141286.2,11141338.3,52.1,2.67
S042_5,step,pitch,11141337.27,11141347.2,9.93,2.13
S043_2,step,roll,11472333.9,11472342.46,8.56,1.67
S043_2,step,yaw,11472378.9,11472397.1,18.2,25.91
S043_2,step,yaw,11472404.44,11472415.3,10.86,19.19
S043_2,step,yaw,11472425.7,11472437.2,11.5,25.01
S043_2,step,roll,11472464.0,11472468.2,4.2,20.73
S043_2,step,yaw,11472502.5,11472511.9,9.4,21.58
S043_2,step,yaw,11472521.0,11472525.8,4.8,13.0
S043_2,step,yaw,11472597.3,11472601.0,3.7,8.81
S043_2,step,yaw,11472606.0,11472611.2,5.2,12.63
S043_2,step,yaw,11472615.6,11472623.1,7.5,8.19
S043_2,step,yaw,11472631.6,11472637.7,6.1,5.78
S043_2,step,yaw,11472637.7,11472646.2,8.5,21.16
S043_2,step,yaw,11472654.6,11472659.0,4.4,15.05
S043_2,step,yaw,11472679.0,11472684.8,5.8,7.39
S043_2,step,yaw,11472708.1,11472712.3,4.2,2.09
S043_2,step,yaw,11472717.9,11472747.4,29.5,12.32
S043_2,step,yaw,11472750.7,11472757.1,6.4,2.47
S043_2,step,yaw,11472757.1,11472784.7,27.6,2.31
S043_2,step,yaw,11472788.1,11472793.2,5.1,8.34
S043_2,step,roll,11472794.5,11472801.7,7.2,3.74
S043_2,step,yaw,11472801.8,11472813.2,11.4,14.3
S043_2,step,roll,11472807.8,11472822.4,14.6,2.23
S043_2,step,yaw,11472821.4,11472828.4,7.0,9.91
S043_2,step,roll,11472822.48,11472840.71,18.23,8.62
S043_2,step,pitch,11472826.1,11472832.2,6.1,2.89
S043_2,step,pitch,11472836.0,11472870.0,34.0,7.44
S043_2,step,roll,11472841.9,11472849.2,7.3,4.25
S043_2,step,roll,11472852.2,11472856.5,4.3,2.59
S043_2,step,roll,11472865.0,11472881.5,16.5,4.7
S043_2,step,roll,11472892.9,11472899.0,6.1,2.44
S043_2,step,roll,11472899.04,11472909.9,10.86,1.79
S043_2,step,roll,11472910.7,11472928.1,17.4,3.23
S043_2,step,pitch,11472915.9,11472919.6,3.7,2.31
S043_2,step,pitch,11472924.5,11472930.7,6.2,2.67
S043_2,step,roll,11472939.1,11472960.6,21.5,3.66
S043_2,step,pitch,11472940.3,11472952.8,12.5,2.5
S043_2,step,pitch,11472953.9,11472968.1,14.2,2.64
S043_2,step,roll,11472965.9,11472976.4,10.5,2.26
S043_2,step,pitch,11472969.0,11473014.8,45.8,2.63
S043_2,step,roll,11472984.1,11472992.6,8.5,3.22
S043_2,step,roll,11472999.9,11473005.4,5.5,2.65
S043_2,step,roll,11473007.1,11473012.9,5.8,1.65
S043_2,step,roll,11473015.1,11473022.9,7.8,3.42
S043_2,step,pitch,11473022.9,11473033.7,10.8,2.13
S043_2,step,roll,11473024.3,11473030.27,5.97,2.24
S043_2,step,roll,11473030.8,11473069.7,38.9,2.67
S043_2,step,roll,11473076.7,11473084.9,8.2,2.0
S043_2,step,roll,11473085.5,11473118.6,33.1,1.6
S043_2,step,roll,11473121.2,11473150.589,29.39,2.18
S043_2,step,roll,11473166.3,11473172.7,6.4,1.47
S043_2,step,roll,11473173.5,11473177.3,3.8,1.28
S043_2,step,roll,11473179.7,11473216.2,36.5,2.45
S043_2,step,roll,11473227.1,11473235.5,8.4,1.64
S043_2,step,roll,11473241.7,11473245.9,4.2,1.3
S043_2,step,roll,11473248.0,11473266.3,18.3,1.5
S043_2,step,roll,11473339.8,11473348.1,8.3,0.87
S043_2,step,roll,11473365.6,11473371.0,5.4,0.9
S043_2,step,roll,11473376.6,11473387.1,10.5,1.08
S043_2,step,roll,11473436.2,11473443.4,7.2,0.87
S043_2,step,pitch,11473445.8,11473494.0,48.2,3.77
S043_2,step,roll,11473476.4,11473485.9,9.5,0.97
S043_2,step,roll,11473506.0,11473537.0,31.0,1.47
S043_2,step,roll,11473549.1,11473554.8,5.7,0.88
S043_2,step,roll,11473560.1,11473566.19,6.09,0.91
S043_2,step,roll,11473588.0,11473664.61,76.61,1.63
S043_2,step,roll,11473667.0,11473737.52,70.52,1.67
S043_2,step,yaw,11473738.7,11473745.5,6.8,1.5
S043_2,step,roll,11473744.4,11473751.1,6.7,2.16
S043_2,step,roll,11473752.5,11473774.1,21.6,2.31
S043_2,step,roll,11474707.26,11474752.3,45.04,2.78
S043_2,step,yaw,11474752.1,11474757.0,4.9,0.92
S043_2,step,roll,11474755.8,11474817.6,61.8,2.04
S043_2,step,pitch,11474811.7,11474874.4,62.7,2.71
S043_2,step,roll,11474819.05,11474842.2,23.15,1.89
S043_2,step,roll,11474843.2,11474853.0,9.8,2.59
S043_2,step,pitch,11474877.4,11474916.9,39.5,2.72
S043_2,step,roll,11474964.8,11474976.9,12.1,1.03
S043_2,step,roll,11474987.8,11474995.2,7.4,1.18
S043_2,step,pitch,11474998.5,11475002.8,4.3,2.39
S043_2,step,roll,11475005.1,11475009.7,4.6,1.87
S043_2,step,pitch,11475016.7,11475020.7,4.0,3.91
S043_2,step,roll,11475042.65,11475047.5,4.85,1.3
S043_2,step,roll,11475053.5,11475066.0,12.5,1.93
S043_2,step,pitch,11475056.0,11475062.0,6.0,1.8
S043_2,step,roll,11475076.5,11475080.8,4.3,1.33
S043_2,step,roll,11475088.8,11475094.9,6.1,0.95
S043_2,step,roll,11475111.919,11475120.1,8.18,1.21
S043_2,step,roll,11475122.6,11475134.8,12.2,1.03
S043_2,step,yaw,11475141.7,11475197.5,55.8,1.2
S043_2,step,roll,11475206.2,11475212.9,6.7,7.01
S043_2,step,roll,11475283.2,11475294.1,10.9,1.4
S043_2,step,yaw,11475303.9,11475347.3,43.4,1.7
S043_2,step,roll,11475376.2,11475381.6,5.4,2.1
S043_2,step,roll,11475428.3,11475433.9,5.6,1.41
S043_2,step,roll,11475442.4,11475450.5,8.1,1.25
S043_2,step,roll,11475482.3,11475487.4,5.1,1.7
S043_2,step,roll,11475494.8,11475499.5,4.7,1.36
S043_2,step,yaw,11475531.4,11475567.5,36.1,1.12
S043_2,step,pitch,11475572.4,11475644.6,72.2,4.26
S043_2,step,roll,11475574.9,11475579.2,4.3,1.94
S043_2,step,roll,11475600.44,11475606.5,6.06,1.47
S043_2,step,yaw,11475613.5,11475644.5,31.0,1.24
S043_2,step,roll,11475652.2,11475656.7,4.5,1.48
S043_2,doublet,roll,11475681.3,11475691.4,10.1,3.69|3.19
S043_2,step,roll,11475695.22,11475702.9,7.68,3.11
S043_2,step,roll,11475725.6,11475731.7,6.1,0.98
S043_2,step,roll,11475745.1,11475751.1,6.0,1.53
S043_2,step,roll,11475764.4,11475769.3,4.9,1.32
S043_2,step,roll,11475774.7,11475782.3,7.6,1.97
S043_2,step,roll,11475785.9,11475790.2,4.3,1.28
S043_2,step,roll,11475792.43,11475796.9,4.47,1.4
S043_2,step,roll,11475798.1,11475804.7,6.6,1.28
S043_2,step,roll,11475810.6,11475815.4,4.8,0.98
S043_2,step,roll,11475833.6,11475838.6,5.0,0.88
S043_2,step,roll,11475851.9,11475855.6,3.7,0.87
S043_2,step,roll,11475862.9,11475873.8,10.9,1.06
S043_3,doublet,pitch,11480024.6,11480027.7,3.1,9.91|7.95
S043_3,doublet,pitch,11480027.9,11480031.6,3.7,5.65|13.82
S043_3,step,roll,11480029.5,11480036.2,6.7,6.17
S043_3,step,pitch,11480035.2,11480086.3,51.1,17.3
S043_3,step,roll,11480036.5,11480085.3,48.8,19.77
S043_3,step,yaw,11480115.8,11480139.3,23.5,25.71
S043_3,step,roll,11480120.74,11480137.0,16.26,8.39
S043_3,step,roll,11480139.3,11480142.4,3.1,10.56
S043_3,doublet,yaw,11480139.3,11480145.0,5.7,8.2|8.58
S043_3,step,roll,11480142.4,11480154.3,11.9,14.2
S043_3,step,yaw,11480145.0,11480155.3,10.3,19.79
S043_3,step,roll,11480154.5,11480168.4,13.9,9.47
S043_3,doublet,yaw,11480155.3,11480158.0,2.6,16.56|6.03
S043_3,step,yaw,11480161.2,11480171.6,10.4,24.21
S043_3,doublet,yaw,11480171.6,11480177.0,5.4,8.01|11.8
S043_3,doublet,yaw,11480178.2,11480182.7,2.1,4.05|2.21
S043_3,doublet,yaw,11480187.0,11480191.7,3.0,1.36|3.45
S043_3,doublet,yaw,11480195.6,11480198.7,2.9,5.08|2.21
S043_3,step,yaw,11480219.6,11480226.6,7.0,19.59
S043_3,step,yaw,11480229.2,11480232.3,3.1,11.72
S043_3,step,yaw,11480232.5,11480240.0,7.5,8.69
S043_3,doublet,yaw,11480251.2,11480253.7,2.5,2.28|2.22
S043_3,step,yaw,11480263.0,11480267.2,4.2,9.04
S043_3,step,yaw,11480290.2,11480293.5,3.3,2.99
S043_3,step,yaw,11480295.6,11480299.5,3.9,7.18
S043_3,step,yaw,11480299.7,11480304.5,4.8,6.06
S043_3,step,yaw,11480304.8,11480307.8,3.0,4.54
S043_3,doublet,yaw,11480314.7,11480319.1,3.8,4.09|1.93
S043_3,step,yaw,11480323.5,11480345.7,22.2,10.1
S043_3,step,yaw,11480346.7,11480362.1,15.4,12.01
S043_3,step,yaw,11480362.1,11480368.9,6.8,7.63
S043_3,step,yaw,11480369.2,11480378.2,9.0,18.67
S043_3,doublet,yaw,11480380.1,11480383.2,3.1,3.8|9.06
S043_3,doublet,yaw,11480384.6,11480390.7,3.2,2.73|3.17
S043_3,step,yaw,11480393.5,11480398.7,5.2,7.2
S043_3,step,yaw,11480402.8,11480406.6,3.8,4.39
S043_3,step,yaw,11480406.7,11480414.7,8.0,8.46
S043_3,step,yaw,11480414.9,11480418.8,3.9,9.63
S043_3,step,yaw,11480421.6,11480428.1,6.5,8.69
S043_3,step,yaw,11480429.1,11480434.0,4.9,7.73
S043_3,step,yaw,11480437.7,11480442.1,4.4,6.29
S043_3,doublet,yaw,11480444.9,11480449.8,4.5,5.23|2.23
S043_3,step,yaw,11480450.1,11480470.0,19.9,18.54
S043_3,step,roll,11480532.5,11480535.6,3.1,1.01
S043_3,doublet,pitch,11480606.4,11480617.5,11.1,23.21|19.45
S043_3,step,pitch,11480629.1,11480677.4,48.3,19.99
S043_3,step,pitch,11480677.9,11480683.9,6.0,23.27
S043_3,step,pitch,11480683.9,11480739.4,55.5,19.99
S043_3,step,roll,11480714.9,11480737.1,22.2,2.54
S043_4,step,yaw,11481516.4,11481529.6,13.2,24.88
S043_4,step,roll,11481529.8,11481547.3,17.5,6.98
S043_4,step,yaw,11481532.4,11481545.9,13.5,9.9
S043_4,step,roll,11481547.3,11481569.2,21.9,16.42
S043_4,step,pitch,11481558.0,11481564.3,6.3,4.62
S043_4,step,pitch,11481570.1,11481611.5,41.4,7.81
S043_4,step,roll,11481578.1,11481585.6,7.5,4.89
S043_4,step,roll,11481587.5,11481594.3,6.8,6.44
S043_4,step,roll,11481595.6,11481608.4,12.8,5.13
S043_4,step,roll,11481610.2,11481621.16,10.96,3.83
S043_4,step,roll,11481646.6,11481653.3,6.7,1.97
S043_4,step,roll,11481665.4,11481670.1,4.7,3.09
S043_4,step,pitch,11481676.6,11481691.8,15.2,2.82
S043_4,step,roll,11481685.6,11481692.9,7.3,2.61
S043_4,step,pitch,11481693.1,11481719.1,26.0,2.72
S043_4,step,roll,11481693.9,11481711.1,17.2,3.07
S043_4,step,roll,11481715.1,11481720.8,5.7,2.23
S043_4,step,pitch,11481719.3,11481740.4,21.1,2.18
S043_4,step,roll,11481723.2,11481783.2,60.0,2.08
S043_4,step,pitch,11481742.5,11481747.0,4.5,1.72
S043_4,step,roll,11481784.8,11481794.5,9.7,1.7
S043_4,step,roll,11481795.3,11481799.5,4.2,1.95
S043_4,step,roll,11481803.7,11481816.7,13.0,1.48
S043_4,step,roll,11481819.9,11481826.6,6.7,1.43
S043_4,step,roll,11481831.9,11481840.0,8.1,1.37
S043_4,step,roll,11481843.1,11481852.1,9.0,3.29
S043_4,step,roll,11481855.2,11481867.2,12.0,1.73
S043_4,step,roll,11481868.24,11481877.5,9.26,1.34
S043_4,step,pitch,11481902.2,11481939.7,37.5,2.27
S043_4,step,roll,11481903.5,11481910.3,6.8,0.99
S043_4,step,roll,11481916.5,11481923.6,7.1,1.3
S043_4,step,roll,11481928.6,11481944.7,16.1,1.95
S043_4,step,pitch,11481940.6,11481947.6,7.0,1.92
S043_4,step,roll,11481953.9,11481966.0,12.1,1.91
S043_4,step,roll,11481968.9,11481980.2,11.3,1.57
S043_4,step,roll,11481985.5,11481995.8,10.3,1.69
S043_4,step,roll,11482003.8,11482011.1,7.3,1.45
S043_4,step,roll,11482026.7,11482033.4,6.7,0.95
S043_4,step,roll,11482037.0,11482041.1,4.1,0.89
S043_4,step,roll,11482044.6,11482057.5,12.9,1.05
S043_4,step,roll,11482059.8,11482069.6,9.8,1.1
S043_4,step,roll,11482095.1,11482099.4,4.3,1.07
S043_4,step,roll,11482113.9,11482144.8,30.9,2.79
S043_4,step,roll,11482153.6,11482166.2,12.6,1.19
S043_4,doublet,roll,11482166.2,11482177.4,9.5,1.42|3.87
S043_4,doublet,roll,11482181.1,11482190.4,9.3,1.22|3.43
S043_4,step,roll,11482190.4,11482233.8,43.4,4.51
S043_4,step,roll,11482234.8,11482248.2,13.4,2.01
S043_4,step,roll,11482252.0,11482261.3,9.3,1.41
S043_4,step,roll,11482262.4,11482273.7,11.3,1.31
S043_4,step,roll,11482279.0,11482285.7,6.7,1.62
S043_4,step,roll,11482287.1,11482292.5,5.4,2.81
S043_4,step,roll,11482296.5,11482305.9,9.4,5.93
S043_4,step,yaw,11482306.7,11482311.3,4.6,1.4
S043_4,step,roll,11482311.3,11482323.1,11.8,4.27
S043_4,step,roll,11482331.0,11482340.9,9.9,4.71
S043_4,step,roll,11482340.9,11482347.6,6.7,1.42
S043_4,step,roll,11482350.0,11482357.0,7.0,5.2
S043_4,doublet,roll,11482357.0,11482369.1,9.51,2.18|1.86
S043_4,step,roll,11482374.49,11482395.2,20.71,1.8
S043_4,step,roll,11482404.0,11482411.5,7.5,1.77
S043_4,step,roll,11482414.7,11482420.3,5.6,4.2
S043_4,step,roll,11482421.0,11482425.7,4.7,1.8
S043_4,step,roll,11482428.1,11482436.2,8.1,4.02
S043_4,step,yaw,11482435.8,11482440.2,4.4,1.12
S043_4,step,roll,11482440.2,11482448.3,8.1,6.61
S043_4,step,yaw,11482448.9,11482453.7,4.8,1.17
S043_4,step,roll,11482454.9,11482477.1,22.2,5.93
S043_4,step,roll,11482480.1,11482498.6,18.5,2.06
S043_4,step,roll,11482522.1,11482526.3,4.2,1.75
S043_4,doublet,roll,11482531.9,11482543.2,11.3,2.02|2.71
S043_4,step,roll,11482543.2,11482549.4,6.2,4.69
S043_4,step,roll,11482557.0,11482566.5,9.5,4.2
S043_4,step,roll,11482569.1,11482577.2,8.1,5.23
S043_4,step,roll,11482749.5,11482754.3,4.8,0.93
S043_4,step,roll,11482760.5,11482767.8,7.3,2.15
S043_4,step,roll,11482769.4,11482774.1,4.7,1.29
S043_4,step,roll,11482774.3,11482780.0,5.7,1.94
S043_4,step,roll,11482781.8,11482841.7,59.9,6.0
S043_4,step,yaw,11482787.5,11482838.1,50.6,1.21
S043_4,step,yaw,11482842.6,11482846.9,4.3,1.71
S043_4,step,roll,11482854.3,11482861.8,7.5,1.93
S043_4,step,roll,11482863.2,11482921.0,57.8,2.57
S043_4,step,roll,11482941.1,11482981.4,40.3,1.37
S043_4,step,roll,11482984.1,11482996.1,12.0,4.56
S043_4,step,roll,11483000.6,11483056.6,56.0,1.26
S043_4,step,roll,11483060.6,11483074.4,13.8,4.37
S043_4,step,roll,11483079.5,11483096.0,16.5,1.42
S043_4,step,roll,11483099.3,11483104.8,5.5,1.47
S043_4,step,roll,11483106.3,11483125.1,18.8,1.88
S043_4,step,roll,11483133.1,11483177.0,43.9,1.91
S043_4,step,roll,11483185.5,11483243.2,57.7,5.43
S043_4,step,yaw,11483243.3,11483254.0,10.7,1.29
S043_4,step,roll,11483244.7,11483250.5,5.8,1.15
S043_4,step,roll,11483254.0,11483261.7,7.7,3.1
S043_4,step,roll,11483262.5,11483267.3,4.8,1.46
S043_4,step,roll,11483273.1,11483279.4,6.3,1.21
S043_4,step,roll,11483280.2,11483284.9,4.7,1.26
S043_4,step,roll,11483310.3,11483317.2,6.9,0.94
S043_4,step,roll,11483318.2,11483358.3,40.1,1.11
S043_4,step,roll,11483360.0,11483371.6,11.6,3.95
S043_4,step,roll,11483381.5,11483442.02,60.52,1.36
S043_4,step,roll,11483446.0,11483456.7,10.7,4.05
S043_4,step,roll,11483463.4,11483509.1,45.7,5.85
S043_4,step,roll,11483523.9,11483536.0,12.1,2.49
S043_4,step,roll,11483538.6,11483562.8,24.2,5.2
S043_4,step,roll,11483567.9,11483600.0,32.1,1.58
S043_4,step,roll,11483615.7,11483620.0,4.3,6.46
S043_4,step,roll,11483620.0,11483633.3,13.3,4.07
S043_4,step,roll,11483634.1,11483653.4,19.3,2.84
S043_4,step,roll,11483655.0,11483664.9,9.9,1.43
S043_4,step,roll,11483670.5,11483688.7,18.2,1.27
S043_4,step,roll,11483705.1,11483710.5,5.4,3.54
S043_4,step,yaw,11483705.1,11483724.4,19.3,1.93
S043_4,step,roll,11483714.5,11483722.0,7.5,2.28
S043_4,step,roll,11483725.3,11483736.0,10.7,9.88
S043_4,step,roll,11483736.0,11483740.1,4.1,2.92
S043_4,step,roll,11483742.6,11483752.2,9.6,6.72
S043_4,doublet,roll,11483753.0,11483764.2,9.5,2.01|8.52
S043_4,doublet,roll,11483764.2,11483780.3,10.71,3.9|2.41
S043_4,doublet,roll,11483780.3,11483791.1,10.8,2.55|3.93
S043_4,step,yaw,11483784.4,11483871.3,86.9,1.87
S043_4,step,yaw,11483879.7,11483884.3,4.6,0.87
S043_4,step,yaw,11483885.2,11483919.6,34.4,1.32
S043_4,step,roll,11483923.6,11483927.8,4.2,4.83
S043_4,step,roll,11483929.4,11483934.7,5.3,1.5
S043_4,step,roll,11483940.1,11483954.9,14.8,2.12
S043_4,step,roll,11483956.1,11483961.6,5.5,1.94
S043_4,step,yaw,11483956.8,11483994.5,37.7,1.24
S043_4,step,roll,11483980.4,11483997.9,17.5,8.92
S043_4,step,roll,11484000.6,11484012.1,11.5,7.32
S043_4,step,roll,11484014.0,11484025.6,11.6,1.31
S043_4,step,roll,11484027.4,11484042.9,15.5,1.28
S043_4,step,roll,11484050.2,11484054.4,4.2,1.63
S043_4,step,yaw,11484065.0,11484081.6,16.6,1.1
S043_4,step,roll,11484086.5,11484091.8,5.3,3.95
S043_4,step,roll,11484097.3,11484107.5,10.2,3.9
S043_4,step,roll,11484118.79,11484129.0,10.21,1.89
S043_4,step,roll,11484141.3,11484165.7,24.4,3.6
S043_4,step,yaw,11484171.1,11484244.9,73.8,1.29
S043_4,step,roll,11484245.0,11484250.3,5.3,3.53
S043_4,step,roll,11484250.3,11484265.0,14.7,4.84
S043_4,step,yaw,11484260.7,11484264.8,4.1,0.85
S043_4,step,roll,11484276.2,11484280.7,4.5,1.22
S043_4,step,yaw,11484305.4,11484314.4,9.0,0.98
S043_4,step,roll,11484308.1,11484352.5,44.4,5.38
S043_4,step,yaw,11484316.5,11484352.4,35.9,1.44
S043_4,step,roll,11484361.2,11484365.8,4.6,3.18
S043_4,step,yaw,11484366.2,11484410.0,43.8,1.43
S043_4,step,roll,11484400.7,11484415.5,14.8,6.27
S043_4,step,roll,11484415.5,11484424.93,9.43,1.8
S043_4,step,roll,11484426.2,11484437.04,10.84,5.06
S043_4,step,roll,11484443.5,11484447.7,4.2,1.55
S043_4,step,roll,11484455.1,11484462.3,7.2,1.1
S043_4,step,yaw,11484455.8,11484526.3,70.5,1.73
S043_4,step,roll,11484474.6,11484482.6,8.0,1.01
S043_4,step,roll,11484526.9,11484531.0,4.1,2.23
S043_4,step,yaw,11484531.5,11484544.5,13.0,1.02
S043_4,step,roll,11484537.7,11484543.1,5.4,1.61
S043_4,step,roll,11484545.7,11484567.2,21.5,5.08
S043_4,step,yaw,11484545.8,11484562.4,16.6,1.01
S043_4,step,roll,11484567.2,11484573.9,6.7,2.92
S043_4,step,roll,11484575.3,11484589.1,13.8,3.96
S043_4,step,roll,11484592.3,11484603.1,10.8,1.38
S043_4,step,roll,11484603.1,11484608.9,5.8,4.79
S043_4,step,roll,11484608.9,11484650.7,41.8,3.84
S043_4,step,roll,11484657.4,11484670.1,12.7,3.18
S043_4,step,yaw,11484658.5,11484667.9,9.4,4.14
S043_4,step,yaw,11484677.6,11484683.7,6.1,6.36
S043_4,step,roll,11484680.0,11484695.8,15.8,7.49
S043_4,step,yaw,11484688.1,11484694.6,6.5,4.1
S043_4,step,roll,11484702.8,11484725.7,22.9,6.65
S043_4,step,yaw,11484705.7,11484725.7,20.0,6.22
S043_4,step,roll,11484727.0,11484731.1,4.1,3.08
S043_4,step,roll,11484744.5,11484751.3,6.8,1.07
S043_4,doublet,yaw,11484756.6,11484768.6,12.0,3.64|2.1
S043_4,step,roll,11484765.5,11484780.7,15.2,3.39
S043_4,step,yaw,11484770.0,11484777.8,7.8,4.27
S043_4,step,roll,11484783.4,11484790.1,6.7,1.54
S043_4,step,yaw,11484787.5,11484791.7,4.2,6.02
S043_4,step,yaw,11484793.9,11484807.1,13.2,5.04
S043_4,step,roll,11484795.5,11484808.9,13.4,4.41
S043_4,doublet,yaw,11484808.3,11484817.0,8.7,1.14|6.97
S043_4,step,roll,11484810.3,11484816.2,5.9,1.65
S043_4,step,yaw,11484817.9,11484830.4,12.5,3.59
S043_4,step,roll,11484823.7,11484901.2,77.5,4.97
S043_4,step,yaw,11484834.4,11484852.6,18.2,2.27
S043_4,step,yaw,11484875.5,11484909.6,34.1,6.25
S043_4,step,roll,11484901.64,11484920.6,18.96,2.22
S043_4,step,roll,11484923.1,11484935.0,11.9,1.0
S043_4,step,yaw,11484950.8,11484955.3,4.5,6.16
S043_4,step,roll,11484955.7,11484987.5,31.8,6.18
S043_4,step,yaw,11484960.7,11484997.5,36.8,4.09
S043_4,step,roll,11484990.2,11484998.2,8.0,1.86
S043_4,step,roll,11485003.1,11485007.7,4.6,1.33
S043_4,step,yaw,11485011.7,11485017.6,5.9,1.06
S043_4,step,roll,11485022.48,11485027.8,5.32,1.23
S043_4,step,roll,11485050.6,11485056.0,5.4,3.01
S043_4,step,roll,11485058.7,11485111.0,52.3,4.67
S043_4,step,yaw,11485110.7,11485162.6,51.9,6.04
S043_4,step,roll,11485160.8,11485167.5,6.7,7.17
S043_4,step,roll,11485168.8,11485185.3,16.5,4.51
S043_4,step,roll,11485198.4,11485219.8,21.4,3.24
S043_4,step,roll,11485223.9,11485248.0,24.1,1.71
S043_4,step,roll,11485248.0,11485252.1,4.1,5.12
S043_4,step,yaw,11485248.4,11485253.4,5.0,1.36
S043,step,roll,11461488.1,11461494.0,5.9,3.17
S043,step,roll,11461501.1,11461514.2,13.1,3.94
S043,step,roll,11461514.2,11461520.4,6.2,1.99
S043,step,yaw,11461581.7,11461587.8,6.1,1.13
S043,step,roll,11461594.5,11461601.3,6.8,0.9
S043,step,yaw,11461596.25,11461619.8,23.55,4.0
S043,step,roll,11461621.4,11461645.6,24.2,20.73
S043,step,yaw,11461628.1,11461645.6,17.5,9.15
S043,step,yaw,11461648.4,11461659.8,11.4,23.02
S043,step,roll,11461655.1,11461710.5,55.4,19.14
S043,step,yaw,11461700.4,11461712.4,12.0,13.72
S043,step,roll,11461741.3,11461811.6,70.3,6.52
S043,step,yaw,11461808.2,11461814.6,6.4,21.42
S043,step,yaw,11461816.6,11461825.1,8.5,17.42
S043,step,yaw,11461892.6,11461906.9,14.3,25.23
S043,step,roll,11461920.7,11461930.5,9.8,3.32
S043,step,roll,11461937.9,11461944.6,6.7,1.97
S043,step,roll,11462091.0,11462112.9,21.9,2.15
S043,step,yaw,11462121.3,11462127.1,5.8,21.71
S043,step,yaw,11462133.8,11462140.7,6.9,3.76
S043,step,roll,11462171.8,11462181.8,10.0,6.67
S043,step,pitch,11462179.9,11462218.9,39.0,6.84
S043,step,roll,11462200.0,11462218.9,18.9,4.81
S043,step,roll,11462220.6,11462226.1,5.5,2.85
S043,step,roll,11462261.4,11462266.5,5.1,2.37
S043,step,pitch,11462289.4,11462299.1,9.7,2.02
S043,step,roll,11462293.3,11462303.4,10.1,2.08
S043,step,roll,11462317.2,11462330.8,13.6,2.77
S043,step,roll,11462362.0,11462370.4,8.4,2.88
S043,step,roll,11462372.1,11462397.3,25.2,4.67
S043,step,roll,11462405.2,11462422.5,17.3,2.73
S043,step,roll,11462424.2,11462436.0,11.8,1.29
S043,step,roll,11462447.7,11462456.2,8.5,2.0
S043,step,roll,11462462.8,11462475.3,12.5,2.23
S043,step,roll,11462478.2,11462501.5,23.3,2.95
S043,step,roll,11462516.8,11462529.5,12.7,3.43
S043,step,roll,11462535.3,11462566.1,30.8,2.43
S043,step,roll,11462568.2,11462587.5,19.3,2.74
S043,step,roll,11462591.2,11462602.6,11.4,2.0
S043,step,roll,11462607.7,11462616.1,8.4,3.32
S043,step,roll,11462621.2,11462637.0,15.8,4.12
S043,step,roll,11462638.3,11462672.9,34.6,2.67
S043,step,roll,11462682.8,11462690.2,7.4,2.09
S043,step,roll,11462693.5,11462721.0,27.5,3.29
S043,step,roll,11462728.9,11462745.7,16.8,1.9
S043,step,roll,11462768.5,11462774.3,5.8,2.32
S043,step,roll,11462791.2,11462798.1,6.9,5.18
S043,step,pitch,11462798.4,11462804.2,5.8,1.87
S043,step,pitch,11462808.7,11462816.5,7.8,2.14
S043,step,pitch,11462819.1,11462908.6,89.5,2.24
S043,step,roll,11462849.1,11462855.1,6.0,1.14
S043,step,roll,11462861.7,11462867.5,5.8,1.18
S043,step,pitch,11462909.6,11462920.7,11.1,1.92
S043,step,roll,11462929.7,11462972.9,43.2,3.78
S043,step,pitch,11462951.2,11462960.2,9.0,1.66
S043,step,roll,11462989.4,11463010.0,20.6,3.08
S043,step,roll,11463030.1,11463048.1,18.0,0.95
S043,step,roll,11463052.0,11463059.2,7.2,1.07
S043,step,roll,11463068.9,11463075.7,6.8,1.4
S043,step,roll,11463095.8,11463103.8,8.0,1.59
S043,step,roll,11463117.7,11463127.8,10.1,1.22
S043,step,roll,11463129.5,11463152.2,22.7,1.06
S043,step,roll,11463158.1,11463174.1,16.0,2.56
S043,step,roll,11463179.5,11463194.5,15.0,1.62
S043,step,roll,11463196.8,11463222.7,25.9,1.46
S043,step,roll,11463223.74,11463245.1,21.36,1.31
S043,step,roll,11463247.2,11463264.1,16.9,1.39
S043,step,roll,11463265.8,11463279.4,13.6,1.85
S043,step,roll,11463288.6,11463296.3,7.7,1.69
S043,step,roll,11463313.0,11463388.5,75.5,2.08
S043,step,roll,11463390.3,11463410.3,20.0,1.46
S043,step,roll,11463412.2,11463435.8,23.6,1.28
S043,step,roll,11463437.5,11463451.4,13.9,1.16
S043,step,roll,11463455.6,11463494.7,39.1,1.46
S043,step,roll,11463508.0,11463514.5,6.5,1.31
S043,step,roll,11463516.1,11463538.5,22.4,1.24
S043,step,roll,11463540.7,11463593.8,53.1,1.41
S043,step,roll,11463595.6,11463602.4,6.8,1.27
S043,step,roll,11463605.7,11463661.3,55.6,1.27
S043,step,roll,11463663.0,11463674.6,11.6,1.42
S043,step,roll,11463677.5,11463748.0,70.5,1.48
S043,step,roll,11463750.4,11463771.2,20.8,1.18
S043,step,roll,11463774.1,11463796.8,22.7,1.24
S043,step,roll,11463799.2,11463808.1,8.9,1.18
S043,step,roll,11463811.8,11463854.3,42.5,1.44
S043,step,roll,11463994.5,11464077.4,82.9,1.44
S043,step,roll,11464086.2,11464114.0,27.8,1.58
S043,step,roll,11464116.1,11464193.1,77.0,1.71
S043,step,roll,11464196.5,11464204.7,8.2,1.34
S043,step,roll,11464206.3,11464238.6,32.3,1.27
S043,step,roll,11464240.3,11464257.4,17.1,1.33
S043,step,roll,11464258.82,11464267.3,8.48,1.34
S043,step,roll,11464268.5,11464275.6,7.1,1.22
S043,step,roll,11464290.9,11464331.4,40.5,1.44
S043,step,pitch,11464313.1,11464322.1,9.0,2.25
S043,step,pitch,11464324.2,11464330.0,5.8,2.15
S043,step,roll,11464332.8,11464339.5,6.7,1.62
S043,step,roll,11464341.2,11464373.1,31.9,2.07
S043,step,roll,11464374.0,11464432.0,58.0,1.67
S043,step,roll,11464433.87,11464482.4,48.53,1.86
S043,step,roll,11464484.36,11464497.6,13.24,1.65
S043,step,roll,11464498.4,11464528.9,30.5,1.55
S043,step,roll,11464530.8,11464582.8,52.0,1.49
S043,step,roll,11464585.3,11464652.6,67.3,1.42
S043,step,roll,11464654.3,11464664.8,10.5,1.24
S043,step,roll,11464666.1,11464696.7,30.6,1.4
S043,step,roll,11464703.1,11464710.7,7.6,1.16
S043,step,roll,11464712.8,11464743.1,30.3,1.37
S043,step,roll,11464743.55,11464763.7,20.15,1.28
S043,step,roll,11465181.0,11465243.4,62.4,2.67
S043,step,roll,11465245.0,11465321.6,76.6,1.43
S043,step,roll,11465328.9,11465355.1,26.2,2.88
S043,step,roll,11465361.2,11465387.1,25.9,9.86
S043,step,roll,11465399.9,11465409.5,9.6,1.85
S043,step,roll,11465410.04,11465417.9,7.86,1.25
S043,step,roll,11465425.3,11465458.7,33.4,1.69
S043,step,roll,11465460.5,11465479.0,18.5,3.46
S043,step,roll,11465485.2,11465504.5,19.3,3.38
S043,step,roll,11465505.9,11465531.2,25.3,3.5
S043,step,roll,11465537.7,11465556.4,18.7,3.45
S043,step,roll,11465558.1,11465615.3,57.2,1.88
S043,step,roll,11465618.7,11465640.7,22.0,1.94
S043,step,roll,11465651.9,11465677.6,25.7,2.88
S043,step,roll,11465682.6,11465716.7,34.1,2.54
S043,step,yaw,11465718.0,11465728.1,10.1,2.01
S043,step,yaw,11465731.4,11465753.0,21.6,2.23
S043,step,roll,11465736.5,11465743.2,6.7,5.32
S043,step,roll,11465755.0,11465760.1,5.1,3.11
S043,step,yaw,11465755.0,11465775.2,20.2,2.58
S043,step,roll,11465775.2,11465780.3,5.1,5.38
S043,step,yaw,11465778.6,11465802.5,23.9,2.26
S043,step,roll,11465781.9,11465798.8,16.9,5.74
S043,step,roll,11465830.8,11465839.2,8.4,1.37
S043,step,roll,11465844.2,11465850.7,6.5,0.96
S043,step,roll,11465857.7,11465869.9,12.2,4.12
S043,step,roll,11465874.5,11465885.9,11.4,2.69
S043,step,roll,11465902.0,11465917.5,15.5,1.72
S043,step,roll,11465928.4,11465969.3,40.9,1.56
S043,step,roll,11465972.8,11465978.8,6.0,1.94
S043,step,roll,11465992.3,11465999.0,6.7,1.26
S043,step,roll,11466027.7,11466038.8,11.1,1.48
S043,step,roll,11466055.3,11466093.3,38.0,3.36
S043,step,yaw,11466096.7,11466152.2,55.5,2.66
S043,doublet,roll,11466149.7,11466167.1,11.3,5.47|5.77
S043,step,yaw,11466156.4,11466176.0,19.6,2.36
S043,step,yaw,11466177.5,11466207.7,30.2,2.67
S043,step,roll,11466179.1,11466184.2,5.1,2.23
S043,step,roll,11466207.7,11466212.8,5.1,5.51
S043,step,yaw,11466211.1,11466300.3,89.2,2.69
S043,step,roll,11466216.2,11466231.4,15.2,5.69
S043,step,roll,11466234.7,11466241.4,6.7,1.49
S043,step,roll,11466263.3,11466272.0,8.7,0.98
S043,doublet,roll,11466288.5,11466305.4,11.9,6.12|6.13
S043,step,yaw,11466303.7,11466313.7,10.0,1.94
S043,step,roll,11466308.7,11466315.4,6.7,5.78
S043,step,roll,11466327.2,11466335.6,8.4,2.4
S043,step,roll,11466337.7,11466347.2,9.5,1.5
S043,step,yaw,11466350.3,11466375.3,25.0,2.77
S043,doublet,roll,11466362.63,11466379.2,11.57,5.77|7.07
S043,step,pitch,11466369.3,11466398.8,29.5,2.26
S043,step,yaw,11466377.7,11466399.4,21.7,2.91
S044_2,step,roll,11550114.3,11550190.7,76.4,4.23
S044_2,step,yaw,11550236.1,11550243.2,7.1,11.09
S044_2,step,yaw,11550243.6,11550263.1,19.5,14.83
S044_2,step,yaw,11550271.5,11550280.9,9.4,23.7
S044_2,step,yaw,11550287.2,11550291.4,4.2,5.07
S044_2,step,yaw,11550308.23,11550311.6,3.37,4.36
S044_2,step,yaw,11550340.6,11550351.0,10.4,21.71
S044_2,step,roll,11550351.2,11550355.3,4.1,1.95
S044_2,step,yaw,11550399.3,11550404.6,5.3,2.26
S044_2,step,yaw,11550406.7,11550413.0,6.3,4.38
S044_2,step,yaw,11550436.8,11550442.5,5.7,6.28
S044_2,step,yaw,11550449.5,11550454.9,5.4,4.5
S044_2,step,yaw,11550460.18,11550464.9,4.72,2.86
S044_2,step,yaw,11550482.4,11550488.4,6.0,2.37
S044_2,step,yaw,11550488.4,11550495.7,7.3,22.23
S044_2,step,yaw,11550495.7,11550506.0,10.3,16.82
S044_2,step,yaw,11550509.4,11550513.6,4.2,4.1
S044_2,step,yaw,11550524.7,11550529.3,4.6,7.03
S044_2,step,yaw,11550550.1,11550554.1,4.0,7.04
S044_2,step,yaw,11550559.9,11550563.5,3.6,5.59
S044_2,step,yaw,11550567.0,11550576.3,9.3,4.07
S044_2,step,yaw,11550577.5,11550583.8,6.3,5.17
S044_2,step,yaw,11550584.7,11550601.0,16.3,11.79
S044_2,step,roll,11550588.0,11550615.2,27.2,3.6
S044_2,step,yaw,11550606.8,11550616.3,9.5,4.44
S044_2,step,roll,11550615.2,11550624.7,9.5,1.31
S044_2,step,yaw,11550627.8,11550633.0,5.2,11.4
S044_2,step,yaw,11550642.2,11550650.9,8.7,5.11
S044_2,step,yaw,11550658.0,11550665.3,7.3,8.24
S044_2,doublet,yaw,11550665.3,11550676.3,11.0,4.25|11.18
S044_2,step,roll,11550670.8,11550698.0,27.2,5.5
S044_2,step,yaw,11550677.6,11550682.6,5.0,4.88
S044_2,step,yaw,11550683.3,11550690.7,7.4,3.67
S044_2,step,pitch,11550687.5,11550715.6,28.1,6.45
S044_2,step,roll,11550698.9,11550709.6,10.7,3.07
S044_2,step,yaw,11550705.4,11550709.7,4.3,1.08
S044_2,step,pitch,11550717.0,11550729.2,12.2,4.99
S044_2,step,roll,11550722.1,11550730.5,8.4,4.21
S044_2,step,roll,11550731.6,11550737.6,6.0,2.08
S044_2,step,roll,11550770.38,11550773.8,3.42,1.31
S044_2,step,roll,11550774.5,11550778.7,4.2,1.46
S044_2,step,roll,11550780.8,11550784.0,3.2,1.68
S044_2,step,roll,11550796.5,11550801.1,4.6,3.52
S044_2,step,roll,11550803.9,11550809.1,5.2,2.4
S044_2,step,roll,11550813.3,11550819.6,6.3,3.26
S044_2,step,roll,11550824.3,11550831.1,6.8,3.52
S044_2,step,roll,11550832.2,11550838.4,6.2,1.38
S044_2,step,roll,11550842.6,11550847.9,5.3,3.0
S044_2,step,roll,11550851.5,11550858.7,7.2,2.49
S044_2,step,roll,11550861.8,11550873.0,11.2,2.43
S044_2,step,roll,11550875.1,11550879.3,4.2,1.87
S044_2,step,roll,11550880.4,11550885.3,4.9,2.39
S044_2,step,roll,11550891.2,11550899.2,8.0,1.54
S044_2,step,roll,11550901.3,11550940.1,38.8,2.24
S044_2,step,roll,11550942.3,11551017.8,75.5,2.48
S044_2,step,roll,11551020.8,11551025.9,5.1,2.25
S044_2,step,roll,11551027.1,11551036.5,9.4,2.62
S044_2,step,roll,11551047.2,11551055.7,8.5,1.44
S044_2,step,roll,11551071.1,11551075.3,4.2,1.05
S044_2,step,roll,11551120.3,11551126.3,6.0,1.12
S044_2,step,roll,11551128.5,11551137.1,8.6,0.93
S044_2,step,roll,11551139.2,11551143.4,4.2,0.92
S044_2,step,roll,11551158.1,11551168.0,9.9,1.03
S044_2,step,roll,11551170.6,11551193.7,23.1,0.89
S044_2,step,roll,11551195.8,11551202.8,7.0,0.83
S044_2,step,roll,11551210.6,11551226.6,16.0,0.95
S044_2,step,roll,11551228.4,11551247.1,18.7,0.89
S044_2,step,roll,11551249.2,11551305.3,56.1,0.92
S044_2,step,roll,11551307.1,11551316.8,9.7,0.9
S044_2,step,roll,11551318.0,11551332.2,14.2,0.9
S044_2,step,roll,11551389.7,11551419.5,29.8,1.95
S044_2,step,roll,11551420.1,11551424.1,4.0,0.89
S044_2,step,roll,11551427.4,11551437.4,10.0,1.93
S044_2,step,roll,11551438.9,11551484.8,45.9,1.54
S044_2,step,roll,11551486.1,11551531.8,45.7,1.21
S044_2,step,roll,11551532.26,11551558.5,26.24,1.95
S044_2,step,yaw,11551547.9,11551555.5,7.6,1.25
S044_2,step,roll,11551567.8,11551586.4,18.6,1.59
S044_2,step,roll,11551591.9,11551600.7,8.8,1.03
S044_2,step,roll,11551602.4,11551620.2,17.8,1.06
S044_2,step,roll,11551622.3,11551686.7,64.4,3.07
S044_2,step,yaw,11551669.5,11551685.4,15.9,2.05
S044_2,step,roll,11551688.4,11551694.0,5.6,1.13
S044_2,step,roll,11551694.9,11551711.4,16.5,1.13
S044_2,step,roll,11551715.6,11551756.5,40.9,1.09
S044_2,step,yaw,11551752.6,11551757.2,4.6,1.7
S044_2,step,roll,11551756.5,11551761.3,4.8,2.58
S044_2,step,yaw,11551786.6,11551811.9,25.3,0.89
S044_2,step,yaw,11551813.9,11551821.3,7.4,0.89
S044_2,step,yaw,11551824.8,11551897.7,72.9,2.09
S044_2,step,yaw,11551908.9,11551917.8,8.9,1.01
S044_2,step,yaw,11551918.9,11551927.6,8.7,0.95
S044_2,step,yaw,11551941.8,11551960.8,19.0,2.21
S044_2,step,roll,11552024.8,11552041.5,16.7,1.42
S044_2,step,roll,11552048.7,11552063.5,14.8,1.33
S044_2,step,roll,11552251.1,11552254.6,3.5,0.96
S044_2,step,roll,11552256.8,11552261.6,4.8,1.01
S044_2,step,roll,11552379.0,11552388.6,9.6,1.26
S044_2,step,roll,11552390.5,11552413.6,23.1,1.14
S044_2,step,yaw,11552412.1,11552418.1,6.0,1.79
S044_2,step,roll,11552414.1,11552418.8,4.7,1.44
S044_2,step,roll,11552430.3,11552462.8,32.5,1.77
S044_2,step,yaw,11552431.0,11552462.3,31.3,1.01
S044_2,step,roll,11552469.1,11552496.3,27.2,1.15
S044_2,step,yaw,11552490.8,11552496.4,5.6,1.29
S044_2,step,roll,11552496.3,11552500.1,3.8,1.27
S044_2,step,roll,11552707.0,11552732.9,25.9,2.13
S044_2,step,yaw,11552745.7,11552757.9,12.2,1.24
S044_2,step,yaw,11552797.8,11552868.2,70.4,2.01
S044_2,step,yaw,11552876.9,11552905.11,28.21,1.17
S044_2,step,yaw,11552905.11,11552918.7,13.59,1.69
S044_2,step,roll,11552908.2,11552912.4,4.2,1.73
S044_2,step,yaw,11552920.8,11552943.1,22.3,1.51
S044_2,step,roll,11552921.8,11552970.3,48.5,3.09
S044_2,step,yaw,11552947.7,11552965.4,17.7,1.14
S044_2,step,yaw,11552965.4,11552970.2,4.8,1.36
S044_2,step,roll,11552982.6,11553026.5,43.9,2.88
S044_2,step,yaw,11552989.2,11553074.89,85.69,1.52
S044_2,step,roll,11553027.7,11553078.6,50.9,2.29
S044_2,step,roll,11553081.1,11553100.8,19.7,1.82
S044_2,step,pitch,11553110.5,11553131.6,21.1,2.39
S044_2,step,roll,11553110.5,11553118.2,7.7,1.71
S044_2,doublet,roll,11553118.8,11553131.4,11.5,2.17|1.43
S044_2,step,roll,11553138.8,11553149.7,10.9,2.12
S044_2,step,roll,11553151.3,11553176.5,25.2,4.8
S044_3,step,roll,11563144.7,11563151.2,6.5,2.09
S044_3,step,yaw,11563196.3,11563216.8,20.5,25.69
S044_3,step,yaw,11563216.9,11563232.9,16.0,20.17
S044_3,doublet,yaw,11563232.9,11563236.7,3.8,13.82|10.36
S044_3,doublet,yaw,11563237.4,11563240.5,3.0,7.66|5.27
S044_3,step,yaw,11563243.2,11563246.5,3.3,1.52
S044_3,step,yaw,11563246.7,11563255.4,8.7,23.98
S044_3,doublet,yaw,11563255.4,11563263.6,5.6,21.21|4.94
S044_3,doublet,yaw,11563264.0,11563267.3,2.8,4.84|5.83
S044_3,doublet,yaw,11563272.0,11563276.1,3.9,2.75|5.93
S044_3,step,yaw,11563305.2,11563317.0,11.8,20.41
S044_3,doublet,yaw,11563324.5,11563327.2,2.5,6.57|4.75
S044_3,step,yaw,11563327.2,11563333.7,6.5,2.62
S044_3,doublet,yaw,11563339.6,11563344.6,3.2,2.19|3.58
S044_3,step,yaw,11563357.4,11563360.7,3.3,2.45
S044_3,step,yaw,11563361.0,11563364.4,3.4,2.79
S044_3,step,yaw,11563373.0,11563379.2,6.2,1.74
S044_3,step,yaw,11563380.7,11563397.0,16.3,24.91
S044_3,step,roll,11563384.5,11563423.7,39.2,4.83
S044_3,step,yaw,11563400.3,11563413.6,13.3,15.9
S044_3,step,yaw,11563414.6,11563418.7,4.1,14.69
S044_3,step,yaw,11563420.9,11563479.48,58.58,26.86
S044_4,step,yaw,11564140.1,11564143.2,3.1,6.45
S044_4,step,yaw,11564145.0,11564149.6,4.6,7.84
S044_4,doublet,yaw,11564161.0,11564172.1,8.5,2.53|12.19
S044_4,step,yaw,11564172.1,11564179.6,7.5,20.07
S044_4,step,yaw,11564193.4,11564198.9,5.5,4.25
S044_4,step,yaw,11564199.6,11564205.0,5.4,5.12
S044_4,doublet,yaw,11564205.3,11564210.7,4.8,4.63|3.59
S044_4,doublet,yaw,11564223.55,11564232.3,4.95,1.66|6.21
S044_4,step,yaw,11564245.6,11564258.0,12.4,10.48
S044_4,step,roll,11564258.0,11564293.3,35.3,1.78
S044_4,doublet,yaw,11564258.4,11564269.3,9.0,6.33|3.65
S044_4,step,yaw,11564271.8,11564285.7,13.9,9.39
S044_4,step,yaw,11564286.1,11564303.1,17.0,7.57
S044_4,step,roll,11564296.2,11564303.1,6.9,6.23
S044_4,step,pitch,11564298.7,11564336.5,37.8,6.91
S044_4,step,roll,11564305.0,11564320.5,15.5,6.82
S044_4,step,yaw,11564317.3,11564320.6,3.3,1.35
S044_4,step,roll,11564329.5,11564336.0,6.5,3.67
S044_4,step,roll,11564336.4,11564341.8,5.4,3.95
S044_4,step,roll,11564345.83,11564348.9,3.07,2.59
S044_4,step,roll,11564350.8,11564355.3,4.5,1.71
S044_4,step,roll,11564363.2,11564368.4,5.2,2.41
S044_4,step,pitch,11564370.1,11564374.1,4.0,2.12
S044_4,step,roll,11564372.1,11564376.3,4.2,1.94
S044_4,step,pitch,11564377.82,11564389.5,11.68,1.92
S044_4,doublet,roll,11564378.8,11564390.3,9.2,1.65|3.41
S044_4,step,roll,11564391.2,11564413.6,22.4,2.71
S044_4,step,roll,11564417.3,11564421.0,3.7,2.67
S044_4,step,roll,11564428.7,11564433.2,4.5,1.96
S044_4,step,pitch,11564434.8,11564438.5,3.7,1.75
S044_4,step,roll,11564444.9,11564449.0,4.1,1.64
S044_4,step,pitch,11564445.7,11564448.8,3.1,1.66
S044_4,step,roll,11564449.9,11564456.1,6.2,1.7
S044_4,step,roll,11564456.8,11564463.7,6.9,1.3
S044_4,step,roll,11564465.6,11564478.1,12.5,2.15
S044_4,step,roll,11564483.7,11564488.3,4.6,1.23
S044_4,step,roll,11564492.6,11564499.5,6.9,1.15
S044_4,step,roll,11564501.9,11564507.6,5.7,1.17
S044_4,step,pitch,11564510.8,11564513.8,3.0,1.85
S044_4,step,roll,11564512.0,11564517.1,5.1,1.14
S044_4,step,roll,11564563.4,11564568.4,5.0,1.18
S044_4,step,roll,11564573.6,11564585.3,11.7,2.06
S044_4,step,roll,11564587.0,11564593.5,6.5,1.28
S044_4,step,roll,11564604.2,11564609.6,5.4,1.13
S044_4,step,roll,11564611.1,11564614.9,3.8,1.06
S044_4,step,roll,11564619.2,11564624.8,5.6,1.26
S044_4,step,roll,11564631.2,11564634.3,3.1,1.07
S044_4,step,roll,11564646.0,11564650.0,4.0,1.44
S044_4,step,roll,11564651.2,11564654.3,3.1,1.06
S044_4,step,roll,11564660.03,11564663.1,3.07,1.27
S044_4,step,roll,11564676.3,11564680.0,3.7,1.12
S044_4,step,roll,11564696.3,11564700.1,3.8,1.01
S044_4,step,roll,11564711.4,11564715.8,4.4,1.23
S044_4,step,roll,11564727.1,11564731.9,4.8,1.31
S044_4,step,roll,11564732.7,11564738.0,5.3,1.41
S044_4,step,roll,11564738.9,11564743.1,4.2,1.55
S044_4,step,roll,11564743.4,11564750.9,7.5,1.2
S044_4,step,roll,11564760.3,11564764.1,3.8,1.12
S044_4,step,roll,11564772.9,11564777.7,4.8,1.62
S044_4,step,roll,11564779.1,11564782.4,3.3,1.19
S044_4,step,roll,11564792.9,11564796.1,3.2,1.36
S044_4,step,roll,11564799.2,11564808.6,9.4,3.16
S044_4,step,roll,11564809.9,11564818.6,8.7,2.32
S044_4,step,pitch,11564810.2,11564815.8,5.6,2.39
S044_4,step,roll,11564842.5,11564849.4,6.9,2.53
S044_4,step,roll,11564865.0,11564869.2,4.2,1.27
S044_4,step,roll,11564874.4,11564887.3,12.9,1.16
S044_4,step,roll,11564888.9,11564893.5,4.6,1.28
S044_4,step,roll,11564897.7,11564914.2,16.5,1.45
S044_4,step,roll,11564915.2,11564920.0,4.8,1.66
S044_4,step,roll,11564922.7,11564925.9,3.2,1.82
S044_4,step,roll,11564929.0,11564933.1,4.1,2.53
S044_4,step,roll,11564934.0,11564937.2,3.2,3.69
S044_4,step,roll,11564942.7,11564946.9,4.2,2.31
S044_4,step,roll,11564956.6,11564965.2,8.6,2.96
S044_4,step,roll,11564966.0,11564970.9,4.9,3.49
S044_4,step,roll,11564981.1,11564985.5,4.4,4.71
S044_4,step,roll,11564987.7,11564991.15,3.45,3.18
S044_4,step,roll,11564997.1,11565002.44,5.34,6.31
S044_4,step,roll,11565010.8,11565017.9,7.1,3.53
S044_4,doublet,roll,11565025.0,11565033.1,7.8,6.3|2.48
S044_4,step,roll,11565033.9,11565038.1,4.2,4.7
S044_4,step,yaw,11565035.0,11565041.5,6.5,1.44
S044_4,step,roll,11565042.4,11565045.7,3.3,5.14
S044_4,step,roll,11565048.6,11565053.2,4.6,4.78
S044_4,step,roll,11565055.1,11565061.3,6.2,3.66
S044_4,step,roll,11565063.2,11565067.0,3.8,4.8
S044_4,doublet,roll,11565068.9,11565078.3,5.9,2.97|5.59
S044_4,step,roll,11565078.6,11565084.5,5.9,6.99
S044_4,step,yaw,11565080.1,11565085.8,5.7,1.81
S044_4,step,roll,11565087.7,11565092.1,4.4,6.48
S044_4,step,roll,11565097.4,11565101.8,4.4,4.95
S044_4,step,roll,11565108.4,11565112.8,4.4,4.21
S044_4,step,roll,11565116.6,11565122.8,6.2,4.09
S044_4,step,roll,11565137.9,11565143.5,5.6,4.82
S044_4,step,roll,11565155.4,11565159.2,3.8,4.26
S044_4,step,roll,11565162.1,11565167.0,4.9,4.76
S044_4,step,roll,11565173.0,11565177.8,4.8,5.84
S044_4,step,roll,11565187.43,11565221.3,33.87,5.74
S044_4,step,yaw,11565201.8,11565205.7,3.9,5.01
S044_4,step,yaw,11565214.3,11565235.7,21.4,17.34
S044_4,step,yaw,11565237.6,11565245.7,8.1,22.66
S044_4,step,yaw,11565252.6,11565255.9,3.3,5.65
S044_4,step,yaw,11565257.6,11565270.8,13.2,10.99
S044_4,step,yaw,11565274.9,11565279.2,4.3,3.26
S044_4,step,yaw,11565284.9,11565295.2,10.3,7.44
S044_4,step,yaw,11565298.7,11565303.4,4.7,5.73
S044_4,step,yaw,11565303.8,11565308.4,4.6,6.43
S044_4,step,yaw,11565313.9,11565318.2,4.3,2.49
S044_4,step,yaw,11565325.2,11565337.9,12.7,21.32
S044_4,step,yaw,11565342.2,11565349.1,6.9,11.73
S044_4,step,yaw,11565351.1,11565359.3,8.2,22.68
S044_4,step,yaw,11565360.5,11565364.2,3.7,7.75
S044_4,step,roll,11565364.9,11565378.2,13.3,8.0
S044_4,step,yaw,11565364.9,11565368.3,3.4,8.94
S044_4,step,yaw,11565371.1,11565378.5,7.4,3.76
S044_4,step,pitch,11565373.6,11565414.4,40.8,7.43
S044_4,step,roll,11565378.7,11565383.1,4.4,3.73
S044_4,step,yaw,11565379.3,11565384.4,5.1,2.03
S044_4,step,roll,11565384.9,11565388.7,3.8,3.95
S044_4,step,roll,11565391.8,11565396.2,4.4,6.33
S044_4,step,roll,11565396.9,11565403.1,6.2,4.1
S044_4,step,roll,11565403.7,11565408.9,5.2,2.73
S044_4,step,roll,11565409.4,11565420.0,10.6,4.77
S044_4,step,roll,11565420.7,11565425.4,4.7,2.54
S044_4,step,roll,11565426.3,11565429.3,3.0,1.5
S044_4,step,roll,11565430.1,11565435.7,5.6,7.41
S044_4,step,roll,11565440.79,11565444.3,3.51,1.11
S044_4,step,roll,11565447.7,11565452.1,4.4,1.28
S044_4,step,roll,11565458.9,11565464.6,5.7,6.22
S044_4,step,yaw,11565460.1,11565463.6,3.5,1.1
S044_4,doublet,roll,11565469.6,11565477.7,5.6,1.73|5.66
S044_4,step,roll,11565487.8,11565492.2,4.4,1.28
S044_4,step,pitch,11565489.71,11565493.2,3.49,2.0
S044_4,step,roll,11565522.9,11565527.9,5.0,1.03
S044_4,step,roll,11565555.4,11565559.6,4.2,1.17
S044_4,step,roll,11565561.8,11565566.0,4.2,1.56
S044_4,step,roll,11565582.5,11565601.1,18.6,3.36
S044_4,step,roll,11565614.0,11565619.9,5.9,3.62
S044_4,step,roll,11565620.6,11565631.4,10.8,4.21
S044_4,step,roll,11565639.6,11565644.6,5.0,2.46
S044_4,step,roll,11565655.8,11565669.2,13.4,3.3
S044_4,step,roll,11565686.6,11565691.9,5.3,1.79
S044_4,step,roll,11565702.3,11565705.4,3.1,2.76
S044_4,step,roll,11565708.3,11565711.7,3.4,2.09
S044_4,step,roll,11565723.6,11565728.0,4.4,4.45
S044_4,step,roll,11565735.3,11565738.4,3.1,1.78
S044_4,step,roll,11565740.1,11565745.6,5.5,2.2
S044_4,step,roll,11565746.2,11565749.5,3.3,4.47
S044_4,step,roll,11565756.8,11565761.8,5.0,2.1
S044_4,step,roll,11565764.4,11565767.9,3.5,3.07
S044_4,step,roll,11565773.2,11565778.8,5.6,2.1
S044_4,step,roll,11565781.0,11565787.5,6.5,1.95
S044_4,step,roll,11565788.2,11565791.3,3.1,3.54
S044_4,step,roll,11565798.3,11565801.3,3.0,1.74
S044_4,step,roll,11565806.4,11565813.6,7.2,3.17
S044_4,step,roll,11565828.3,11565831.8,3.5,2.24
S044_4,step,roll,11565834.3,11565837.8,3.5,1.34
S044_4,step,roll,11565839.0,11565843.9,4.9,1.71
S044_4,step,roll,11565844.4,11565848.4,4.0,3.19
S044_4,step,roll,11565851.1,11565858.6,7.5,3.05
S044_4,step,roll,11565863.4,11565866.6,3.2,3.16
S044_4,step,roll,11565869.3,11565873.4,4.1,2.29
S044_4,step,roll,11565873.7,11565877.4,3.7,2.06
S044_4,step,roll,11565878.3,11565881.5,3.2,2.71
S044_4,step,roll,11565889.1,11565895.6,6.5,4.17
S044_4,step,roll,11565901.1,11565904.1,3.0,3.08
S044_4,step,roll,11565924.2,11565928.6,4.4,2.86
S044_4,step,roll,11565929.2,11565932.4,3.2,2.48
S044,step,roll,11539556.7,11539628.0,71.3,5.48
S044,step,yaw,11539691.3,11539712.9,21.6,10.64
S044,doublet,yaw,11539715.8,11539728.4,12.0,18.64|3.92
S044,step,yaw,11539729.9,11539735.4,5.5,6.88
S044,doublet,yaw,11539745.5,11539751.4,5.9,2.37|5.27
S044,step,yaw,11539776.1,11539786.4,10.3,20.84
S044,step,yaw,11539786.4,11539791.7,5.3,5.31
S044,step,yaw,11539797.5,11539801.2,3.7,3.93
S044,step,yaw,11539807.2,11539810.9,3.7,2.79
S044,step,yaw,11539822.0,11539825.0,3.0,3.22
S044,step,yaw,11539839.9,11539845.2,5.3,3.38
S044,step,yaw,11539865.3,11539874.8,9.5,3.53
S044,step,yaw,11539892.6,11539897.8,5.2,6.16
S044,step,yaw,11539906.0,11539914.2,8.2,17.38
S044,step,yaw,11539914.9,11539925.9,11.0,17.88
S044,doublet,yaw,11539925.9,11539930.5,4.6,10.37|7.26
S044,step,yaw,11539947.4,11539952.0,4.6,5.22
S044,step,yaw,11539975.1,11539978.6,3.5,3.77
S044,step,yaw,11539979.4,11539985.6,6.2,13.1
S044,step,yaw,11539986.2,11539989.5,3.3,5.84
S044,step,yaw,11539990.0,11539999.6,9.6,6.99
S044,step,roll,11539995.9,11540045.7,49.8,1.02
S044,step,yaw,11540000.4,11540011.5,11.1,23.37
S044,step,roll,11540111.8,11540191.3,79.5,17.49
S044,step,yaw,11540131.1,11540141.1,10.0,24.79
S044,doublet,yaw,11540142.0,11540149.7,5.9,8.72|3.53
S044,step,yaw,11540155.2,11540172.5,17.3,14.49
S044,step,yaw,11540173.1,11540180.2,7.1,9.66
S044,step,yaw,11540181.6,11540201.7,20.1,9.72
S044,step,pitch,11540195.8,11540228.8,33.0,7.27
S044,step,roll,11540196.5,11540202.1,5.6,2.69
S044,step,roll,11540206.9,11540212.6,5.7,4.19
S044,step,yaw,11540206.9,11540212.8,5.9,2.16
S044,step,roll,11540213.6,11540238.7,25.1,3.95
S044,step,yaw,11540213.6,11540239.69,26.09,1.65
S044,step,roll,11540243.4,11540249.9,6.5,2.31
S044,step,pitch,11540260.0,11540263.1,3.1,2.45
S044,step,roll,11540263.3,11540266.4,3.1,1.09
S044,step,roll,11540270.8,11540276.8,6.0,1.94
S044,step,pitch,11540295.6,11540299.7,4.1,1.88
S044,step,pitch,11540303.5,11540307.3,3.8,1.94
S044,step,roll,11540318.4,11540322.9,4.5,1.67
S044,step,roll,11540331.8,11540337.7,5.9,1.96
S044,step,roll,11540354.8,11540362.3,7.5,3.83
S044,step,roll,11540365.2,11540371.9,6.7,2.34
S044,step,roll,11540376.4,11540380.1,3.7,3.14
S044,step,roll,11540382.3,11540391.7,9.4,2.5
S044,step,roll,11540394.2,11540416.5,22.3,2.86
S044,step,roll,11540419.4,11540424.9,5.5,2.79
S044,step,roll,11540426.2,11540454.4,28.2,2.12
S044,step,roll,11540460.4,11540495.0,34.6,4.03
S044,step,roll,11540496.0,11540504.1,8.1,1.32
S044,step,roll,11540505.5,11540517.4,11.9,2.07
S044,step,roll,11540520.5,11540525.0,4.5,1.93
S044,step,roll,11540527.9,11540549.5,21.6,2.32
S044,step,roll,11540554.6,11540561.4,6.8,0.88
S044,step,roll,11540565.9,11540569.6,3.7,0.92
S044,step,roll,11540578.6,11540583.0,4.4,1.07
S044,step,roll,11540607.52,11540613.4,5.88,0.83
S044,step,roll,11540616.9,11540620.3,3.4,1.08
S044,step,roll,11540637.2,11540645.4,8.2,1.58
S044,step,roll,11540670.6,11540698.9,28.3,3.15
S044,step,yaw,11540675.7,11540695.2,19.5,2.82
S044,step,roll,11540704.1,11540729.4,25.3,1.28
S044,step,yaw,11540726.4,11540730.8,4.4,1.76
S044,step,roll,11540741.4,11540811.9,70.5,3.3
S044,step,yaw,11540760.4,11540769.8,9.4,1.67
S044,step,yaw,11540771.0,11540778.9,7.9,0.96
S044,step,yaw,11540787.2,11540810.9,23.7,2.37
S044,step,roll,11540815.5,11540818.5,3.0,1.19
S044,step,roll,11540819.3,11540832.0,12.7,1.36
S044,step,yaw,11540836.9,11540844.5,7.6,1.88
S044,doublet,roll,11540837.1,11540846.1,6.8,0.86|1.88
S044,step,yaw,11540845.5,11540855.7,10.2,1.47
S044,step,roll,11540870.5,11540893.6,23.1,1.29
S044,step,yaw,11540890.8,11540910.1,19.3,1.68
S044,step,roll,11540898.7,11540902.4,3.7,1.42
S044,step,roll,11540912.9,11540929.2,16.3,1.44
S044,step,roll,11540965.7,11540973.1,7.4,2.0
S044,step,roll,11540990.9,11540997.7,6.8,1.35
S044,step,roll,11541003.5,11541008.0,4.5,1.2
S044,step,roll,11541009.2,11541025.1,15.9,1.45
S044,step,yaw,11541019.2,11541022.8,3.6,1.47
S044,step,yaw,11541025.9,11541030.7,4.8,1.02
S044,step,roll,11541026.6,11541030.5,3.9,0.92
S044,step,roll,11541031.1,11541034.3,3.2,1.72
S044,step,roll,11541034.8,11541059.3,24.5,2.23
S044,step,yaw,11541055.8,11541069.6,13.8,1.97
S044,step,roll,11541060.0,11541066.7,6.7,2.14
S044,step,roll,11541069.7,11541083.8,14.1,4.12
S044,step,yaw,11541071.2,11541082.3,11.1,2.22
S044,step,yaw,11541082.3,11541111.2,28.9,1.95
S044,step,roll,11541085.3,11541091.2,5.9,2.78
S044,step,roll,11541100.9,11541110.3,9.4,3.02
S044,step,roll,11541111.3,11541124.7,13.4,2.08
S044,step,yaw,11541121.6,11541126.2,4.6,1.29
S044,step,roll,11541300.8,11541313.2,12.4,2.01
S044,step,roll,11541314.2,11541378.1,63.9,1.8
S044,step,roll,11541387.0,11541392.2,5.2,2.95
S044,step,roll,11541395.9,11541456.2,60.3,4.15
S044,step,roll,11541459.8,11541464.3,4.5,2.28
S044,step,roll,11541471.0,11541481.3,10.3,4.43
S044,step,roll,11541482.9,11541502.6,19.7,4.37
S044,step,roll,11541506.6,11541535.4,28.8,5.02
S044,step,roll,11541538.6,11541606.6,68.0,3.68
S044,step,roll,11541607.0,11541643.5,36.5,2.77
S044,step,yaw,11541619.7,11541624.1,4.4,1.68
S044,step,roll,11541645.5,11541650.9,5.4,2.13
S044,step,roll,11541651.5,11541664.9,13.4,2.03
S044,step,roll,11541665.7,11541676.9,11.2,2.65
S044,step,yaw,11541666.5,11541676.7,10.2,1.12
S045,step,yaw,11634176.7,11634181.6,4.9,0.95
S045,step,yaw,11634186.1,11634190.0,3.9,0.96
S045,step,yaw,11634212.0,11634215.5,3.5,0.96
S045,step,yaw,11634225.8,11634233.1,7.3,1.01
S045,step,yaw,11634234.8,11634242.4,7.6,1.0
S045,step,yaw,11634243.9,11634248.2,4.3,0.97
S045,step,yaw,11634254.4,11634259.7,5.3,0.96
S045,step,yaw,11634289.2,11634293.1,3.9,1.61
S045,step,yaw,11634308.0,11634318.6,10.6,18.91
S045,step,yaw,11634325.5,11634330.1,4.6,5.77
S045,step,yaw,11634330.1,11634339.5,9.4,24.35
S045,step,pitch,11634349.5,11634439.1,89.6,19.99
S045,step,yaw,11634363.6,11634368.3,4.7,2.92
S045,step,yaw,11634379.5,11634384.6,5.1,6.73
S045,step,yaw,11634391.4,11634395.5,4.1,6.41
S045,step,yaw,11634399.5,11634404.5,5.0,3.37
S045,doublet,yaw,11634413.3,11634430.8,11.9,21.99|8.79
S045,step,yaw,11634435.0,11634439.8,4.8,2.95
S045,step,roll,11634441.1,11634483.7,42.6,1.5
S045,step,yaw,11634441.4,11634462.7,21.3,2.87
S045,step,yaw,11634506.97,11634529.8,22.83,3.24
S045,step,roll,11634526.6,11634573.5,46.9,8.51
S045,step,yaw,11634536.8,11634542.7,5.9,3.06
S045,step,yaw,11634543.9,11634555.9,12.0,11.1
S045,step,yaw,11634560.1,11634574.9,14.8,10.68
S045,step,roll,11634575.1,11634608.6,33.5,6.5
S045,step,yaw,11634592.4,11634604.6,12.2,10.46
S045,step,pitch,11634606.3,11634611.2,4.9,4.87
S045,step,yaw,11634607.6,11634616.5,8.9,4.71
S045,step,roll,11634613.5,11634627.1,13.6,2.64
S045,step,pitch,11634614.43,11634638.6,24.17,3.84
S045,step,roll,11634630.6,11634638.6,8.0,3.5
S045,step,roll,11634650.2,11634657.1,6.9,5.44
S045,step,pitch,11634650.9,11634655.2,4.3,2.73
S045,step,roll,11634662.9,11634666.7,3.8,2.09
S045,step,pitch,11634674.7,11634679.1,4.4,1.85
S045,step,roll,11634736.9,11634752.7,15.8,1.29
S045,step,roll,11634754.2,11634776.6,22.4,1.67
S045,step,roll,11634781.0,11634786.0,5.0,1.56
S045,step,roll,11634787.8,11634792.1,4.3,1.87
S045,step,roll,11634792.7,11634796.7,4.0,1.4
S045,step,roll,11634806.9,11634815.3,8.4,1.42
S045,step,roll,11634822.6,11634831.3,8.7,1.32
S045,step,roll,11634832.8,11634840.9,8.1,1.15
S045,step,roll,11634841.7,11634846.9,5.2,1.64
S045,step,roll,11634860.9,11634868.2,7.3,1.32
S045,step,roll,11634869.8,11634878.2,8.4,1.32
S045,step,roll,11634910.2,11634913.72,3.52,1.1
S045,step,roll,11634937.7,11634945.5,7.8,2.23
S045,step,roll,11634947.0,11634951.8,4.8,1.68
S045,step,roll,11634959.4,11634963.0,3.6,3.08
S045,step,roll,11634964.7,11634971.4,6.7,2.94
S045,step,roll,11634978.4,11634985.36,6.96,1.98
S045,doublet,roll,11635001.5,11635017.7,11.9,4.09|1.94
S045,step,yaw,11635007.3,11635012.1,4.8,1.21
S045,step,roll,11635018.8,11635029.5,10.7,2.94
S045,step,roll,11635031.1,11635044.7,13.6,1.64
S045,step,roll,11635047.7,11635055.8,8.1,3.68
S045,step,yaw,11635050.0,11635070.5,20.5,1.5
S045,step,roll,11635081.2,11635138.7,57.5,1.18
S045,step,roll,11635140.0,11635145.2,5.2,2.54
S045,step,roll,11635145.4,11635198.2,52.8,1.43
S045,step,roll,11635200.5,11635215.9,15.4,1.34
S045,step,roll,11635217.6,11635232.6,15.0,1.26
S045,step,roll,11635233.8,11635237.9,4.1,1.21
S045,step,roll,11635238.4,11635248.5,10.1,1.25
S045,step,roll,11635249.8,11635253.3,3.5,2.41
S045,step,roll,11635256.919,11635261.5,4.58,3.14
S045,step,roll,11635266.3,11635275.1,8.8,2.72
S045,step,roll,11635276.3,11635281.4,5.1,1.52
S045,step,roll,11635282.2,11635313.4,31.2,4.46
S045,step,roll,11635322.7,11635327.4,4.7,1.12
S045,step,roll,11635338.9,11635348.2,9.3,2.89
S045,step,roll,11635354.5,11635371.3,16.8,2.73
S045,step,roll,11635378.2,11635381.7,3.5,2.19
S045,step,roll,11635387.7,11635395.0,7.3,1.72
S045,step,roll,11635397.9,11635402.5,4.6,3.35
S045,step,roll,11635423.2,11635426.7,3.5,2.05
S045,step,roll,11635431.0,11635438.6,7.6,2.03
S045,step,roll,11635449.0,11635452.6,3.6,1.87
S045,step,roll,11635457.2,11635460.9,3.7,2.48
S045,step,roll,11635474.9,11635480.6,5.7,2.87
S045,step,roll,11635482.2,11635485.7,3.5,2.26
S045,step,roll,11635496.9,11635500.7,3.8,4.23
S045,step,roll,11635507.6,11635513.4,5.8,4.64
S045,step,roll,11635518.0,11635533.6,15.6,3.1
S045,step,roll,11635535.4,11635541.1,5.7,3.16
S045,step,roll,11635545.8,11635551.5,5.7,1.64
S045,step,roll,11635554.4,11635558.4,4.0,3.25
S045,step,roll,11635559.6,11635566.6,7.0,4.58
S045,step,roll,11635576.2,11635580.0,3.8,3.46
S045,step,roll,11635581.3,11635586.1,4.8,5.19
S045,step,roll,11635586.9,11635596.1,9.2,3.38
S045,step,roll,11635612.83,11635617.4,4.57,4.93
S045,step,roll,11635620.8,11635628.7,7.9,3.1
S045,step,roll,11635641.4,11635645.1,3.7,4.11
S045,step,roll,11635651.0,11635655.4,4.4,4.8
S045,step,roll,11635658.8,11635677.0,18.2,4.5
S045,step,yaw,11635661.3,11635665.7,4.4,3.36
S045,step,pitch,11635670.4,11635689.9,19.5,4.94
S045,step,roll,11635679.8,11635686.7,6.9,3.53
S045,step,roll,11635687.9,11635712.2,24.3,6.72
S045,step,pitch,11635690.9,11635694.8,3.9,2.45
S045,doublet,roll,11635713.7,11635721.3,7.6,3.1|2.27
S045,step,roll,11635726.0,11635731.0,5.0,3.59
S045,step,yaw,11635732.9,11635747.2,14.3,1.21
S045,step,roll,11635737.6,11635741.3,3.7,1.26
S045,step,yaw,11635748.2,11635756.8,8.6,1.4
S045,step,roll,11635763.9,11635768.3,4.4,1.67
S045,step,yaw,11635767.5,11635775.6,8.1,2.37
S045,step,roll,11635768.8,11635779.2,10.4,4.28
S045,step,yaw,11635776.7,11635836.3,59.6,1.64
S045,step,roll,11635806.3,11635830.4,24.1,1.28
S045,step,roll,11635831.2,11635895.7,64.5,1.65
S045,step,yaw,11635837.0,11635842.0,5.0,1.1
S045,step,roll,11635897.0,11635914.0,17.0,1.53
S045,step,roll,11635925.2,11635928.7,3.5,2.15
S045,step,roll,11635935.2,11635952.0,16.8,1.85
S045,step,roll,11635952.5,11635962.9,10.4,2.22
S045,step,roll,11635964.1,11635968.0,3.9,2.38
S045,step,roll,11636128.2,11636144.3,16.1,1.54
S045,step,roll,11636146.7,11636151.3,4.6,1.12
S045,step,roll,11636287.6,11636299.0,11.4,1.32
S045,step,roll,11636300.3,11636303.8,3.5,1.08
S045,step,roll,11636324.0,11636332.7,8.7,1.33
S045,step,roll,11636337.1,11636340.9,3.8,1.74
S045,step,roll,11636343.1,11636348.8,5.7,2.57
S045,step,roll,11636355.8,11636359.3,3.5,2.38
S045,step,roll,11636369.7,11636384.7,15.0,2.81
S045,step,roll,11636396.5,11636401.7,5.2,1.5
S045,step,roll,11636413.3,11636419.4,6.1,2.17
S045,step,roll,11636428.0,11636434.4,6.4,2.98
S045,step,roll,11636436.7,11636440.2,3.5,2.14
S045,step,roll,11636442.5,11636448.6,6.1,2.22
S045,step,roll,11636458.1,11636461.9,3.8,1.52
S045,step,roll,11636464.0,11636469.8,5.8,2.01
S045,step,roll,11636471.8,11636476.1,4.3,3.27
S045,step,roll,11636487.4,11636491.2,3.8,2.38
S045,step,roll,11636492.3,11636500.3,8.0,2.2
S045,step,roll,11636508.0,11636513.7,5.7,3.51
S045,step,roll,11636516.4,11636520.1,3.7,2.76
S045,step,roll,11636539.5,11636543.0,3.5,3.1
S045,step,roll,11636545.7,11636550.2,4.5,3.13
S045,step,roll,11636551.0,11636556.8,5.8,3.39
S045,step,roll,11636557.8,11636564.5,6.7,3.02
S045,step,roll,11636570.2,11636574.2,4.0,4.56
S045,step,roll,11636595.0,11636614.5,19.5,7.99
S045,step,yaw,11636596.1,11636601.5,5.4,4.64
S045,step,yaw,11636607.9,11636615.5,7.6,3.0
S045,step,roll,11636615.4,11636619.1,3.7,3.84
S045,step,roll,11636630.6,11636634.1,3.5,2.41
S045,step,roll,11636639.4,11636643.6,4.2,3.58
S045,step,roll,11636644.3,11636653.4,9.1,5.17
S045,step,yaw,11636657.4,11636695.3,37.9,2.27
S045,step,roll,11636677.4,11636681.7,4.3,3.45
S045,step,roll,11636688.6,11636697.2,8.6,2.99
S045,step,roll,11636702.8,11636708.5,5.7,4.83
S045,step,roll,11636712.0,11636716.3,4.3,3.18
S045,step,roll,11636719.8,11636734.1,14.3,3.18
S045,step,pitch,11636730.0,11636735.1,5.1,2.15
S045,step,yaw,11636730.2,11636765.5,35.3,1.82
S045,step,roll,11636767.2,11636771.3,4.1,2.01
S045,step,yaw,11636770.0,11636779.9,9.9,1.39
S045,step,roll,11636778.0,11636783.9,5.9,1.35
S045,step,roll,11636799.5,11636804.0,4.5,2.54
S045,step,roll,11636809.0,11636813.4,4.4,3.06
S045,step,roll,11636824.9,11636831.9,7.0,4.55
S045,step,roll,11636849.2,11636861.9,12.7,3.65
S045,step,roll,11636882.5,11636892.4,9.9,1.44
S045,step,roll,11637041.0,11637050.4,9.4,3.14
S045,step,roll,11637051.4,11637059.5,8.1,1.21
S045,step,roll,11637061.8,11637072.2,10.4,2.69
S045,step,roll,11637091.9,11637096.8,4.9,1.52
S045,step,roll,11637097.7,11637110.4,12.7,1.5
S045,step,roll,11637121.9,11637125.4,3.5,1.89
S045,step,roll,11637136.8,11637140.4,3.6,1.62
S045,step,roll,11637142.7,11637148.5,5.8,2.16
S045,step,roll,11637169.8,11637173.9,4.1,2.98
S045,step,roll,11637187.8,11637191.3,3.5,2.55
S045,step,pitch,11637200.6,11637223.1,22.5,3.46
S045,step,roll,11637202.7,11637212.1,9.4,2.87
S045,step,roll,11637215.1,11637221.3,6.2,3.22
S045,step,pitch,11637224.8,11637252.9,28.1,3.1
S045,step,roll,11637239.1,11637245.6,6.5,4.97
S045,step,roll,11637246.79,11637253.7,6.91,2.72
S045,step,pitch,11637253.9,11637272.4,18.5,2.46
S045,step,roll,11637260.6,11637266.4,5.8,3.45
S045,step,roll,11637272.2,11637277.9,5.7,2.27
S045,step,pitch,11637274.0,11637344.4,70.4,6.3
S045,step,roll,11637284.9,11637293.0,8.1,3.55
S045,step,roll,11637327.5,11637333.4,5.9,4.81
S045,step,roll,11637349.63,11637362.0,12.37,6.08
S045,step,yaw,11637352.8,11637362.1,9.3,4.16
S045,step,pitch,11637358.8,11637378.4,19.6,4.88
S045,step,roll,11637364.6,11637368.1,3.5,5.57
S045,step,roll,11637375.05,11637380.3,5.25,4.11
S045,step,roll,11637408.5,11637414.9,6.4,4.38
S045,step,yaw,11637409.8,11637415.5,5.7,2.09
S045,step,yaw,11637416.6,11637457.8,41.2,2.8
S045,step,roll,11637447.8,11637452.4,4.6,2.41
S045,step,yaw,11637458.4,11637488.6,30.2,1.61
S045,step,roll,11637468.64,11637476.7,8.06,3.13
S045,step,roll,11637490.6,11637499.8,9.2,2.12
S045,step,roll,11637501.2,11637505.9,4.7,1.25
S045,step,yaw,11637503.32,11637507.8,4.48,1.23
S045,step,roll,11637507.8,11637513.5,5.7,1.28
S045,step,roll,11637514.4,11637521.4,7.0,1.8
S045,step,roll,11637533.3,11637536.8,3.5,2.27
S045,step,roll,11637541.4,11637548.3,6.9,2.95
S046_2,step,yaw,12252457.2,12252493.3,36.1,1.49
S046_2,step,yaw,12252609.6,12252619.3,9.7,2.1
S046_2,step,yaw,12252626.3,12252641.4,15.1,1.79
S046_2,step,roll,12252645.1,12252661.3,16.2,1.06
S046_2,step,yaw,12252652.1,12252657.2,5.1,1.5
S046_2,step,yaw,12252658.9,12252668.4,9.5,8.53
S046_2,step,roll,12252662.8,12252674.4,11.6,0.81
S046_2,step,yaw,12252668.4,12252672.4,4.0,13.94
S046_2,step,roll,12252675.1,12252679.7,4.6,0.81
S046_2,step,yaw,12252675.3,12252681.2,5.9,5.33
S046_2,step,yaw,12252684.7,12252712.6,27.9,18.17
S046_2,doublet,yaw,12252712.6,12252720.9,8.3,7.64|4.87
S046_2,step,yaw,12252777.4,12252787.5,10.1,6.33
S046_2,step,yaw,12252805.8,12252817.4,11.6,20.65
S046_2,step,yaw,12252817.4,12252828.1,10.7,18.15
S046_2,step,yaw,12252847.7,12252852.1,4.4,5.46
S046_2,step,yaw,12252880.36,12252884.5,4.14,5.85
S046_2,step,yaw,12252885.02,12252888.7,3.68,6.61
S046_2,step,yaw,12252896.0,12252908.3,12.3,11.15
S046_2,step,yaw,12252912.9,12252935.8,22.9,7.17
S046_2,step,yaw,12252935.8,12252939.9,4.1,9.49
S046_2,step,yaw,12252943.2,12252968.8,25.6,21.44
S046_2,doublet,yaw,12252970.9,12252980.6,9.7,10.68|3.56
S046_2,step,yaw,12252987.3,12252999.7,12.4,16.43
S046_2,step,yaw,12253001.1,12253023.6,22.5,6.77
S046_2,step,roll,12253008.4,12253012.1,3.7,3.02
S046_2,step,roll,12253016.0,12253021.7,5.7,4.16
S046_2,step,roll,12253024.7,12253029.3,4.6,3.03
S046_2,step,yaw,12253027.08,12253034.0,6.92,1.45
S046_2,step,roll,12253031.7,12253045.7,14.0,4.65
S046_2,step,pitch,12253057.1,12253065.6,8.5,3.34
S046_2,step,pitch,12253073.6,12253078.9,5.3,2.25
S046_2,step,roll,12253082.2,12253090.8,8.6,3.12
S046_2,step,roll,12253094.6,12253099.0,4.4,2.36
S046_2,step,roll,12253133.9,12253138.8,4.9,1.37
S046_2,step,pitch,12253138.8,12253206.2,67.4,6.48
S046_2,step,roll,12253156.0,12253168.2,12.2,2.94
S046_2,step,roll,12253173.8,12253182.0,8.2,4.31
S046_2,step,roll,12253185.4,12253189.8,4.4,2.53
S046_2,step,roll,12253201.5,12253205.1,3.6,1.79
S046_2,step,roll,12253206.419,12253211.4,4.98,1.81
S046_2,step,roll,12253225.7,12253231.0,5.3,1.77
S046_2,step,roll,12253285.0,12253291.4,6.4,3.37
S046_2,step,roll,12253297.24,12253303.7,6.46,2.44
S046_2,step,roll,12253325.1,12253334.1,9.0,5.24
S046_2,step,yaw,12253328.1,12253334.4,6.3,1.21
S046_2,step,roll,12253343.8,12253351.1,7.3,3.27
S046_2,step,roll,12253362.4,12253373.1,10.7,3.8
S046_2,step,roll,12253374.7,12253378.7,4.0,1.35
S046_2,step,roll,12253382.9,12253390.3,7.4,1.59
S046_2,step,roll,12253392.7,12253401.8,9.1,1.38
S046_2,step,roll,12253457.9,12253462.5,4.6,2.92
S046_2,step,roll,12253467.2,12253471.8,4.6,2.75
S046_2,step,roll,12253474.2,12253480.1,5.9,2.08
S046_2,step,roll,12253488.1,12253499.7,11.6,2.36
S046_2,step,roll,12253514.9,12253521.4,6.5,2.73
S046_2,step,roll,12253530.1,12253534.1,4.0,3.05
S046_2,step,roll,12253546.4,12253550.5,4.1,1.59
S046_2,step,roll,12253555.7,12253565.0,9.3,5.99
S046_2,step,yaw,12253557.1,12253565.0,7.9,0.97
S046_2,step,roll,12253572.0,12253576.3,4.3,4.24
S046_2,step,roll,12253590.2,12253597.6,7.4,1.74
S046_2,step,roll,12253603.6,12253611.4,7.8,3.43
S046_2,step,yaw,12253638.5,12253725.1,86.6,2.61
S046_2,step,roll,12253641.5,12253645.5,4.0,1.92
S046_2,step,roll,12253646.5,12253651.2,4.7,2.12
S046_2,step,roll,12253672.0,12253675.8,3.8,1.45
S046_2,step,roll,12253681.3,12253684.8,3.5,1.61
S046_2,step,roll,12253704.7,12253709.1,4.4,4.33
S046_2,step,yaw,12253725.6,12253732.4,6.8,1.15
S046_2,step,roll,12253725.7,12253730.4,4.7,6.18
S046_2,step,roll,12253730.4,12253739.7,9.3,3.28
S046_2,step,roll,12253744.3,12253751.3,7.0,3.33
S046_2,step,roll,12253766.8,12253771.3,4.5,1.91
S046_2,step,roll,12253797.8,12253802.6,4.8,3.08
S046_2,step,roll,12253813.1,12253821.1,8.0,2.98
S046_2,step,roll,12253865.5,12253869.8,4.3,2.31
S046_2,step,roll,12253913.6,12253919.0,5.4,1.98
S046_2,step,roll,12253921.3,12253926.0,4.7,4.68
S046_2,step,roll,12253926.0,12253935.5,9.5,1.38
S046_2,step,roll,12253937.5,12253947.0,9.5,2.14
S046_2,step,yaw,12253940.8,12253948.2,7.4,1.04
S046_2,step,roll,12253949.3,12253956.3,7.0,4.39
S046_2,step,yaw,12253951.6,12253967.0,15.4,1.15
S046_2,step,yaw,12253968.7,12253981.9,13.2,1.13
S046_2,step,roll,12253970.3,12253974.9,4.6,4.61
S046_2,step,yaw,12253983.3,12253988.5,5.2,1.61
S046_2,step,roll,12254009.8,12254014.3,4.5,1.87
S046_2,step,roll,12254027.0,12254035.1,8.1,1.82
S046_2,step,roll,12254130.9,12254134.5,3.6,3.11
S046_2,step,roll,12254172.8,12254179.7,6.9,2.14
S046_2,step,roll,12254291.7,12254296.1,4.4,2.01
S046_2,step,roll,12254330.5,12254335.9,5.4,1.48
S046_2,step,roll,12254340.61,12254347.5,6.89,1.89
S046_2,step,roll,12254401.1,12254408.1,7.0,3.41
S046_2,step,roll,12254408.1,12254419.7,11.6,4.92
S046_2,step,roll,12254424.4,12254428.9,4.5,1.55
S046_2,step,roll,12254435.3,12254441.6,6.3,1.68
S046_2,step,pitch,12254443.1,12254455.6,12.5,3.8
S046_2,step,roll,12254446.9,12254457.0,10.1,2.5
S046_2,step,roll,12254466.3,12254471.0,4.7,2.35
S046_2,step,roll,12254471.0,12254481.6,10.6,4.99
S046_2,step,roll,12254489.6,12254493.5,3.9,1.57
S046_2,step,roll,12254496.6,12254503.2,6.6,2.68
S046_2,step,roll,12254515.2,12254519.9,4.7,2.33
S046_2,step,roll,12254526.9,12254531.5,4.6,1.79
S046_2,step,yaw,12254538.2,12254589.3,51.1,2.46
S046_2,step,roll,12254562.8,12254566.5,3.7,1.02
S046_2,step,roll,12254580.4,12254585.7,5.3,1.5
S046_2,doublet,roll,12254589.8,12254601.4,11.6,9.66|4.26
S046_2,step,yaw,12254589.81,12254594.2,4.39,1.07
S046_2,step,roll,12254601.4,12254615.9,14.5,3.92
S046_2,step,roll,12254617.76,12254623.4,5.64,3.05
S046_2,step,roll,12254627.0,12254643.1,16.1,4.56
S046_2,step,yaw,12254659.3,12254701.7,42.4,2.4
S046_2,step,roll,12254662.0,12254666.4,4.4,1.27
S046_2,step,roll,12254673.6,12254677.5,3.9,1.32
S046_2,step,roll,12254678.3,12254682.3,4.0,1.42
S046_2,step,roll,12254699.2,12254706.2,7.0,9.3
S046_2,step,roll,12254712.9,12254731.8,18.9,3.83
S046_2,step,roll,12254733.9,12254740.8,6.9,1.44
S046_2,step,yaw,12254753.2,12254765.4,12.2,2.08
S046_2,step,yaw,12254766.7,12254802.4,35.7,2.52
S046_2,step,roll,12254779.7,12254784.2,4.5,1.68
S046_2,step,roll,12254799.3,12254807.8,8.5,8.53
S046_2,step,roll,12254807.8,12254813.3,5.5,4.19
S046_2,step,roll,12254813.3,12254831.7,18.4,4.36
S046_2,step,yaw,12254833.8,12254838.9,5.1,1.6
S046_2,step,yaw,12254839.0,12254892.5,53.5,2.48
S046_2,step,roll,12254862.6,12254871.1,8.5,1.37
S046_2,step,roll,12254883.2,12254892.5,9.3,8.57
S046_2,step,roll,12254892.5,12254896.4,3.9,4.58
S046_2,step,roll,12254899.4,12254914.3,14.9,3.89
S046_2,step,roll,12254922.7,12254929.7,7.0,2.32
S046_2,step,yaw,12254932.0,12254936.0,4.0,0.95
S046_2,step,roll,12254932.1,12254936.4,4.3,1.88
S046_2,step,yaw,12254939.1,12254997.1,58.0,2.9
S046_2,step,roll,12254997.3,12255002.0,4.7,5.21
S046_2,step,roll,12255004.3,12255013.6,9.3,3.28
S046_2,step,roll,12255016.0,12255034.4,18.4,5.2
S046_2,step,roll,12255034.64,12255041.6,6.96,1.4
S046_2,step,roll,12255043.9,12255047.4,3.5,2.3
S046_2,step,yaw,12255057.9,12255064.9,7.0,1.72
S046_2,step,yaw,12255066.9,12255134.7,67.8,2.59
S046_2,step,roll,12255116.1,12255120.0,3.9,2.16
S046_2,step,roll,12255134.7,12255139.4,4.7,5.69
S046_2,step,roll,12255139.4,12255147.3,7.9,6.42
S046_2,step,yaw,12255141.3,12255219.6,78.3,1.33
S046_2,step,roll,12255181.0,12255186.0,5.0,3.01
S046_2,step,roll,12255195.3,12255199.9,4.6,1.45
S046_2,step,roll,12255204.6,12255211.6,7.0,1.57
S046_2,step,roll,12255234.9,12255239.5,4.6,2.1
S046_2,step,roll,12255260.1,12255263.8,3.7,2.66
S046_2,step,yaw,12255367.2,12255371.3,4.1,0.89
S046_2,step,roll,12255367.6,12255379.2,11.6,3.62
S046_2,step,yaw,12255373.9,12255377.9,4.0,0.89
S046_2,doublet,roll,12255383.9,12255400.2,10.9,1.9|3.09
S046_2,step,roll,12255404.5,12255409.0,4.5,3.04
S046_2,step,roll,12255421.1,12255425.8,4.7,2.01
S046_2,step,roll,12255480.0,12255492.3,12.3,1.76
S046_2,step,roll,12255496.2,12255507.4,11.2,6.25
S046_2,step,roll,12255507.4,12255512.9,5.5,3.8
S046_2,step,roll,12255514.4,12255519.0,4.6,1.98
S046_2,step,roll,12255528.3,12255542.3,14.0,2.85
S046_2,step,roll,12255570.2,12255574.0,3.8,1.2
S046_2,step,roll,12255575.5,12255581.9,6.4,1.78
S046_2,step,roll,12255644.8,12255649.0,4.2,2.3
S046_2,step,roll,12255664.7,12255669.3,4.6,1.56
S046_2,step,roll,12255674.8,12255678.9,4.1,1.36
S046_2,step,roll,12255679.9,12255689.0,9.1,4.55
S046_2,step,roll,12255689.0,12255698.3,9.3,4.35
S046_2,step,roll,12255700.6,12255712.3,11.7,2.91
S046_2,step,roll,12255740.0,12255744.9,4.9,2.05
S046_2,step,roll,12255746.8,12255761.2,14.4,3.6
S046_2,step,roll,12255796.1,12255800.8,4.7,3.17
S046_2,doublet,roll,12255821.7,12255831.1,9.4,1.77|2.02
S046_2,step,roll,12255831.1,12255838.0,6.9,5.44
S046_2,step,roll,12255901.2,12255905.7,4.5,0.93
S046_2,step,roll,12255914.9,12255919.6,4.7,3.26
S046_2,step,roll,12255919.6,12255929.9,10.3,4.09
S046_2,step,roll,12255931.27,12255935.2,3.93,2.81
S046_2,step,roll,12255949.9,12255954.5,4.6,1.53
S046_2,step,roll,12255984.8,12255991.8,7.0,2.89
S046_2,step,roll,12255991.8,12256006.9,15.1,3.79
S046_2,step,roll,12256040.7,12256044.5,3.8,1.71
S046_2,step,roll,12256061.7,12256066.7,5.0,1.63
S046_2,step,roll,12256075.6,12256080.3,4.7,3.3
S046_2,step,roll,12256082.6,12256091.6,9.0,4.96
S046_2,step,roll,12256129.1,12256133.8,4.7,1.97
S046_2,step,roll,12256161.8,12256166.5,4.7,3.42
S046_2,step,roll,12256180.4,12256186.1,5.7,2.39
S046_2,step,roll,12256195.6,12256206.0,10.4,3.59
S046_2,step,roll,12256220.6,12256226.3,5.7,1.22
S046_2,step,pitch,12256238.6,12256245.4,6.8,2.24
S046_2,step,pitch,12256247.5,12256254.9,7.4,1.95
S046_2,step,pitch,12256255.0,12256338.1,83.1,2.17
S046_2,step,roll,12256300.7,12256308.8,8.1,1.91
S046_2,step,roll,12256310.9,12256317.8,6.9,1.49
S046_2,step,roll,12256322.1,12256325.9,3.8,3.11
S046_2,doublet,roll,12256338.4,12256350.4,12.0,4.8|1.81
S046_2,step,pitch,12256345.8,12256350.9,5.1,2.02
S046_2,step,pitch,12256358.4,12256363.2,4.8,1.93
S046_2,step,pitch,12256383.1,12256387.1,4.0,2.38
S046_2,step,pitch,12256389.8,12256428.7,38.9,2.24
S046_2,step,roll,12256401.7,12256406.7,5.0,2.52
S046_2,step,roll,12256419.8,12256424.9,5.1,1.98
S046_2,step,roll,12256429.6,12256434.0,4.4,4.48
S046_2,step,roll,12256440.0,12256448.3,8.3,3.79
S046_2,step,roll,12256458.5,12256463.0,4.5,1.53
S046_2,step,roll,12256490.2,12256499.5,9.3,3.5
S046_2,step,pitch,12256520.3,12256524.5,4.2,1.88
S046_2,step,pitch,12256529.3,12256546.1,16.8,1.89
S046_2,step,roll,12256546.0,12256553.1,7.1,2.7
S046_2,step,roll,12256553.1,12256562.4,9.3,2.97
S046_2,step,pitch,12256563.3,12256569.3,6.0,2.56
S046_2,step,roll,12256564.0,12256574.0,10.0,3.82
S046_2,step,pitch,12256577.7,12256620.6,42.9,2.38
S046_2,step,roll,12256606.2,12256609.7,3.5,2.0
S046_2,step,roll,12256615.4,12256620.6,5.2,2.73
S046_2,step,roll,12256629.4,12256641.5,12.1,2.17
S046_2,step,roll,12256713.8,12256720.7,6.9,1.57
S046_2,step,roll,12256723.1,12256732.4,9.3,3.09
S046_2,step,roll,12256785.0,12256789.9,4.9,1.09
S046_2,step,roll,12256825.5,12256829.1,3.6,2.28
S046_2,step,roll,12256837.2,12256841.9,4.7,1.02
S046_2,step,roll,12256855.8,12256862.8,7.0,3.79
S046_2,step,roll,12256900.1,12256906.9,6.8,1.3
S046_2,step,roll,12256910.6,12256914.1,3.5,2.05
S046_2,step,roll,12256925.7,12256929.5,3.8,2.43
S046_2,step,roll,12256946.6,12256951.3,4.7,2.15
S046_2,step,roll,12256965.3,12256972.1,6.8,2.41
S046_2,step,roll,12256984.2,12256987.8,3.6,1.82
S046_2,step,pitch,12256986.1,12257006.7,20.6,5.65
S046_2,step,roll,12256990.9,12256996.2,5.3,2.69
S046_2,step,roll,12257002.5,12257006.8,4.3,5.86
S046_2,step,roll,12257007.2,12257011.4,4.2,2.95
S046_2,step,pitch,12257009.5,12257013.0,3.5,2.44
S046_2,step,roll,12257020.8,12257025.6,4.8,2.06
S046_2,step,yaw,12257035.22,12257040.5,5.28,1.22
S046_2,step,yaw,12257042.3,12257084.9,42.6,12.43
S046_2,step,roll,12257049.1,12257058.6,9.5,7.32
S046_2,step,roll,12257059.5,12257067.8,8.3,4.86
S046_2,step,pitch,12257077.0,12257081.7,4.7,10.43
S046_2,step,roll,12257077.5,12257081.7,4.2,5.9
S046_2,step,pitch,12257083.9,12257113.6,29.7,20.02
S046_2,step,yaw,12257086.1,12257109.6,23.5,23.7
S046_2,step,roll,12257100.4,12257114.3,13.9,1.39
S046_3,step,yaw,12259083.3,12259131.6,48.3,25.01
S046_3,step,yaw,12259138.9,12259143.7,4.8,7.95
S046_3,step,yaw,12259163.8,12259168.6,4.8,6.54
S046_3,step,yaw,12259175.5,12259180.4,4.9,6.35
S046_3,doublet,yaw,12259188.7,12259196.8,8.1,5.47|3.4
S046_3,step,yaw,12259217.1,12259226.0,8.9,24.98
S046_3,step,yaw,12259226.0,12259236.7,10.7,23.78
S046_3,step,yaw,12259237.9,12259243.6,5.7,9.09
S046_3,step,yaw,12259265.5,12259272.0,6.5,5.01
S046_3,step,yaw,12259283.0,12259294.0,11.0,8.55
S046_3,step,yaw,12259295.4,12259300.6,5.2,5.96
S046_3,step,yaw,12259304.8,12259316.0,11.2,13.41
S046_3,step,yaw,12259316.0,12259355.1,39.1,13.49
S046_3,step,yaw,12259361.4,12259389.5,28.1,9.91
S046_3,step,roll,12259388.4,12259425.6,37.2,19.92
S046_3,step,yaw,12259396.5,12259403.8,7.3,4.27
S046_3,step,yaw,12259416.0,12259431.1,15.1,10.57
S046_3,step,yaw,12259434.5,12259456.0,21.5,2.47
S046_3,step,roll,12259441.1,12259458.5,17.4,3.54
S046_3,step,roll,12259460.5,12259469.2,8.7,1.94
S046_3,step,pitch,12259463.1,12259471.7,8.6,4.14
S046_3,step,pitch,12259473.4,12259478.2,4.8,2.21
S046_3,step,roll,12259476.2,12259480.6,4.4,1.07
S046_3,step,roll,12259487.2,12259497.9,10.7,1.96
S046_3,step,roll,12259504.4,12259508.4,4.0,1.99
S046_3,step,roll,12259509.2,12259512.8,3.6,1.16
S046_3,step,roll,12259528.8,12259533.2,4.4,2.92
S046_3,step,roll,12259575.0,12259581.5,6.5,1.89
S046_3,step,roll,12259582.8,12259588.0,5.2,2.57
S046_3,step,roll,12259593.5,12259601.3,7.8,2.02
S046_3,step,roll,12259607.9,12259611.4,3.5,1.61
S046_3,step,roll,12259620.5,12259629.4,8.9,2.22
S046_3,step,roll,12259629.919,12259634.7,4.78,2.63
S046_3,step,roll,12259636.4,12259642.3,5.9,2.8
S046_3,step,yaw,12259636.4,12259695.6,59.2,1.79
S046_3,step,roll,12259645.28,12259650.1,4.82,2.86
S046_3,step,roll,12259650.9,12259655.1,4.2,3.03
S046_3,step,roll,12259656.2,12259699.4,43.2,5.51
S046_3,step,roll,12259704.5,12259710.8,6.3,2.0
S046_3,step,roll,12259725.9,12259730.0,4.1,2.95
S046_3,step,roll,12259735.2,12259743.8,8.6,4.18
S046_3,step,roll,12259761.6,12259769.0,7.4,2.64
S046_3,step,roll,12259780.5,12259786.3,5.8,1.34
S046_3,step,roll,12259792.35,12259796.6,4.25,1.93
S046_3,step,roll,12259803.33,12259810.9,7.57,3.07
S046_3,step,roll,12259836.2,12259858.1,21.9,3.39
S046_3,step,yaw,12259850.4,12259858.0,7.6,1.46
S046_3,step,yaw,12259858.2,12259869.0,10.8,1.88
S046_3,step,roll,12259860.2,12259868.8,8.6,3.02
S046_3,step,roll,12259870.1,12259909.4,39.3,5.56
S046_3,step,yaw,12259871.3,12259899.3,28.0,1.78
S046_3,step,roll,12259923.0,12259928.4,5.4,1.64
S046_3,step,roll,12259932.4,12259937.2,4.8,1.73
S046_3,step,yaw,12259974.5,12259978.4,3.9,1.58
S046_3,step,roll,12259977.6,12259982.5,4.9,3.52
S046_3,step,yaw,12259982.6,12259991.7,9.1,1.66
S046_3,step,roll,12259992.0,12259996.4,4.4,2.97
S046_3,step,roll,12259998.6,12260011.8,13.2,4.99
S046_3,step,roll,12260030.4,12260045.4,15.0,2.83
S046_3,step,yaw,12260033.0,12260050.0,17.0,1.68
S046_3,step,roll,12260049.2,12260058.9,9.7,2.98
S046_3,step,yaw,12260051.1,12260056.9,5.8,1.56
S046_3,step,yaw,12260060.8,12260071.4,10.6,1.59
S046_3,doublet,roll,12260068.919,12260077.6,8.68,1.81|2.18
S046_3,step,roll,12260077.6,12260093.0,15.4,3.97
S046_3,step,roll,12260103.2,12260110.6,7.4,2.57
S046_3,step,roll,12260114.8,12260121.5,6.7,1.88
S046_3,step,roll,12260125.7,12260131.7,6.0,2.05
S046_3,step,roll,12260147.7,12260167.2,19.5,2.43
S046_3,step,roll,12260172.0,12260176.8,4.8,3.54
S046_3,step,yaw,12260176.2,12260199.4,23.2,1.68
S046_3,step,roll,12260177.6,12260184.1,6.5,2.73
S046_3,step,roll,12260188.2,12260195.3,7.1,2.65
S046_3,doublet,roll,12260196.7,12260204.5,7.8,2.03|2.41
S046_3,step,roll,12260207.1,12260230.0,22.9,3.64
S046_3,step,roll,12260258.3,12260266.4,8.1,1.73
S046_3,step,roll,12260272.0,12260294.3,22.3,2.36
S046_3,step,roll,12260297.1,12260305.9,8.8,2.16
S046_3,step,roll,12260308.1,12260345.4,37.3,1.57
S046_3,step,roll,12260345.4,12260349.8,4.4,2.11
S046_3,step,roll,12260349.8,12260359.8,10.0,3.43
S046_3,step,roll,12260361.6,12260369.0,7.4,1.9
S046_3,step,roll,12260369.64,12260385.6,15.96,2.54
S046_3,step,roll,12260387.1,12260391.4,4.3,2.7
S046_3,step,roll,12260391.58,12260407.9,16.32,2.65
S046_3,step,yaw,12260400.0,12260409.1,9.1,1.4
S046_3,step,roll,12260412.9,12260441.3,28.4,2.48
S046_3,step,roll,12260442.06,12260450.8,8.74,1.2
S046_3,step,roll,12260464.0,12260467.5,3.5,1.16
S046_3,step,roll,12260469.1,12260477.0,7.9,2.08
S046_3,step,roll,12260479.3,12260491.8,12.5,2.68
S046_3,step,roll,12260496.9,12260506.9,10.0,1.79
S046_3,step,roll,12260507.91,12260512.2,4.29,1.44
S046_3,step,roll,12260514.4,12260526.1,11.7,1.89
S046_3,step,roll,12260528.2,12260532.0,3.8,1.42
S046_3,step,roll,12260536.4,12260547.5,11.1,3.09
S046_3,step,yaw,12260541.3,12260546.2,4.9,1.33
S046_3,step,yaw,12260546.7,12260559.0,12.3,1.6
S046_3,step,roll,12260548.5,12260559.1,10.6,2.4
S046_3,step,roll,12260568.6,12260574.2,5.6,2.05
S046_3,step,yaw,12260573.7,12260577.3,3.6,1.65
S046_3,step,roll,12260577.3,12260586.0,8.7,2.42
S046_3,step,yaw,12260588.4,12260592.5,4.1,1.24
S046_3,step,roll,12260590.9,12260595.6,4.7,2.54
S046_3,step,roll,12260596.6,12260608.8,12.2,2.54
S046_3,step,yaw,12260601.6,12260617.6,16.0,1.43
S046_3,step,roll,12260608.8,12260619.8,11.0,2.85
S046_3,step,roll,12260623.5,12260654.2,30.7,3.69
S046_3,step,roll,12260659.35,12260669.0,9.65,1.97
S046_3,step,roll,12260672.0,12260690.4,18.4,1.61
S046_3,step,roll,12260692.2,12260705.2,13.0,2.83
S046_3,step,yaw,12260700.8,12260746.3,45.5,1.81
S046_3,step,roll,12260709.0,12260725.7,16.7,2.44
S046_3,step,roll,12260732.1,12260774.3,42.2,2.97
S046_3,step,roll,12260777.6,12260830.5,52.9,4.23
S046_3,step,roll,12260852.2,12260857.0,4.8,3.1
S046_3,step,roll,12260857.7,12260862.2,4.5,1.95
S046_3,step,roll,12260868.7,12260887.2,18.5,2.42
S046_3,step,roll,12260889.83,12260894.8,4.97,2.39
S046_3,step,roll,12260896.4,12260903.9,7.5,2.0
S046_3,step,roll,12260905.6,12260912.7,7.1,3.72
S046_3,step,roll,12260919.8,12260937.6,17.8,4.85
S046_3,step,roll,12260941.9,12260972.1,30.2,4.84
S046_3,step,roll,12260975.4,12260996.5,21.1,3.99
S046_3,step,roll,12261003.8,12261010.5,6.7,2.89
S046_3,step,roll,12261012.7,12261021.5,8.8,2.33
S046_3,step,roll,12261030.2,12261073.5,43.3,5.06
S046_3,step,roll,12261081.2,12261127.8,46.6,4.48
S046_3,doublet,roll,12261130.8,12261142.2,11.4,2.17|3.51
S046_3,step,roll,12261142.2,12261146.6,4.4,3.04
S046_3,step,roll,12261148.8,12261154.7,5.9,2.04
S046_3,step,roll,12261159.8,12261168.0,8.2,2.67
S046_3,step,roll,12261168.589,12261191.3,22.71,2.19
S046_3,step,roll,12261193.0,12261239.0,46.0,4.69
S046_3,step,yaw,12261236.1,12261243.3,7.2,0.92
S046_3,step,yaw,12261244.4,12261248.7,4.3,0.93
S046_3,step,roll,12261244.5,12261256.3,11.8,2.67
S046_3,step,yaw,12261250.6,12261254.9,4.3,1.0
S046_3,step,yaw,12261255.9,12261264.3,8.4,0.98
S046_3,step,yaw,12261265.2,12261274.3,9.1,1.1
S046_3,step,yaw,12261280.2,12261295.1,14.9,1.11
S046_3,step,roll,12261284.4,12261289.3,4.9,1.84
S046_3,step,yaw,12261295.4,12261300.6,5.2,1.02
S046_3,step,roll,12261298.0,12261301.3,3.3,3.67
S046_3,step,roll,12261304.5,12261310.2,5.7,2.93
S046_3,step,roll,12261343.9,12261347.3,3.4,2.24
S046_3,step,roll,12261377.0,12261396.8,19.8,1.57
S046_3,step,pitch,12261379.3,12261382.9,3.6,1.75
S046_3,step,roll,12261403.4,12261411.7,8.3,1.43
S046_3,step,roll,12261445.16,12261451.3,6.14,3.16
S046_3,step,yaw,12261472.9,12261486.8,13.9,2.01
S046_3,step,roll,12261473.9,12261478.0,4.1,1.03
S046_3,step,roll,12261478.0,12261486.8,8.8,3.76
S046_3,step,roll,12261487.5,12261495.5,8.0,1.83
S046_3,step,roll,12261497.8,12261510.6,12.8,2.54
S046_3,step,roll,12261513.1,12261517.0,3.9,1.17
S046_3,step,roll,12261539.5,12261550.2,10.7,1.29
S046_3,step,roll,12261550.7,12261554.5,3.8,1.67
S046_3,step,roll,12261579.0,12261583.4,4.4,1.32
S046_3,step,yaw,12261579.9,12261594.3,14.4,2.21
S046_3,step,roll,12261585.5,12261594.4,8.9,3.22
S046_3,step,roll,12261595.7,12261600.4,4.7,1.33
S046_3,step,roll,12261605.3,12261612.8,7.5,1.89
S046_3,step,roll,12261613.6,12261620.7,7.1,1.7
S046_3,step,roll,12261624.7,12261631.1,6.4,2.09
S046_3,step,roll,12261636.1,12261639.9,3.8,1.03
S046_3,step,roll,12261648.7,12261660.0,11.3,2.42
S046_3,step,yaw,12261648.7,12261653.2,4.5,1.34
S046_3,step,yaw,12261654.7,12261663.3,8.6,1.7
S046_3,step,roll,12261664.0,12261667.4,3.4,2.99
S046_3,step,roll,12261667.7,12261673.4,5.7,2.05
S046_3,step,yaw,12261685.9,12261690.3,4.4,1.51
S046_3,step,yaw,12261691.1,12261695.0,3.9,1.41
S046_3,step,yaw,12261697.0,12261762.5,65.5,3.54
S046_3,step,roll,12261698.9,12261728.1,29.2,4.66
S046_3,step,roll,12261732.6,12261736.5,3.9,1.43
S046_3,step,roll,12261738.0,12261742.5,4.5,1.43
S046_3,step,roll,12261744.0,12261757.7,13.7,1.77
S046_3,step,roll,12261763.43,12261767.8,4.37,1.88
S046_3,step,yaw,12261763.43,12261770.7,7.27,1.24
S046_3,step,yaw,12261786.4,12261790.4,4.0,1.23
S046_3,step,roll,12261801.3,12261806.8,5.5,1.84
S046_3,step,yaw,12261820.2,12261880.8,60.6,2.47
S046_3,step,roll,12261824.89,12261840.7,15.81,3.65
S046_3,step,roll,12261847.9,12261855.9,8.0,1.94
S046_3,step,roll,12261864.1,12261873.8,9.7,1.72
S046_3,step,yaw,12261881.8,12261885.9,4.1,1.72
S046_3,step,yaw,12261889.6,12261894.8,5.2,1.53
S046_3,step,roll,12261905.9,12261915.3,9.4,1.78
S046_3,step,roll,12261919.2,12261932.4,13.2,1.93
S046_3,step,roll,12261934.3,12261989.4,55.1,3.88
S046_3,step,roll,12261993.8,12262008.5,14.7,4.83
S046_3,step,pitch,12262008.7,12262014.5,5.8,2.15
S046_3,step,pitch,12262018.2,12262094.8,76.6,2.67
S046_3,step,roll,12262056.4,12262062.1,5.7,2.94
S046_3,step,roll,12262070.0,12262076.9,6.9,1.98
S046_3,step,yaw,12262094.8,12262175.1,80.3,3.8
S046_3,step,roll,12262094.87,12262126.4,31.53,5.55
S046_3,step,roll,12262136.5,12262144.2,7.7,1.98
S046_3,step,roll,12262145.5,12262155.2,9.7,1.47
S046_3,step,roll,12262156.9,12262163.7,6.8,1.68
S046_3,step,roll,12262165.1,12262172.6,7.5,2.38
S046_3,step,roll,12262176.0,12262181.1,5.1,1.91
S046_3,step,yaw,12262176.6,12262180.4,3.8,1.42
S046_3,step,roll,12262188.3,12262193.6,5.3,1.81
S046_3,step,yaw,12262195.3,12262199.8,4.5,1.2
S046_3,step,roll,12262204.6,12262263.8,59.2,4.11
S046_3,step,pitch,12262266.0,12262270.4,4.4,2.01
S046_3,step,roll,12262276.7,12262285.7,9.0,2.41
S046_3,step,roll,12262288.0,12262300.8,12.8,3.28
S046_3,step,roll,12262330.0,12262336.2,6.2,2.16
S046_3,step,roll,12262414.9,12262418.8,3.9,1.58
S046_3,step,yaw,12262470.0,12262476.4,6.4,1.77
S046_3,step,roll,12262472.3,12262480.7,8.4,3.39
S046_3,step,yaw,12262481.0,12262542.6,61.6,1.57
S046_3,step,roll,12262483.3,12262489.9,6.6,2.43
S046_3,step,roll,12262492.1,12262496.5,4.4,1.49
S046_3,step,pitch,12262492.6,12262511.8,19.2,2.54
S046_3,step,roll,12262498.7,12262531.6,32.9,3.74
S046_3,step,roll,12262533.8,12262538.9,5.1,2.89
S046_3,step,roll,12262540.2,12262544.6,4.4,1.28
S046_3,step,roll,12262578.3,12262582.1,3.8,1.22
S046_3,doublet,roll,12262612.8,12262623.2,8.9,1.29|3.27
S046_3,step,yaw,12262612.8,12262625.9,13.1,2.12
S046_3,step,roll,12262632.4,12262652.2,19.8,2.81
S046_3,step,roll,12262653.9,12262680.7,26.8,2.71
S046_3,step,roll,12262683.0,12262687.4,4.4,0.89
S046_3,step,roll,12262689.0,12262694.0,5.0,1.2
S046_3,step,roll,12262700.6,12262714.4,13.8,1.59
S046_3,step,roll,12262717.3,12262740.1,22.8,2.2
S046_3,step,roll,12262752.9,12262773.0,20.1,3.35
S046_3,step,roll,12262779.6,12262784.3,4.7,1.92
S046_3,step,roll,12262785.0,12262789.3,4.3,2.47
S046_3,step,roll,12262803.4,12262817.0,13.6,2.29
S046_3,step,roll,12262821.2,12262825.1,3.9,2.17
S046_3,step,roll,12262827.9,12262860.9,33.0,2.18
S046_3,step,roll,12262867.0,12262871.0,4.0,2.87
S046_3,step,roll,12262873.4,12262878.4,5.0,1.59
S046_3,step,roll,12262886.5,12262896.0,9.5,2.54
S046_3,step,roll,12262900.4,12262904.0,3.6,1.42
S046_3,step,roll,12262904.8,12262909.8,5.0,1.79
S046_3,step,roll,12262910.7,12262917.9,7.2,2.42
S046_3,step,roll,12262922.36,12262936.3,13.94,1.65
S046_3,step,roll,12262937.7,12262950.8,13.1,1.51
S046_3,step,roll,12262955.2,12262978.3,23.1,1.63
S046_3,step,roll,12262979.43,12262983.8,4.37,1.23
S046_3,step,roll,12262994.79,12263012.3,17.51,1.93
S046_3,step,roll,12263016.7,12263023.3,6.6,1.45
S046_3,step,roll,12263025.5,12263044.4,18.9,1.47
S046_3,step,roll,12263048.5,12263054.0,5.5,2.43
S046_3,step,roll,12263055.3,12263060.6,5.3,2.49
S046_3,step,roll,12263069.4,12263075.9,6.5,2.53
S046_3,step,roll,12263082.5,12263097.2,14.7,2.91
S046_3,step,pitch,12263104.5,12263164.8,60.3,4.99
S046_3,step,roll,12263110.8,12263128.6,17.8,2.23
S046_3,step,roll,12263130.8,12263137.4,6.6,3.32
S046_3,step,roll,12263139.6,12263143.8,4.2,2.6
S046_3,step,roll,12263150.6,12263158.2,7.6,3.1
S046_3,step,roll,12263159.1,12263169.6,10.5,2.01
S046_3,step,pitch,12263166.5,12263176.8,10.3,2.08
S046_3,step,roll,12263174.3,12263177.8,3.5,1.98
S046_3,step,roll,12263194.5,12263200.5,6.0,4.65
S046_3,step,roll,12263211.3,12263218.1,6.8,8.66
S046_3,step,yaw,12263213.7,12263250.2,36.5,13.73
S046_3,step,roll,12263219.8,12263231.8,12.0,7.82
S046_3,step,roll,12263234.0,12263251.7,17.7,7.03
S046_3,step,pitch,12263244.8,12263251.2,6.4,7.03
S046_3,step,pitch,12263251.2,12263341.1,89.9,20.02
S046_3,step,roll,12263253.6,12263341.5,87.9,3.51
S046_3,step,yaw,12263255.6,12263277.9,22.3,20.95
S046_3,step,yaw,12263280.1,12263298.9,18.8,15.46
S046_3,step,yaw,12263306.3,12263310.8,4.5,8.99
S046_3,step,yaw,12263313.0,12263318.7,5.7,5.86
S046_3,step,yaw,12263319.4,12263326.2,6.8,5.49
S046,step,roll,12245247.9,12245253.5,5.6,1.43
S046,step,yaw,12245260.0,12245285.5,25.5,3.2
S046,step,yaw,12245292.6,12245299.6,7.0,1.02
S046,step,yaw,12245312.2,12245370.3,58.1,1.17
S046,step,yaw,12245455.0,12245460.1,5.1,1.34
S046,step,yaw,12245496.6,12245565.4,68.8,1.75
S046,step,yaw,12245590.1,12245605.7,15.6,15.3
S046,step,yaw,12245610.9,12245618.7,7.8,21.53
S046,step,yaw,12245626.1,12245630.4,4.3,5.32
S046,step,yaw,12245655.9,12245666.9,11.0,4.69
S046,step,yaw,12245683.6,12245696.6,13.0,22.64
S046,step,yaw,12245699.2,12245704.2,5.0,3.34
S046,step,yaw,12245738.1,12245745.7,7.6,7.66
S046,step,yaw,12245782.4,12245787.1,4.7,4.17
S046,step,yaw,12245791.3,12245797.8,6.5,8.23
S046,step,yaw,12245805.7,12245816.1,10.4,23.91
S046,doublet,yaw,12245816.1,12245829.8,11.3,20.67|8.7
S046,step,yaw,12245833.1,12245840.8,7.7,8.58
S046,step,yaw,12245855.0,12245862.6,7.6,8.57
S046,step,yaw,12245866.7,12245871.5,4.8,5.14
S046,step,yaw,12245880.9,12245886.2,5.3,7.8
S046,step,yaw,12245886.2,12245896.6,10.4,21.01
S046,step,yaw,12245935.1,12245939.9,4.8,2.84
S046,step,yaw,12245939.9,12245950.9,11.0,2.62
S046,step,roll,12246060.2,12246113.9,53.7,2.4
S046,step,yaw,12246082.7,12246104.6,21.9,13.49
S046,step,yaw,12246105.3,12246119.9,14.6,6.67
S046,step,pitch,12246115.2,12246137.9,22.7,13.62
S046,step,yaw,12246133.0,12246139.6,6.6,5.94
S046,step,roll,12246147.3,12246153.0,5.7,3.74
S046,step,roll,12246158.1,12246168.7,10.6,3.31
S046,step,roll,12246171.8,12246179.7,7.9,2.59
S046,step,pitch,12246179.7,12246219.5,39.8,5.95
S046,step,roll,12246187.5,12246191.9,4.4,6.13
S046,step,roll,12246345.9,12246352.5,6.6,1.46
S046,step,pitch,12246504.4,12246535.4,31.0,5.03
S046,step,roll,12246508.9,12246514.7,5.8,2.77
S046,step,roll,12246517.3,12246522.1,4.8,3.97
S046,step,roll,12246535.3,12246547.7,12.4,2.43
S046,step,pitch,12246540.2,12246546.1,5.9,4.06
S046,step,roll,12246547.7,12246556.1,8.4,1.97
S046,step,roll,12246556.1,12246561.3,5.2,6.17
S046,step,roll,12246563.2,12246567.6,4.4,3.41
S046,step,roll,12246582.3,12246590.8,8.5,4.06
S046,step,roll,12246592.7,12246600.4,7.7,3.83
S046,step,roll,12246603.0,12246610.8,7.8,3.93
S046,step,roll,12246618.6,12246623.8,5.2,3.31
S046,step,pitch,12246625.6,12246663.5,37.9,3.51
S046,step,roll,12246626.4,12246656.6,30.2,4.8
S046,step,roll,12246657.66,12246667.8,10.14,3.19
S046,step,pitch,12246665.2,12246669.3,4.1,2.47
S046,step,roll,12246668.6,12246680.9,12.3,2.39
S046,step,yaw,12246668.7,12246676.4,7.7,1.45
S046,step,pitch,12246675.7,12246680.5,4.8,3.1
S046,step,pitch,12246685.3,12246729.4,44.1,3.72
S046,step,roll,12246685.4,12246689.5,4.1,1.48
S046,step,yaw,12246686.2,12246693.6,7.4,1.97
S046,step,roll,12246695.6,12246703.8,8.2,2.91
S046,step,yaw,12246699.0,12246703.5,4.5,2.02
S046,step,yaw,12246706.7,12246717.3,10.6,1.94
S046,step,roll,12246707.0,12246713.4,6.4,2.82
S046,step,roll,12246714.7,12246722.5,7.8,2.26
S046,step,yaw,12246719.1,12246724.9,5.8,2.18
S046,step,yaw,12246726.6,12246731.9,5.3,1.65
S046,step,roll,12246726.7,12246731.9,5.2,2.51
S046,step,pitch,12246730.3,12246737.5,7.2,2.78
S046,step,roll,12246737.3,12246745.9,8.6,5.94
S046,step,roll,12246748.3,12246754.9,6.6,4.39
S046,step,yaw,12246752.8,12246760.6,7.8,1.79
S046,step,roll,12246756.36,12246791.6,35.24,4.61
S046,step,yaw,12246761.55,12246767.2,5.65,1.8
S046,step,pitch,12246777.0,12246791.2,14.2,2.47
S046,step,pitch,12246792.6,12246810.3,17.7,2.47
S046,step,roll,12246792.72,12246803.9,11.18,4.2
S046,step,roll,12246804.9,12246823.8,18.9,3.69
S046,step,roll,12246833.0,12246841.0,8.0,2.79
S046,step,roll,12246844.6,12246849.0,4.4,4.97
S046,step,roll,12246849.86,12246855.6,5.74,2.83
S046,step,roll,12246856.6,12246868.7,12.1,4.29
S046,step,roll,12246870.6,12246878.4,7.8,4.29
S046,step,roll,12246882.6,12246890.4,7.8,5.18
S046,step,roll,12246898.3,12246903.7,5.4,4.27
S046,step,roll,12246906.9,12246919.3,12.4,4.42
S046,step,roll,12246939.3,12246950.4,11.1,6.16
S046,step,yaw,12246939.9,12246944.5,4.6,1.87
S046,step,roll,12246958.6,12246962.9,4.3,2.01
S046,step,pitch,12246968.2,12247010.6,42.4,4.65
S046,step,roll,12246979.7,12246986.2,6.5,3.65
S046,step,roll,12246995.3,12247003.1,7.8,3.23
S046,step,roll,12247013.4,12247018.6,5.2,2.65
S046,step,roll,12247039.0,12247044.6,5.6,1.6
S046,step,roll,12247055.2,12247060.0,4.8,2.51
S046,step,roll,12247061.9,12247068.0,6.1,1.86
S046,step,roll,12247070.6,12247075.0,4.4,2.26
S046,step,roll,12247075.83,12247090.0,14.17,1.85
S046,step,pitch,12247076.5,12247102.5,26.0,2.57
S046,step,roll,12247092.8,12247101.6,8.8,4.37
S046,step,pitch,12247102.9,12247121.2,18.3,2.69
S046,step,roll,12247112.1,12247127.7,15.6,3.1
S046,step,pitch,12247122.58,12247142.9,20.32,3.3
S046,step,yaw,12247130.1,12247137.6,7.5,1.41
S046,step,roll,12247130.3,12247138.9,8.6,1.94
S046,step,yaw,12247138.169,12247144.7,6.53,0.97
S046,step,roll,12247140.7,12247144.6,3.9,3.44
S046,step,pitch,12247143.9,12247149.8,5.9,3.99
S046,step,roll,12247145.96,12247151.1,5.14,3.71
S046,step,yaw,12247148.5,12247153.6,5.1,2.01
S046,step,pitch,12247153.6,12247158.2,4.6,2.47
S046,step,roll,12247170.4,12247177.1,6.7,4.72
S046,step,roll,12247179.7,12247184.9,5.2,3.92
S046,step,roll,12247187.5,12247199.3,11.8,2.86
S046,step,yaw,12247187.5,12247214.3,26.8,2.36
S046,step,roll,12247199.8,12247216.0,16.2,4.85
S046,step,roll,12247221.2,12247225.9,4.7,2.55
S046,step,roll,12247228.3,12247236.8,8.5,4.21
S046,step,roll,12247242.0,12247247.2,5.2,1.16
S046,step,roll,12247265.1,12247270.6,5.5,1.35
S046,step,pitch,12247270.6,12247279.8,9.2,2.17
S046,step,roll,12247275.2,12247297.2,22.0,2.37
S046,step,pitch,12247281.01,12247295.2,14.19,2.71
S046,step,pitch,12247296.0,12247301.7,5.7,3.44
S046,step,roll,12247301.1,12247336.6,35.5,4.15
S046,step,pitch,12247306.9,12247316.0,9.1,3.32
S046,step,pitch,12247317.38,12247325.1,7.72,2.82
S046,step,pitch,12247327.3,12247340.0,12.7,2.72
S046,step,pitch,12247343.3,12247352.8,9.5,2.37
S046,step,yaw,12247344.4,12247349.5,5.1,1.4
S046,step,yaw,12247351.0,12247357.2,6.2,1.71
S046,step,roll,12247351.1,12247362.7,11.6,4.1
S046,step,yaw,12247358.7,12247426.2,67.5,3.13
S046,step,roll,12247365.5,12247377.4,11.9,7.28
S046,step,roll,12247379.7,12247388.4,8.7,2.85
S046,step,roll,12247390.1,12247395.3,5.2,2.73
S046,step,roll,12247397.2,12247410.7,13.5,5.11
S046,step,roll,12247421.2,12247428.4,7.2,6.44
S046,step,roll,12247440.9,12247449.8,8.9,5.13
S046,step,roll,12247459.6,12247467.9,8.3,1.87
S046,step,roll,12247475.0,12247481.0,6.0,1.37
S046,step,roll,12247483.6,12247488.8,5.2,1.26
S046,step,pitch,12247493.2,12247498.6,5.4,1.94
S046,step,pitch,12247516.6,12247521.3,4.7,1.8
S046,step,roll,12247519.9,12247525.1,5.2,1.68
S046,step,roll,12247527.7,12247532.9,5.2,1.9
S046,step,pitch,12247529.4,12247538.1,8.7,2.18
S046,step,pitch,12247539.5,12247552.5,13.0,2.64
S046,step,roll,12247544.7,12247552.9,8.2,2.46
S046,step,pitch,12247560.7,12247565.8,5.1,2.9
S046,step,roll,12247561.5,12247566.7,5.2,4.54
S046,step,roll,12247574.5,12247579.7,5.2,1.68
S046,step,pitch,12247597.4,12247602.3,4.9,2.97
S046,step,roll,12247606.2,12247612.4,6.2,2.08
S046,step,roll,12247615.7,12247634.2,18.5,2.48
S046,step,roll,12247636.5,12247652.4,15.9,2.07
S046,step,roll,12247659.1,12247672.5,13.4,2.45
S046,step,roll,12247678.1,12247693.7,15.6,2.18
S046,step,roll,12247732.9,12247738.1,5.2,4.44
S046,step,roll,12247740.0,12247745.9,5.9,1.67
S046,step,roll,12247768.0,12247774.5,6.5,2.05
S046,step,pitch,12247769.3,12247808.1,38.8,3.61
S046,step,roll,12247782.3,12247790.1,7.8,2.82
S046,step,roll,12247790.1,12247795.2,5.1,2.47
S046,step,roll,12247813.3,12247817.7,4.4,3.03
S046,step,roll,12247828.6,12247834.2,5.6,2.34
S046,step,roll,12247849.3,12247855.0,5.7,3.25
S046,step,roll,12247865.43,12247870.0,4.57,1.21
S046,step,pitch,12247868.0,12247942.0,74.0,9.11
S046,step,yaw,12247869.3,12247938.3,69.0,4.06
S046,step,roll,12247872.8,12247878.4,5.6,1.97
S046,step,roll,12247883.3,12247887.3,4.0,2.41
S046,step,roll,12247891.3,12247896.5,5.2,3.29
S046,step,roll,12247906.9,12247914.1,7.2,4.93
S046,step,roll,12247927.7,12247934.7,7.0,2.03
S046,step,pitch,12247943.0,12247947.5,4.5,4.39
S046,step,roll,12247966.7,12247971.7,5.0,4.2
S046,step,roll,12248013.4,12248018.6,5.2,2.52
S046,step,roll,12248059.4,12248064.5,5.1,4.78
S046,step,yaw,12248062.8,12248137.6,74.8,4.74
S046,step,roll,12248075.1,12248079.3,4.2,2.68
S046,step,roll,12248088.2,12248093.9,5.7,1.36
S046,step,roll,12248101.7,12248106.3,4.6,2.0
S046,step,roll,12248109.5,12248114.7,5.2,2.88
S046,step,roll,12248121.3,12248134.6,13.3,3.29
S046,step,roll,12248135.5,12248140.7,5.2,1.96
S046,step,roll,12248158.9,12248164.1,5.2,2.2
S046,step,roll,12248164.1,12248188.5,24.4,1.8
S046,step,roll,12248197.6,12248202.4,4.8,8.92
S046,step,roll,12248214.0,12248220.8,6.8,2.25
S046,step,pitch,12248218.3,12248234.2,15.9,2.68
S046,step,pitch,12248235.0,12248245.1,10.1,3.0
S046,step,roll,12248244.6,12248249.8,5.2,1.86
S046,step,pitch,12248254.7,12248259.7,5.0,2.47
S046,step,roll,12248265.4,12248269.4,4.0,2.06
S046,step,pitch,12248270.5,12248274.9,4.4,2.54
S046,step,pitch,12248278.3,12248348.2,69.9,9.9
S046,step,yaw,12248286.3,12248300.4,14.1,2.35
S046,step,roll,12248286.5,12248291.3,4.8,1.53
S046,step,yaw,12248301.7,12248345.7,44.0,3.36
S046,step,roll,12248309.1,12248316.8,7.7,3.17
S046,step,roll,12248319.9,12248324.2,4.3,1.7
S046,step,roll,12248348.5,12248353.72,5.22,1.47
S046,step,pitch,12248353.6,12248358.9,5.3,5.38
S046,step,pitch,12248370.0,12248406.7,36.7,3.0
S046,step,pitch,12248410.8,12248414.7,3.9,2.41
S046,step,pitch,12248427.8,12248437.1,9.3,3.64
S046,step,roll,12248429.0,12248434.2,5.2,2.8
S046,step,pitch,12248442.0,12248522.3,80.3,10.31
S046,step,yaw,12248453.9,12248518.9,65.0,4.07
S046,step,roll,12248460.8,12248468.0,7.2,1.47
S046,step,roll,12248491.3,12248503.1,11.8,2.52
S046,doublet,roll,12248514.1,12248526.9,9.3,1.48|3.5
S046,step,pitch,12248525.1,12248535.1,10.0,4.88
S046,step,pitch,12248571.0,12248575.8,4.8,2.71
S046,step,roll,12248573.6,12248578.2,4.6,2.58
S046,step,pitch,12248577.6,12248595.2,17.6,3.07
S046,step,roll,12248592.4,12248597.2,4.8,2.63
S046,step,pitch,12248597.8,12248604.1,6.3,3.07
S046,step,pitch,12248605.669,12248613.3,7.63,3.24
S046,step,roll,12248613.4,12248618.2,4.8,1.36
S046,step,pitch,12248616.0,12248642.0,26.0,3.84
S046,step,roll,12248631.6,12248638.2,6.6,2.44
S046,step,pitch,12248644.5,12248662.8,18.3,3.46
S046,step,roll,12248660.1,12248664.7,4.6,2.13
S046,step,pitch,12248665.0,12248668.9,3.9,3.52
S046,step,pitch,12248675.1,12248680.5,5.4,3.48
S046,step,roll,12248686.1,12248691.3,5.2,1.26
S046,step,pitch,12248702.6,12248735.0,32.4,3.5
S046,step,yaw,12248730.2,12248736.8,6.6,2.06
S046,step,roll,12248735.3,12248740.7,5.4,3.3
S046,step,yaw,12248737.8,12248791.6,53.8,3.37
S046,step,pitch,12248769.2,12248776.3,7.1,1.93
S046,step,pitch,12248779.7,12248791.7,12.0,5.16
S046,step,roll,12248792.6,12248804.5,11.9,2.02
S046,step,pitch,12248793.5,12248820.9,27.4,6.2
S046,step,roll,12248855.03,12248860.2,5.17,5.27
S046,step,pitch,12248865.4,12248871.5,6.1,2.22
S046,step,yaw,12248865.4,12248873.2,7.8,1.69
S046,step,pitch,12248873.2,12248956.3,83.1,3.57
S046,step,yaw,12248875.2,12248902.4,27.2,3.59
S046,step,roll,12248877.7,12248882.5,4.8,2.92
S046,step,roll,12248913.9,12248919.9,6.0,2.05
S046,step,roll,12248965.1,12248971.7,6.6,3.41
S046,step,pitch,12248984.8,12249062.7,77.9,3.6
S046,step,yaw,12248995.2,12249031.4,36.2,3.06
S046,step,roll,12249031.6,12249042.0,10.4,3.95
S046,step,pitch,12249066.4,12249070.5,4.1,2.49
S046,step,roll,12249083.5,12249088.7,5.2,1.51
S046,step,roll,12249099.1,12249104.3,5.2,1.55
S046,step,roll,12249106.9,12249112.1,5.2,1.79
S046,step,roll,12249127.5,12249132.9,5.4,3.59
S046,step,roll,12249140.4,12249145.2,4.8,3.44
S046,step,yaw,12249171.9,12249200.4,28.5,2.61
S046,step,pitch,12249176.6,12249182.2,5.6,2.04
S046,step,roll,12249179.6,12249186.7,7.1,2.87
S046,step,roll,12249200.4,12249210.8,10.4,5.41
S046,step,roll,12249210.8,12249216.0,5.2,3.41
S046,step,yaw,12249213.4,12249231.6,18.2,2.04
S046,step,roll,12249218.3,12249244.6,26.3,6.51
S046,step,roll,12249246.7,12249254.9,8.2,3.85
S046,step,roll,12249274.6,12249280.1,5.5,4.44
S046,step,roll,12249283.4,12249287.4,4.0,1.61
S046,step,roll,12249290.4,12249306.9,16.5,2.47
S046,step,roll,12249316.4,12249320.8,4.4,2.58
S046,step,roll,12249330.3,12249338.1,7.8,3.25
S046,step,roll,12249366.4,12249371.8,5.4,6.85
S046,step,yaw,12249387.4,12249469.8,82.4,4.38
S046,step,roll,12249390.0,12249394.5,4.5,1.89
S046,step,pitch,12249410.8,12249415.8,5.0,2.25
S046,step,pitch,12249421.2,12249429.0,7.8,1.95
S046,step,roll,12249442.0,12249447.2,5.2,1.43
S046,step,roll,12249486.1,12249491.3,5.2,3.7
S046,step,yaw,12249500.5,12249530.3,29.8,2.34
S046,step,yaw,12249532.2,12249588.9,56.7,3.41
S046,step,roll,12249561.2,12249566.1,4.9,1.7
S046,step,roll,12249590.0,12249595.2,5.2,2.53
S046,step,pitch,12249595.2,12249600.4,5.2,4.89
S046,step,roll,12249595.2,12249610.8,15.6,5.04
S046,step,pitch,12249605.6,12249613.4,7.8,2.49
S046,doublet,roll,12249621.2,12249635.9,9.5,4.03|3.5
S046,step,roll,12249642.02,12249659.3,17.28,3.34
S046,step,pitch,12249644.4,12249660.9,16.5,3.16
S046,step,roll,12249662.7,12249667.3,4.6,3.72
S046,step,pitch,12249662.8,12249669.1,6.3,3.46
S046,step,roll,12249670.5,12249674.8,4.3,3.13
S046,step,roll,12249675.79,12249691.9,16.11,4.62
S046,step,pitch,12249686.1,12249691.3,5.2,2.2
S046,step,roll,12249693.9,12249698.0,4.1,2.36
S046,step,yaw,12249709.5,12249744.7,35.2,2.32
S046,step,pitch,12249745.6,12249758.5,12.9,3.51
S046,step,roll,12249745.9,12249751.1,5.2,2.54
S046,step,roll,12249751.1,12249758.8,7.7,3.35
S046,step,pitch,12249761.4,12249775.4,14.0,2.77
S046,step,roll,12249762.6,12249776.8,14.2,3.79
S046,step,roll,12249779.6,12249784.2,4.6,1.92
S046,step,roll,12249787.4,12249794.9,7.5,4.21
S046,step,pitch,12249797.8,12249833.2,35.4,7.28
S046,step,roll,12249800.2,12249808.2,8.0,3.87
S046,step,roll,12249810.8,12249816.0,5.2,4.08
S046,step,roll,12249818.3,12249822.4,4.1,2.52
S046,step,roll,12249847.22,12249853.1,5.88,1.58
S046,step,roll,12249866.6,12249873.0,6.4,2.44
S046,step,roll,12249874.2,12249882.8,8.6,2.86
S046,step,roll,12249895.6,12249900.3,4.7,1.38
S046,step,roll,12249905.9,12249911.7,5.8,2.3
S046,step,roll,12249932.7,12249937.8,5.1,1.61
S046,step,roll,12249943.3,12249947.3,4.0,1.29
S046,step,roll,12249982.2,12249986.1,3.9,1.57
S046,step,roll,12250005.2,12250010.7,5.5,1.85
S046,step,roll,12250098.9,12250111.4,12.5,1.92
S046,step,roll,12250122.4,12250127.3,4.9,2.54
S046,step,roll,12250135.5,12250140.7,5.2,2.89
S046,step,pitch,12250143.9,12250151.0,7.1,4.33
S046,step,roll,12250149.5,12250155.4,5.9,2.44
S046,step,pitch,12250151.5,12250155.9,4.4,2.47
S046,step,roll,12250165.6,12250173.8,8.2,2.0
S046,step,roll,12250184.3,12250188.3,4.0,2.87
S046,step,roll,12250205.6,12250210.8,5.2,3.27
S046,step,roll,12250242.0,12250246.7,4.7,1.51
S046,step,roll,12250268.4,12250280.0,11.6,5.49
S046,step,roll,12250296.5,12250301.2,4.7,5.44
S046,step,roll,12250315.8,12250334.1,18.3,5.02
S046,step,yaw,12250316.3,12250348.2,31.9,12.93
S046,step,pitch,12250335.5,12250345.2,9.7,9.53
S046,step,yaw,12250352.0,12250359.3,7.3,9.88
S046,step,yaw,12250364.0,12250384.6,20.6,9.73
S046,step,yaw,12250387.4,12250400.2,12.8,13.19
S047_2,step,roll,12758728.3,12758734.0,5.7,2.07
S047_2,step,roll,12758742.5,12758759.5,17.0,1.69
S047_2,step,roll,12758765.4,12758827.5,62.1,1.36
S047_2,step,roll,12758868.3,12758888.2,19.9,2.21
S047_2,step,roll,12758902.6,12758919.5,16.9,0.95
S047_2,step,roll,12758922.6,12758933.7,11.1,0.95
S047_2,step,yaw,12758945.5,12758952.9,7.4,25.08
S047_2,step,yaw,12758954.1,12758961.5,7.4,25.44
S047_2,step,yaw,12758971.2,12758985.5,14.3,24.33
S047_2,step,yaw,12759025.6,12759031.1,5.5,19.97
S047_2,step,yaw,12759037.0,12759045.6,8.6,16.99
S047_2,step,yaw,12759174.1,12759184.3,10.2,22.39
S047_2,step,yaw,12759184.3,12759194.3,10.0,17.57
S047_2,step,yaw,12759217.19,12759222.3,5.11,2.89
S047_2,step,yaw,12759265.7,12759273.5,7.8,9.29
S047_2,step,yaw,12759273.5,12759282.9,9.4,24.84
S047_2,step,yaw,12759391.5,12759396.5,5.0,20.4
S047_2,step,yaw,12759408.7,12759419.9,11.2,9.5
S047_2,step,roll,12759437.3,12759453.4,16.1,3.95
S047_2,doublet,pitch,12759444.8,12759456.3,11.5,3.45|5.7
S047_2,step,roll,12759474.5,12759488.5,14.0,3.52
S047_2,step,pitch,12759480.2,12759486.8,6.6,3.96
S047_2,step,pitch,12759488.0,12759554.0,66.0,6.4
S047_2,step,roll,12759491.6,12759496.4,4.8,1.85
S047_2,step,pitch,12759565.2,12759570.2,5.0,2.08
S047_2,step,pitch,12759589.7,12759605.8,16.1,2.11
S047_2,step,roll,12759639.2,12759652.3,13.1,2.65
S047_2,step,roll,12759653.0,12759692.2,39.2,2.44
S047_2,step,roll,12759694.7,12759702.1,7.4,0.95
S047_2,step,roll,12759705.2,12759719.2,14.0,1.96
S047_2,step,roll,12759720.39,12759766.9,46.51,2.41
S047_2,step,roll,12759768.9,12759777.3,8.4,1.98
S047_2,step,roll,12759784.2,12759801.3,17.1,1.84
S047_2,step,roll,12759814.7,12759826.1,11.4,2.5
S047_2,step,roll,12759834.7,12759840.3,5.6,1.75
S047_2,step,roll,12759850.6,12759859.2,8.6,1.83
S047_2,step,roll,12759863.3,12759871.3,8.0,2.11
S047_2,step,roll,12759874.5,12759901.8,27.3,1.74
S047_2,step,roll,12759903.2,12759946.2,43.0,2.06
S047_2,step,roll,12759949.1,12759954.8,5.7,1.46
S047_2,step,roll,12759957.6,12759971.9,14.3,1.7
S047_2,step,roll,12759974.6,12759980.9,6.3,1.36
S047_2,step,roll,12759986.1,12759991.8,5.7,1.31
S047_2,step,roll,12759993.9,12760010.2,16.3,1.92
S047_2,step,roll,12760012.6,12760025.0,12.4,1.26
S047_2,step,roll,12760028.3,12760046.3,18.0,1.92
S047_2,step,roll,12760054.6,12760059.1,4.5,1.64
S047_2,step,roll,12760062.1,12760069.1,7.0,1.38
S047_2,step,roll,12760235.0,12760240.7,5.7,1.09
S047_2,step,roll,12760317.9,12760326.5,8.6,5.56
S047_2,step,roll,12760509.5,12760515.2,5.7,2.77
S047_2,step,roll,12760580.9,12760587.3,6.4,5.82
S047_2,step,roll,12760602.8,12760608.4,5.6,1.62
S047_2,step,yaw,12760681.0,12760692.4,11.4,4.58
S047_2,step,roll,12760683.9,12760695.1,11.2,6.37
S047_2,step,roll,12760844.0,12760849.7,5.7,3.31
S047_2,step,roll,12760961.2,12760972.0,10.8,4.82
S047_2,step,yaw,12761054.1,12761066.8,12.7,5.3
S047_2,step,roll,12761055.5,12761067.0,11.5,6.05
S047_2,step,yaw,12761066.8,12761112.6,45.8,1.1
S047_2,step,pitch,12761126.2,12761144.1,17.9,2.95
S047_2,step,pitch,12761155.2,12761161.3,6.1,2.62
S047_2,step,pitch,12761216.6,12761222.4,5.8,1.78
S047_2,step,pitch,12761230.01,12761235.7,5.69,2.08
S047_2,step,pitch,12761238.4,12761244.2,5.8,2.15
S047_2,step,pitch,12761304.3,12761318.6,14.3,1.81
S047_2,step,roll,12761415.8,12761420.7,4.9,6.2
S047_2,step,roll,12761430.1,12761437.8,7.7,1.59
S047_2,step,roll,12761438.7,12761447.2,8.5,1.44
S047_2,step,roll,12761461.5,12761467.2,5.7,3.93
S047_2,step,yaw,12761541.9,12761552.9,11.0,5.48
S047_2,step,pitch,12761544.3,12761552.3,8.0,3.17
S047_2,step,roll,12761544.4,12761552.4,8.0,6.24
S047_2,step,yaw,12761555.0,12761611.0,56.0,1.5
S047_2,step,yaw,12761618.84,12761648.2,29.36,1.75
S047_2,step,yaw,12761648.2,12761661.7,13.5,6.78
S047_2,step,pitch,12761649.6,12761661.3,11.7,3.66
S047_2,step,roll,12761650.2,12761660.4,10.2,6.1
S047_2,step,yaw,12761662.3,12761747.0,84.7,2.03
S047_2,step,yaw,12761747.0,12761761.5,14.5,7.67
S047_2,step,roll,12761749.2,12761757.5,8.3,7.91
S047_2,step,pitch,12761750.2,12761763.3,13.1,4.61
S047_2,step,yaw,12761761.5,12761790.3,28.8,2.16
S047_2,step,roll,12761763.9,12761770.3,6.4,3.01
S047_2,step,pitch,12761768.5,12761774.0,5.5,2.22
S047_2,step,pitch,12761774.8,12761817.3,42.5,9.72
S047_2,step,roll,12761781.4,12761792.4,11.0,1.36
S047_2,step,roll,12761796.0,12761803.2,7.2,2.63
S047_2,step,roll,12761858.6,12761866.7,8.1,1.19
S047_2,step,roll,12761867.5,12761872.5,5.0,1.31
S047_2,step,roll,12761878.9,12761884.7,5.8,1.01
S047_2,step,yaw,12761913.8,12761927.5,13.7,1.95
S047_2,step,roll,12761917.2,12761923.8,6.6,2.16
S047_2,step,roll,12761929.8,12761936.7,6.9,1.62
S047_2,step,roll,12761951.3,12761972.9,21.6,1.21
S047_2,step,roll,12762024.8,12762038.8,14.0,1.16
S047_2,step,roll,12762041.6,12762051.1,9.5,1.0
S047_2,step,yaw,12762059.0,12762079.0,20.0,2.41
S047_2,step,roll,12762061.9,12762077.3,15.4,3.09
S047_2,step,roll,12762113.4,12762130.0,16.6,1.63
S047_2,step,yaw,12762152.0,12762170.4,18.4,3.12
S047_2,step,roll,12762155.7,12762170.0,14.3,2.3
S047_2,step,roll,12762199.2,12762216.2,17.0,2.06
S047_2,step,roll,12762219.2,12762224.5,5.3,1.38
S047_2,step,pitch,12762233.5,12762282.0,48.5,5.39
S047_2,step,roll,12762239.2,12762247.8,8.6,1.46
S047_2,step,roll,12762253.0,12762261.5,8.5,1.6
S047_2,step,roll,12762509.9,12762515.1,5.2,1.53
S047_2,step,pitch,12762639.1,12762644.8,5.7,2.57
S047_2,step,roll,12762642.0,12762647.0,5.0,2.99
S047_2,step,roll,12762707.1,12762713.8,6.7,1.86
S047_2,step,roll,12762716.7,12762721.6,4.9,1.87
S047_2,step,pitch,12762730.5,12762736.0,5.5,3.51
S047_2,step,pitch,12762745.33,12762750.7,5.37,2.33
S047_2,step,yaw,12762754.9,12762765.2,10.3,1.44
S047_2,step,pitch,12762758.6,12762764.9,6.3,2.89
S047_2,step,roll,12762762.4,12762766.8,4.4,2.7
S047_2,step,roll,12762787.8,12762793.9,6.1,2.48
S047_2,step,roll,12762810.9,12762816.6,5.7,4.07
S047_2,step,roll,12762824.7,12762831.0,6.3,4.41
S047_2,step,roll,12762853.3,12762859.6,6.3,2.98
S047_2,step,roll,12762892.5,12762899.1,6.6,1.84
S047_2,step,roll,12762912.5,12762919.5,7.0,3.33
S047_2,step,roll,12762928.3,12762943.8,15.5,3.38
S047_2,step,pitch,12762948.0,12762953.6,5.6,3.49
S047_2,step,pitch,12762956.9,12762964.8,7.9,3.05
S047_2,step,yaw,12762967.9,12762974.0,6.1,1.09
S047_2,step,pitch,12762971.2,12762978.9,7.7,2.69
S047_2,step,roll,12762985.4,12762991.2,5.8,3.7
S047_2,step,roll,12763005.5,12763016.9,11.4,3.76
S047_2,step,yaw,12763006.6,12763015.0,8.4,1.52
S047_2,step,yaw,12763016.9,12763021.6,4.7,1.53
S047_2,step,roll,12763018.9,12763038.5,19.6,4.0
S047_2,step,yaw,12763022.7,12763030.9,8.2,1.64
S047_2,step,roll,12763039.5,12763048.0,8.5,2.29
S047_2,step,roll,12763050.6,12763059.5,8.9,2.59
S047_2,step,roll,12763062.4,12763082.3,19.9,4.12
S047_2,step,roll,12763087.1,12763097.9,10.8,2.81
S047_2,step,roll,12763167.4,12763172.6,5.2,1.44
S047_2,step,roll,12763174.0,12763182.2,8.2,2.34
S047_2,step,roll,12763183.9,12763195.1,11.2,1.64
S047_2,step,roll,12763195.7,12763202.5,6.8,4.61
S047_2,step,pitch,12763243.0,12763313.1,70.1,2.8
S047_2,step,roll,12763298.6,12763305.4,6.8,4.57
S047_2,step,pitch,12763314.29,12763319.4,5.11,1.82
S047_2,step,pitch,12763320.01,12763325.6,5.59,2.31
S047_2,step,pitch,12763398.2,12763440.0,41.8,3.34
S047_2,step,roll,12763414.3,12763419.8,5.5,2.88
S047_2,step,roll,12763433.6,12763440.0,6.4,1.97
S047_2,step,pitch,12763445.3,12763490.7,45.4,4.26
S047_2,step,pitch,12763491.7,12763514.4,22.7,2.24
S047_2,step,roll,12763500.13,12763505.8,5.67,1.04
S047_2,step,roll,12763528.7,12763533.3,4.6,3.52
S047_2,step,roll,12763551.5,12763556.2,4.7,8.09
S047_2,step,yaw,12763556.0,12763616.5,60.5,7.19
S047_2,step,roll,12763560.1,12763566.8,6.7,4.26
S047_2,step,roll,12763568.7,12763573.8,5.1,4.69
S047_2,step,roll,12763575.4,12763618.2,42.8,5.75
S047_2,step,yaw,12763621.5,12763636.2,14.7,2.19
S047_2,step,roll,12763622.2,12763633.2,11.0,2.47
S047_2,step,roll,12763634.52,12763646.8,12.28,2.77
S047_2,step,pitch,12763639.9,12763697.2,57.3,6.01
S047_2,step,roll,12763655.5,12763665.9,10.4,1.5
S047_2,step,roll,12763677.0,12763688.6,11.6,1.62
S047_2,step,roll,12763706.6,12763711.7,5.1,4.84
S047_2,step,pitch,12763741.5,12763757.1,15.6,2.6
S047_2,step,pitch,12763757.7,12763762.5,4.8,2.57
S047_2,step,roll,12763763.1,12763767.6,4.5,2.71
S047_2,step,pitch,12763763.169,12763768.9,5.73,2.24
S047_2,step,roll,12763768.8,12763775.6,6.8,4.07
S047_2,step,pitch,12763778.6,12763798.0,19.4,2.11
S047_2,step,pitch,12763800.3,12763816.9,16.6,2.31
S047_2,step,roll,12763853.4,12763871.3,17.9,3.15
S047_2,step,roll,12763894.4,12763900.3,5.9,1.86
S047_2,step,pitch,12763917.55,12763923.1,5.55,1.99
S047_2,step,pitch,12763928.99,12763936.3,7.31,2.64
S047_2,step,roll,12763957.5,12763963.0,5.5,6.65
S047_2,step,yaw,12763963.2,12763970.2,7.0,2.41
S047_2,step,yaw,12763977.3,12764033.7,56.4,5.86
S047_2,step,roll,12763977.61,12763987.0,9.39,3.58
S047_2,step,roll,12764004.5,12764011.7,7.2,3.9
S047_2,step,roll,12764014.4,12764020.9,6.5,5.58
S047_2,step,roll,12764026.21,12764034.1,7.89,3.73
S047_2,step,roll,12764042.5,12764054.5,12.0,2.83
S047_2,step,pitch,12764060.4,12764123.5,63.1,5.0
S047_2,step,roll,12764060.5,12764067.1,6.6,2.24
S047_2,step,roll,12764120.5,12764129.1,8.6,4.26
S047_2,step,pitch,12764124.7,12764129.6,4.9,3.28
S047_2,step,pitch,12764142.3,12764149.4,7.1,2.32
S047_2,step,pitch,12764151.5,12764182.4,30.9,2.82
S047_2,step,roll,12764160.5,12764165.8,5.3,1.91
S047_2,step,roll,12764174.8,12764182.5,7.7,3.21
S047_2,step,roll,12764228.9,12764234.9,6.0,1.72
S047_2,step,pitch,12764260.6,12764282.2,21.6,4.67
S047_2,step,roll,12764280.6,12764298.2,17.6,3.27
S047_2,step,pitch,12764300.3,12764312.1,11.8,2.77
S047_2,step,roll,12764300.6,12764305.5,4.9,2.57
S047_2,step,pitch,12764312.5,12764319.1,6.6,2.23
S047_2,step,pitch,12764321.3,12764329.2,7.9,2.48
S047_2,step,roll,12764355.0,12764362.8,7.8,3.02
S047_2,step,roll,12764369.2,12764377.6,8.4,4.44
S047_2,step,yaw,12764372.1,12764383.4,11.3,4.19
S047_2,step,yaw,12764384.9,12764409.5,24.6,9.4
S047_2,step,roll,12764385.4,12764394.8,9.4,4.19
S047_2,step,roll,12764395.03,12764400.1,5.07,3.6
S047_2,step,roll,12764400.75,12764405.8,5.05,6.53
S047_2,step,yaw,12764410.6,12764420.1,9.5,4.43
S047_2,step,pitch,12764414.6,12764419.8,5.2,6.11
S047_2,step,roll,12764416.1,12764446.4,30.3,4.74
S047_2,step,pitch,12764419.8,12764445.5,25.7,15.42
S047_3,step,yaw,12776701.2,12776750.9,49.7,14.46
S047_3,step,yaw,12776750.9,12776781.1,30.2,25.81
S047_3,step,yaw,12776786.9,12776798.0,11.1,16.73
S047_3,step,yaw,12776803.5,12776811.8,8.3,23.36
S047_3,step,yaw,12776811.8,12776817.3,5.5,11.31
S047_3,step,yaw,12776840.8,12776846.3,5.5,5.17
S047_3,step,yaw,12776867.2,12776877.7,10.5,22.02
S047_3,step,yaw,12776884.5,12776890.7,6.2,8.46
S047_3,step,yaw,12776893.1,12776898.1,5.0,6.39
S047_3,step,yaw,12776899.4,12776910.6,11.2,9.83
S047_3,step,yaw,12776917.08,12776930.3,13.22,8.67
S047_3,step,yaw,12776936.46,12776941.8,5.34,9.03
S047_3,step,yaw,12776947.5,12776953.0,5.5,8.24
S047_3,step,yaw,12776969.2,12776993.4,24.2,13.58
S047_3,step,yaw,12776993.4,12777000.1,6.7,13.61
S047_3,step,yaw,12777000.1,12777011.0,10.9,22.38
S047_3,step,yaw,12777036.0,12777040.9,4.9,12.22
S047_3,step,yaw,12777074.3,12777113.2,38.9,14.23
S047_3,step,yaw,12777113.7,12777118.1,4.4,4.91
S047_3,step,yaw,12777120.4,12777146.5,26.1,8.07
S047_3,step,roll,12777166.3,12777184.9,18.6,5.95
S047_3,step,pitch,12777169.9,12777205.0,35.1,8.61
S047_3,step,roll,12777196.7,12777201.6,4.9,4.08
S047_3,step,roll,12777203.0,12777208.7,5.7,3.5
S047_3,step,roll,12777226.8,12777232.7,5.9,2.51
S047_3,step,roll,12777248.3,12777252.6,4.3,1.68
S047_3,step,roll,12777277.0,12777281.6,4.6,1.49
S047_3,step,roll,12777289.1,12777296.4,7.3,2.13
S047_3,step,roll,12777312.3,12777327.4,15.1,2.78
S047_3,step,roll,12777329.6,12777334.5,4.9,3.9
S047_3,step,roll,12777337.9,12777353.8,15.9,1.98
S047_3,step,roll,12777356.5,12777368.9,12.4,2.34
S047_3,step,roll,12777372.3,12777390.5,18.2,2.34
S047_3,step,roll,12777398.7,12777426.1,27.4,2.06
S047_3,step,roll,12777429.3,12777439.0,9.7,2.05
S047_3,step,roll,12777440.9,12777446.9,6.0,1.34
S047_3,step,roll,12777465.2,12777479.2,14.0,1.19
S047_3,step,roll,12777487.5,12777499.9,12.4,2.19
S047_3,step,roll,12777501.3,12777515.0,13.7,1.82
S047_3,step,roll,12777515.22,12777527.6,12.38,1.99
S047_3,step,roll,12777531.8,12777542.7,10.9,2.38
S047_3,step,yaw,12777548.1,12777594.1,46.0,1.33
S047_3,step,roll,12777595.5,12777622.4,26.9,2.91
S047_3,step,roll,12777625.9,12777637.0,11.1,1.73
S047_3,step,roll,12777639.6,12777660.3,20.7,1.53
S047_3,step,yaw,12777661.9,12777706.6,44.7,1.52
S047_3,step,roll,12777716.7,12777756.9,40.2,1.75
S047_3,step,roll,12777758.9,12777766.5,7.6,1.6
S047_3,step,roll,12777769.2,12777792.1,22.9,1.31
S047_3,step,yaw,12777788.6,12777843.7,55.1,1.71
S047_3,step,roll,12777853.0,12777874.7,21.7,5.32
S047_3,step,roll,12777883.5,12777908.4,24.9,1.5
S047_3,step,yaw,12777908.4,12777935.7,27.3,1.52
S047_3,step,roll,12777938.8,12777966.5,27.7,3.39
S047_3,step,roll,12777972.1,12777998.9,26.8,2.32
S047_3,step,roll,12778002.4,12778008.1,5.7,1.21
S047_3,step,yaw,12778005.2,12778025.9,20.7,1.43
S047_3,step,roll,12778027.5,12778038.5,11.0,3.31
S047_3,step,roll,12778038.5,12778044.1,5.6,2.57
S047_3,step,pitch,12778045.8,12778071.8,26.0,3.87
S047_3,step,roll,12778052.4,12778094.9,42.5,5.96
S047_3,step,roll,12778096.7,12778116.1,19.4,1.93
S047_3,step,yaw,12778116.1,12778153.5,37.4,1.36
S047_3,step,roll,12778157.3,12778171.5,14.2,4.18
S047_3,step,pitch,12778181.5,12778190.8,9.3,3.83
S047_3,step,roll,12778187.6,12778265.6,78.0,1.58
S047_3,step,yaw,12778268.1,12778289.2,21.1,1.37
S047_3,step,roll,12778293.2,12778309.4,16.2,1.92
S047_3,step,roll,12778312.7,12778345.9,33.2,2.19
S047_3,step,roll,12778348.7,12778354.8,6.1,1.28
S047_3,step,roll,12778356.7,12778364.4,7.7,1.26
S047_3,step,yaw,12778364.6,12778408.2,43.6,1.86
S047_3,step,roll,12778411.8,12778428.7,16.9,2.57
S047_3,step,roll,12778431.7,12778443.8,12.1,3.75
S047_3,step,roll,12778458.1,12778466.7,8.6,1.71
S047_3,step,roll,12778467.9,12778477.9,10.0,1.88
S047_3,step,roll,12778478.8,12778486.2,7.4,1.71
S047_3,step,roll,12778499.3,12778506.5,7.2,2.03
S047_3,step,roll,12778509.3,12778514.3,5.0,1.3
S047_3,step,yaw,12778528.7,12778555.3,26.6,1.59
S047_3,step,roll,12778561.7,12778581.1,19.4,2.94
S047_3,step,roll,12778583.0,12778606.2,23.2,2.19
S047_3,step,roll,12778623.4,12778633.9,10.5,1.38
S047_3,step,yaw,12778642.0,12778659.3,17.3,1.54
S047_3,step,roll,12778661.6,12778667.7,6.1,2.46
S047_3,step,roll,12778672.7,12778677.3,4.6,1.2
S047_3,step,roll,12778680.3,12778687.8,7.5,0.95
S047_3,step,roll,12778697.5,12778703.1,5.6,0.91
S047_3,step,yaw,12778711.0,12778765.3,54.3,1.87
S047_3,step,pitch,12778766.87,12778839.3,72.43,3.51
S047_3,step,roll,12778768.7,12778775.1,6.4,2.63
S047_3,step,roll,12778786.2,12778791.7,5.5,1.52
S047_3,step,roll,12778795.9,12778807.7,11.8,0.97
S047_3,step,yaw,12778816.6,12778839.2,22.6,1.48
S047_3,step,roll,12778841.6,12778848.2,6.6,1.95
S047_3,step,roll,12778863.7,12778880.3,16.6,1.09
S047_3,step,yaw,12778902.5,12778980.0,77.5,1.69
S047_3,step,pitch,12778982.3,12778987.8,5.5,3.39
S047_3,step,roll,12778982.8,12779007.7,24.9,4.33
S047_3,step,pitch,12778989.3,12779006.7,17.4,2.55
S047_3,step,roll,12779024.4,12779029.9,5.5,6.1
S047_3,step,roll,12779035.4,12779042.3,6.9,3.29
S047_3,step,roll,12779043.7,12779049.2,5.5,2.04
S047_3,step,roll,12779086.8,12779104.7,17.9,1.17
S047_3,step,roll,12779129.6,12779134.6,5.0,3.99
S047_3,step,roll,12779148.4,12779153.2,4.8,1.27
S047_3,step,roll,12779162.8,12779171.1,8.3,1.13
S047_3,step,roll,12779190.9,12779211.2,20.3,1.33
S047_3,step,roll,12779224.1,12779268.0,43.9,1.7
S047_3,step,yaw,12779234.7,12779263.8,29.1,1.3
S047_3,step,roll,12779275.9,12779365.5,89.6,2.21
S047_3,step,roll,12779367.7,12779419.4,51.7,1.79
S047_3,step,yaw,12779370.1,12779413.5,43.4,1.32
S047_3,step,yaw,12779478.3,12779506.0,27.7,1.32
S047_3,step,roll,12779572.7,12779611.4,38.7,2.42
S047_3,step,yaw,12779589.3,12779607.0,17.7,1.22
S047_3,step,roll,12779625.3,12779684.2,58.9,2.5
S047_3,step,roll,12779686.2,12779722.2,36.0,1.76
S047_3,step,yaw,12779688.9,12779717.6,28.7,1.25
S047_3,step,roll,12779737.4,12779744.3,6.9,1.02
S047_3,step,roll,12779768.1,12779778.6,10.5,1.63
S047_3,step,roll,12779783.1,12779794.0,10.9,2.77
S047_3,step,roll,12779805.2,12779809.4,4.2,1.92
S047_3,step,roll,12779846.5,12779851.1,4.6,0.9
S047_3,step,roll,12779874.2,12779882.6,8.4,1.06
S047_3,step,roll,12779893.9,12779899.4,5.5,1.05
S047_3,step,roll,12779901.8,12779913.0,11.2,1.09
S047_3,step,roll,12779920.8,12779931.1,10.3,0.9
S047_3,step,roll,12779932.6,12779939.5,6.9,0.98
S047_3,step,roll,12779943.6,12779949.3,5.7,1.21
S047_3,step,roll,12779954.0,12779968.1,14.1,1.38
S047_3,step,roll,12779969.2,12779974.8,5.6,1.32
S047_3,step,roll,12779983.8,12780003.1,19.3,1.23
S047_3,step,roll,12780010.2,12780017.1,6.9,0.88
S047_3,step,roll,12780026.7,12780040.0,13.3,1.02
S047_3,step,pitch,12780043.4,12780115.9,72.5,2.9
S047_3,step,roll,12780047.2,12780056.5,9.3,1.25
S047_3,step,roll,12780059.8,12780065.1,5.3,0.97
S047_3,step,roll,12780065.61,12780076.6,10.99,1.43
S047_3,step,roll,12780082.22,12780102.8,20.58,1.09
S047_3,step,roll,12780117.1,12780125.3,8.2,0.99
S047_3,step,roll,12780128.2,12780134.7,6.5,1.0
S047_3,step,roll,12780140.3,12780145.9,5.6,1.04
S047_3,step,roll,12780148.6,12780153.9,5.3,1.18
S047_3,step,roll,12780227.5,12780234.3,6.8,1.17
S047_3,step,roll,12780251.15,12780256.1,4.95,1.25
S047_3,step,roll,12780262.2,12780278.8,16.6,1.05
S047_3,step,roll,12780281.5,12780287.1,5.6,0.83
S047_3,step,pitch,12780316.6,12780331.0,14.4,3.14
S047_3,step,roll,12780342.0,12780350.8,8.8,1.62
S047_3,step,roll,12780358.2,12780364.2,6.0,3.89
S047_3,step,roll,12780378.0,12780384.8,6.8,2.3
S047_3,step,roll,12780389.5,12780405.6,16.1,2.64
S047_3,step,roll,12780408.9,12780417.0,8.1,2.03
S047_3,step,roll,12780420.0,12780424.5,4.5,1.46
S047_3,step,yaw,12780436.6,12780464.6,28.0,1.47
S047_3,step,roll,12780469.8,12780475.2,5.4,1.99
S047_3,step,roll,12780483.4,12780497.5,14.1,1.82
S047_3,step,pitch,12780494.5,12780500.3,5.8,1.91
S047_3,step,roll,12780500.3,12780505.8,5.5,1.64
S047_3,step,pitch,12780501.3,12780506.4,5.1,2.8
S047_3,step,roll,12780508.6,12780516.9,8.3,2.69
S047_3,step,roll,12780519.0,12780534.7,15.7,1.59
S047_3,step,yaw,12780544.6,12780590.5,45.9,1.35
S047_3,step,roll,12780594.5,12780602.5,8.0,3.21
S047_3,step,roll,12780610.8,12780616.6,5.8,1.3
S047_3,step,roll,12780624.6,12780660.7,36.1,1.5
S047_3,step,yaw,12780675.5,12780718.6,43.1,1.42
S047_3,step,roll,12780732.9,12780738.3,5.4,2.82
S047_3,step,roll,12780746.8,12780760.6,13.8,1.28
S047_3,step,roll,12780771.7,12780779.8,8.1,1.92
S047_3,step,yaw,12780782.0,12780830.5,48.5,1.54
S047_3,step,pitch,12780834.9,12780840.9,6.0,4.12
S047_3,step,roll,12780835.4,12780841.3,5.9,3.91
S047_3,step,roll,12780843.7,12780854.8,11.1,2.78
S047_3,step,roll,12780892.0,12780896.3,4.3,1.2
S047_3,step,roll,12780920.7,12780995.8,75.1,1.63
S047_3,step,yaw,12780940.5,12780992.5,52.0,1.3
S047_3,step,yaw,12781040.3,12781074.7,34.4,1.3
S047_3,step,pitch,12781119.7,12781128.9,9.2,2.02
S047_3,step,pitch,12781131.6,12781213.3,81.7,3.26
S047_3,step,roll,12781138.4,12781197.6,59.2,1.35
S047_3,step,roll,12781198.19,12781218.4,20.21,0.96
S047_3,step,pitch,12781215.6,12781303.0,87.4,3.44
S047_3,step,roll,12781223.1,12781233.0,9.9,1.71
S047_3,step,roll,12781245.28,12781280.3,35.02,0.94
S047_3,step,roll,12781286.7,12781294.7,8.0,0.91
S047_3,step,roll,12781296.2,12781315.8,19.6,1.61
S047_3,step,roll,12781322.4,12781332.2,9.8,1.28
S047_3,step,roll,12781333.8,12781348.9,15.1,1.11
S047_3,step,roll,12781350.6,12781357.8,7.2,1.05
S047_3,step,roll,12781358.81,12781396.3,37.49,1.06
S047_3,step,roll,12781397.58,12781414.1,16.52,2.42
S047_3,step,pitch,12781405.8,12781460.5,54.7,2.92
S047_3,step,roll,12781419.1,12781429.7,10.6,1.29
S047_3,step,roll,12781431.9,12781444.5,12.6,1.17
S047_3,step,roll,12781449.1,12781455.4,6.3,2.14
S047_3,step,roll,12781464.0,12781468.8,4.8,2.02
S047_3,step,roll,12781472.3,12781485.1,12.8,1.54
S047_3,step,roll,12781487.6,12781501.2,13.6,2.16
S047_3,step,roll,12781531.7,12781546.6,14.9,1.32
S047_3,step,roll,12781596.0,12781601.3,5.3,1.38
S047_3,step,roll,12781616.3,12781621.3,5.0,0.95
S047_3,step,roll,12781735.4,12781740.9,5.5,1.83
S047_3,step,roll,12781770.6,12781779.7,9.1,1.54
S047_3,step,roll,12781784.9,12781793.1,8.2,1.06
S047_3,step,roll,12781815.0,12781821.2,6.2,1.62
S047_3,step,roll,12781829.5,12781837.8,8.3,1.92
S047_3,step,roll,12781840.1,12781844.5,4.4,3.75
S047_3,step,roll,12781848.2,12781857.2,9.0,4.06
S047_3,step,roll,12781860.0,12781865.2,5.2,2.2
S047_3,step,roll,12781870.0,12781875.3,5.3,2.41
S047_3,step,yaw,12781917.5,12781964.7,47.2,14.05
S047_3,step,roll,12781918.1,12781945.4,27.3,11.26
S047_3,step,roll,12781947.4,12781955.7,8.3,6.7
S047_3,step,yaw,12781969.7,12781975.4,5.7,6.6
S047_3,step,yaw,12781976.34,12782001.1,24.76,11.12
S047_3,step,yaw,12782004.0,12782018.0,14.0,6.7
S047_3,step,yaw,12782062.18,12782067.3,5.12,5.49
S047_3,step,yaw,12782123.2,12782131.3,8.1,6.87
S047_3,step,yaw,12782131.3,12782141.5,10.2,13.56
S047_3,step,yaw,12782175.71,12782184.0,8.29,3.98
S047_3,step,yaw,12782190.8,12782202.4,11.6,19.04
S047_3,step,yaw,12782211.7,12782228.2,16.5,17.9
S048_2,step,roll,12842152.0,12842187.9,35.9,1.88
S048_2,step,roll,12842205.7,12842254.9,49.2,1.73
S048_2,step,roll,12842288.6,12842300.5,11.9,0.83
S048_2,step,roll,12842349.3,12842359.7,10.4,0.97
S048_2,step,yaw,12842545.3,12842551.8,6.5,20.87
S048_2,step,yaw,12842593.1,12842599.6,6.5,2.83
S048_2,step,yaw,12842604.8,12842637.0,32.2,3.66
S048_2,step,yaw,12842642.8,12842649.3,6.5,5.8
S048_2,step,yaw,12842650.6,12842659.6,9.0,17.82
S048_2,step,yaw,12842739.0,12842746.5,7.5,6.75
S048_2,step,yaw,12842772.5,12842778.0,5.5,4.81
S048_2,step,yaw,12842779.4,12842785.7,6.3,8.83
S048_2,step,yaw,12842793.6,12842800.3,6.7,5.31
S048_2,step,yaw,12842806.5,12842814.2,7.7,19.95
S048_2,step,yaw,12842814.2,12842827.8,13.6,12.77
S048_2,step,yaw,12842833.8,12842840.2,6.4,7.44
S048_2,step,yaw,12842863.1,12842876.3,13.2,7.91
S048_2,step,yaw,12842882.3,12842888.4,6.1,6.18
S048_2,step,yaw,12842892.3,12842900.0,7.7,3.99
S048_2,step,yaw,12842905.8,12842919.4,13.6,25.16
S048_2,step,yaw,12842920.96,12843009.0,88.04,17.62
S048_2,step,yaw,12843012.3,12843018.1,5.8,6.57
S048_2,step,yaw,12843019.0,12843035.7,16.7,7.29
S048_2,step,roll,12843042.4,12843064.5,22.1,11.97
S048_2,step,pitch,12843065.3,12843087.7,22.4,7.4
S048_2,step,yaw,12843073.5,12843081.7,8.2,2.51
S048_2,step,roll,12843084.0,12843093.7,9.7,5.16
S048_2,step,pitch,12843151.0,12843173.7,22.7,2.4
S048_2,step,pitch,12843174.9,12843192.3,17.4,2.46
S048_2,step,roll,12843191.2,12843199.03,7.83,4.47
S048_2,step,pitch,12843194.2,12843200.0,5.8,2.15
S048_2,step,pitch,12843202.4,12843231.8,29.4,2.31
S048_2,step,pitch,12843232.7,12843241.9,9.2,2.13
S048_2,step,roll,12843257.1,12843267.6,10.5,2.33
S048_2,step,roll,12843272.8,12843287.0,14.2,1.75
S048_2,step,roll,12843290.5,12843298.0,7.5,1.78
S048_2,step,roll,12843298.58,12843324.0,25.42,1.35
S048_2,step,roll,12843334.5,12843346.8,12.3,1.57
S048_2,step,roll,12843353.4,12843379.6,26.2,2.94
S048_2,step,roll,12843379.6,12843384.9,5.3,1.64
S048_2,step,roll,12843463.3,12843490.1,26.8,1.24
S048_2,step,roll,12843490.8,12843497.0,6.2,0.96
S048_2,step,roll,12843504.9,12843523.4,18.5,0.99
S048_2,step,roll,12843528.0,12843540.2,12.2,1.14
S048_2,step,roll,12843545.0,12843570.5,25.5,1.53
S048_2,step,roll,12843571.49,12843647.0,75.51,1.01
S048_2,step,roll,12843657.8,12843670.6,12.8,1.13
S048_2,step,roll,12843677.6,12843698.0,20.4,1.63
S048_2,step,roll,12843700.2,12843772.2,72.0,1.13
S048_2,step,roll,12843808.0,12843813.4,5.4,0.89
S048_2,step,roll,12843927.6,12843934.1,6.5,1.06
S048_2,step,roll,12844054.2,12844062.3,8.1,1.14
S048_2,step,roll,12844065.7,12844071.4,5.7,1.41
S048_2,step,roll,12844074.3,12844086.1,11.8,1.85
S048_2,step,roll,12844088.5,12844136.1,47.6,2.72
S048_2,step,roll,12844239.4,12844270.0,30.6,2.6
S048_2,step,roll,12844306.1,12844371.3,65.2,1.22
S048_2,step,roll,12844374.7,12844390.2,15.5,3.69
S048_2,step,roll,12844395.1,12844424.5,29.4,1.83
S048_2,step,roll,12844427.9,12844436.5,8.6,5.37
S048_2,step,roll,12844436.5,12844441.7,5.2,2.67
S048_2,step,yaw,12844450.3,12844514.7,64.4,1.64
S048_2,step,roll,12844482.7,12844500.6,17.9,0.97
S048_2,step,roll,12844506.9,12844514.5,7.6,1.01
S048_2,step,roll,12844522.3,12844530.4,8.1,2.92
S048_2,step,roll,12844533.6,12844572.0,38.4,2.9
S048_2,step,roll,12844582.9,12844591.0,8.1,3.06
S048_2,step,yaw,12844594.5,12844651.7,57.2,1.39
S048_2,step,roll,12844652.8,12844658.1,5.3,6.61
S048_2,step,roll,12844659.1,12844667.2,8.1,1.88
S048_2,step,roll,12844678.5,12844694.0,15.5,1.96
S048_2,step,roll,12844695.7,12844700.9,5.2,1.17
S048_2,step,roll,12844719.7,12844724.9,5.2,1.14
S048_2,step,yaw,12844735.1,12844800.4,65.3,1.69
S048_2,step,roll,12844754.2,12844804.8,50.6,8.45
S048_2,step,roll,12844811.3,12844838.1,26.8,3.37
S048_2,step,roll,12844958.3,12844974.9,16.6,4.43
S048_2,step,roll,12844999.5,12845012.2,12.7,1.5
S048_2,step,yaw,12845040.6,12845078.3,37.7,1.44
S048_2,step,roll,12845065.3,12845083.7,18.4,4.37
S048_2,step,roll,12845147.1,12845155.8,8.7,1.2
S048_2,step,roll,12845250.1,12845257.0,6.9,0.93
S048_2,step,roll,12845332.5,12845383.8,51.3,1.38
S048_2,step,roll,12845385.6,12845395.9,10.3,1.65
S048_2,step,roll,12845404.6,12845413.2,8.6,1.25
S048_2,step,roll,12845433.8,12845481.8,48.0,1.88
S048_2,step,yaw,12845440.4,12845481.0,40.6,1.19
S048_2,step,roll,12845565.9,12845638.2,72.3,1.89
S048_2,step,roll,12845640.5,12845660.3,19.8,0.98
S048_2,step,roll,12845667.2,12845720.4,53.2,4.42
S048_2,step,yaw,12845680.9,12845715.8,34.9,1.43
S048_2,step,yaw,12845749.6,12845791.5,41.9,1.58
S048_2,step,yaw,12845847.4,12845860.2,12.8,1.12
S048_2,step,yaw,12845878.3,12845924.7,46.4,1.77
S048_2,step,roll,12845938.4,12845964.18,25.78,5.39
S048_2,step,yaw,12845984.7,12846019.3,34.6,1.58
S048_2,step,roll,12846052.2,12846065.6,13.4,1.68
S048_2,step,roll,12846123.8,12846137.5,13.7,3.99
S048_2,step,roll,12846179.1,12846188.4,9.3,0.97
S048_2,step,roll,12846190.7,12846214.1,23.4,3.74
S048_2,step,roll,12846225.0,12846232.5,7.5,1.15
S048_2,step,roll,12846240.5,12846247.3,6.8,2.41
S048_2,step,roll,12846256.9,12846282.4,25.5,5.15
S048_2,step,roll,12846298.8,12846309.4,10.6,1.82
S048_2,step,roll,12846320.2,12846374.4,54.2,4.94
S048_2,step,roll,12846382.9,12846389.2,6.3,2.1
S048_2,step,roll,12846400.1,12846410.4,10.3,0.88
S048_2,step,roll,12846412.2,12846419.6,7.4,0.85
S048_2,step,roll,12846420.7,12846427.5,6.8,0.83
S048_2,step,roll,12846461.7,12846470.3,8.6,1.11
S048_2,step,roll,12846478.4,12846501.3,22.9,1.62
S048_2,step,roll,12846532.3,12846560.8,28.5,3.06
S048_2,step,pitch,12846562.5,12846570.0,7.5,2.53
S048_2,step,roll,12846563.2,12846577.3,14.1,1.44
S048_2,step,roll,12846581.0,12846597.7,16.7,1.85
S048_2,step,roll,12846599.0,12846606.1,7.1,1.51
S048_2,step,roll,12846607.8,12846614.7,6.9,3.12
S048_2,step,roll,12846620.1,12846625.7,5.6,0.86
S048_2,step,roll,12846645.4,12846683.9,38.5,4.82
S048_2,step,roll,12846717.7,12846765.6,47.9,1.3
S048_2,step,roll,12846769.1,12846789.7,20.6,2.84
S048_2,step,roll,12846791.5,12846854.5,63.0,1.26
S048_2,step,roll,12846858.4,12846873.4,15.0,3.15
S048_2,step,roll,12846883.5,12846925.3,41.8,1.54
S048_2,step,roll,12846928.7,12846953.9,25.2,3.81
S048_2,step,roll,12846956.3,12846968.2,11.9,1.73
S048_2,step,roll,12846980.2,12847014.2,34.0,2.95
S048_2,step,roll,12847030.3,12847045.2,14.9,2.97
S048_2,step,roll,12847046.1,12847055.6,9.5,1.64
S048_2,step,roll,12847057.5,12847074.3,16.8,1.8
S048_2,step,roll,12847076.4,12847083.1,6.7,2.54
S048_2,step,roll,12847091.8,12847121.0,29.2,1.99
S048_2,step,roll,12847126.2,12847152.1,25.9,1.41
S048_2,step,roll,12847153.6,12847205.3,51.7,5.57
S048_2,step,yaw,12847156.9,12847201.6,44.7,1.3
S048_2,step,roll,12847216.0,12847223.2,7.2,1.27
S048_2,step,yaw,12847223.7,12847264.6,40.9,1.3
S048_2,step,roll,12847225.76,12847264.3,38.54,1.62
S048_2,step,roll,12847266.9,12847277.9,11.0,2.91
S048_3,step,roll,12851013.2,12851024.9,11.7,1.22
S048_3,step,yaw,12851021.5,12851038.5,17.0,18.87
S048_3,step,yaw,12851046.3,12851053.2,6.9,4.06
S048_3,step,yaw,12851063.5,12851071.7,8.2,5.21
S048_3,step,yaw,12851117.1,12851123.8,6.7,6.2
S048_3,step,yaw,12851131.3,12851138.6,7.3,17.8
S048_3,step,yaw,12851138.6,12851149.7,11.1,17.81
S048_3,step,roll,12851149.7,12851182.5,32.8,2.35
S048_3,step,yaw,12851171.95,12851177.6,5.65,7.23
S048_3,step,yaw,12851231.0,12851242.1,11.1,16.78
S048_3,step,yaw,12851253.0,12851274.6,21.6,3.88
S048_3,step,yaw,12851282.6,12851294.9,12.3,5.96
S048_3,step,yaw,12851295.7,12851303.6,7.9,8.87
S048_3,step,roll,12851312.1,12851330.0,17.9,5.8
S048_3,step,pitch,12851327.11,12851360.1,32.99,6.53
S048_3,step,roll,12851338.7,12851344.3,5.6,3.66
S048_3,step,roll,12851352.0,12851360.6,8.6,3.5
S048_3,step,roll,12851478.6,12851485.7,7.1,1.82
S048_3,step,roll,12851541.4,12851552.4,11.0,2.02
S048_3,step,roll,12851561.8,12851576.0,14.2,2.27
S048_3,step,roll,12851596.0,12851607.8,11.8,3.63
S048_3,step,roll,12851648.5,12851659.3,10.8,0.93
S048_3,step,roll,12851721.7,12851727.3,5.6,1.14
S048_3,step,roll,12851739.1,12851751.9,12.8,4.5
S048_3,step,roll,12851751.9,12851762.7,10.8,3.74
S048_3,step,yaw,12851759.39,12851779.5,20.11,1.56
S048_3,step,roll,12851836.6,12851844.3,7.7,1.19
S048_3,step,roll,12851960.7,12851969.9,9.2,5.0
S048_3,step,roll,12851969.9,12851995.8,25.9,2.82
S048_3,step,yaw,12851978.6,12852004.4,25.8,1.42
S048_3,step,yaw,12852004.4,12852014.3,9.9,4.27
S048_3,step,pitch,12852006.7,12852012.7,6.0,1.85
S048_3,step,roll,12852006.9,12852017.9,11.0,6.53
S048_3,step,yaw,12852016.8,12852094.3,77.5,0.99
S048_3,step,roll,12852029.0,12852039.1,10.1,0.97
S048_3,step,roll,12852054.94,12852061.8,6.86,0.85
S048_3,step,roll,12852077.1,12852093.5,16.4,0.98
S048_3,step,yaw,12852095.6,12852122.8,27.2,1.49
S048_3,step,yaw,12852122.8,12852132.5,9.7,3.44
S048_3,step,roll,12852125.1,12852139.2,14.1,5.93
S048_3,step,yaw,12852132.5,12852184.2,51.7,1.08
S048_3,step,roll,12852139.9,12852145.7,5.8,1.27
S048_3,step,yaw,12852187.9,12852221.7,33.8,1.32
S048_3,step,yaw,12852221.7,12852232.2,10.5,3.92
S048_3,step,roll,12852224.8,12852235.9,11.1,6.88
S048_3,step,pitch,12852243.2,12852249.4,6.2,3.37
S048_3,step,yaw,12852243.3,12852266.5,23.2,0.97
S048_3,step,roll,12852368.9,12852376.3,7.4,1.91
S048_3,step,roll,12852409.6,12852418.2,8.6,2.54
S048_3,step,roll,12852601.7,12852609.1,7.4,7.59
S048_3,step,roll,12852731.0,12852738.4,7.4,0.99
S048_3,step,yaw,12852761.6,12852845.5,83.9,4.73
S048_3,step,roll,12852764.3,12852775.1,10.8,6.55
S048_3,step,roll,12852778.0,12852804.6,26.6,2.44
S048_3,step,roll,12852808.0,12852819.7,11.7,3.02
S048_3,step,roll,12852823.4,12852844.0,20.6,1.7
S048_3,step,yaw,12852862.9,12852886.2,23.3,4.27
S048_3,step,roll,12852864.0,12852876.7,12.7,6.03
S048_3,step,roll,12852882.5,12852889.9,7.4,1.32
S048_3,step,yaw,12852904.5,12852911.7,7.2,1.07
S048_3,step,yaw,12852911.7,12852918.5,6.8,3.48
S048_3,step,roll,12852929.7,12852937.9,8.2,0.96
S048_3,step,roll,12852952.0,12852959.1,7.1,1.13
S048_3,step,roll,12853218.7,12853244.5,25.8,8.54
S048_3,step,pitch,12853233.5,12853240.5,7.0,2.72
S048_3,step,roll,12853253.5,12853275.7,22.2,3.29
S048_3,step,roll,12853285.2,12853329.5,44.3,1.92
S048_3,step,roll,12853366.5,12853435.3,68.8,2.11
S048_3,step,roll,12853451.4,12853465.4,14.0,1.33
S048_3,step,roll,12853477.6,12853484.7,7.1,1.46
S048_3,step,roll,12853488.4,12853495.8,7.4,1.15
S048_3,step,yaw,12853659.3,12853671.2,11.9,2.03
S048_3,step,roll,12853662.0,12853672.4,10.4,2.9
S048_3,step,roll,12853688.7,12853721.0,32.3,2.54
S048_3,step,yaw,12853691.6,12853710.7,19.1,1.08
S048_3,step,roll,12853743.3,12853778.3,35.0,0.93
S048_3,step,roll,12853968.7,12853974.3,5.6,0.99
S048_3,step,roll,12853983.4,12854068.4,85.0,1.02
S048_3,step,yaw,12854066.1,12854074.9,8.8,1.52
S048_3,step,roll,12854068.4,12854079.5,11.1,2.32
S048_3,step,roll,12854105.3,12854113.3,8.0,1.38
S048_3,step,roll,12854122.1,12854140.1,18.0,2.4
S048_3,step,roll,12854153.4,12854162.2,8.8,0.99
S048_3,step,yaw,12854278.9,12854346.6,67.7,1.36
S048_3,step,roll,12854367.74,12854414.8,47.06,3.14
S048_3,step,yaw,12854378.2,12854392.8,14.6,1.72
S048_3,step,yaw,12854400.8,12854412.0,11.2,1.04
S048_3,step,roll,12854785.22,12854796.2,10.98,1.48
S048_3,step,roll,12854803.6,12854824.6,21.0,0.99
S048_3,step,roll,12855058.6,12855102.4,43.8,2.04
S048_3,step,roll,12855112.5,12855129.5,17.0,1.17
S048_3,step,roll,12855133.1,12855167.9,34.8,1.39
S048_3,step,roll,12855172.5,12855184.2,11.7,1.99
S048_3,step,roll,12855206.1,12855213.1,7.0,1.01
S048_3,step,roll,12855217.4,12855234.3,16.9,1.92
S048_3,step,roll,12855235.3,12855305.2,69.9,2.52
S048_3,step,yaw,12855307.2,12855339.2,32.0,1.28
S048_3,step,roll,12855308.4,12855343.0,34.6,1.85
S048_3,step,roll,12855409.5,12855424.3,14.8,2.7
S048_3,step,roll,12855428.0,12855464.6,36.6,0.95
S048_3,step,roll,12855547.6,12855590.6,43.0,1.06
S048_3,step,roll,12855620.1,12855627.5,7.4,0.99
S048_3,step,yaw,12855634.8,12855654.7,19.9,0.93
S048_3,step,yaw,12855655.5,12855731.0,75.5,0.94
S048_3,step,yaw,12855737.0,12855745.5,8.5,1.06
S048_3,step,roll,12855749.3,12855800.0,50.7,2.57
S048_3,step,yaw,12855751.9,12855797.5,45.6,0.94
S048_3,step,roll,12855963.7,12856037.6,73.9,2.9
S048_3,step,yaw,12856037.5,12856048.0,10.5,1.28
S048_3,step,roll,12856048.7,12856056.1,7.4,2.71
S048_3,step,yaw,12856055.9,12856066.8,10.9,1.17
S048_3,step,roll,12856067.2,12856122.6,55.4,2.59
S048_3,step,yaw,12856070.6,12856118.9,48.3,1.03
S048_3,step,yaw,12856122.6,12856131.9,9.3,1.19
S048_3,step,roll,12856242.5,12856260.4,17.9,1.31
S048_3,step,roll,12856263.7,12856270.3,6.6,1.12
S048_3,step,roll,12856280.9,12856319.1,38.2,1.03
S048_3,step,roll,12856320.7,12856329.5,8.8,1.05
S048_3,step,yaw,12856325.4,12856336.7,11.3,1.17
S048_3,step,yaw,12856346.6,12856380.1,33.5,1.02
S048_3,step,roll,12856347.2,12856380.1,32.9,1.31
S048_3,step,roll,12856386.7,12856395.7,9.0,1.47
S048_3,step,yaw,12856388.66,12856395.5,6.84,1.23
S048_3,step,roll,12856423.0,12856444.3,21.3,1.12
S048_3,step,yaw,12856428.2,12856453.9,25.7,1.12
S048_3,step,roll,12856445.7,12856454.4,8.7,1.22
S048_3,step,yaw,12856466.8,12856478.0,11.2,1.19
S048_3,step,yaw,12856480.6,12856490.8,10.2,1.16
S048_3,step,yaw,12856492.0,12856507.2,15.2,1.2
S048_3,step,roll,12856493.4,12856509.3,15.9,1.72
S048_3,step,yaw,12856507.6,12856550.7,43.1,3.37
S048_3,step,roll,12856511.1,12856539.0,27.9,2.59
S048_3,step,roll,12856549.8,12856565.9,16.1,2.88
S048_3,step,roll,12856569.6,12856580.0,10.4,2.09
S048_3,step,yaw,12856588.0,12856597.0,9.0,1.0
S048_3,step,roll,12856588.1,12856625.9,37.8,1.56
S048_3,step,yaw,12856602.1,12856621.6,19.5,1.23
S048_3,step,roll,12856636.2,12856660.5,24.3,1.81
S048_3,step,yaw,12856646.6,12856658.0,11.4,1.08
S048_3,step,yaw,12856661.6,12856684.6,23.0,1.47
S048_3,step,roll,12856661.8,12856677.8,16.0,2.17
S048_3,step,roll,12856680.53,12856703.6,23.07,2.72
S048_3,step,yaw,12856688.4,12856734.3,45.9,1.4
S048_3,step,roll,12856705.9,12856738.5,32.6,2.14
S048_3,step,roll,12856747.0,12856753.6,6.6,1.87
S048_3,step,roll,12856958.6,12856994.5,35.9,2.01
S048_3,step,roll,12857053.6,12857059.9,6.3,0.86
S048_3,step,yaw,12857082.1,12857094.2,12.1,1.87
S048_3,step,roll,12857086.6,12857094.3,7.7,2.14
S048_3,step,roll,12857094.3,12857103.1,8.8,1.73
S048_3,step,yaw,12857112.2,12857119.6,7.4,0.93
S048_3,step,pitch,12857123.8,12857131.5,7.7,1.98
S048_3,step,yaw,12857124.4,12857138.3,13.9,0.93
S048_3,step,roll,12857131.2,12857180.2,49.0,3.24
S048_3,step,yaw,12857139.4,12857145.7,6.3,0.92
S048_3,step,roll,12857186.68,12857195.0,8.32,0.91
S048_3,step,roll,12857203.5,12857217.2,13.7,0.96
S048_3,step,roll,12857219.4,12857293.8,74.4,2.29
S048_3,step,yaw,12857278.2,12857292.6,14.4,2.66
S048_3,step,pitch,12857293.4,12857302.1,8.7,2.15
S048_3,step,roll,12857299.6,12857312.2,12.6,4.36
S048_3,step,roll,12857330.7,12857363.8,33.1,1.61
S048_3,step,roll,12857366.5,12857378.5,12.0,1.62
S048_3,step,roll,12857397.1,12857404.6,7.5,1.76
S048_3,step,yaw,12857404.6,12857485.3,80.7,4.1
S048_3,step,roll,12857485.9,12857491.8,5.9,2.12
S048_3,step,roll,12857493.3,12857499.4,6.1,3.46
S048_3,step,roll,12857511.7,12857522.8,11.1,4.03
S048_3,step,yaw,12857522.5,12857567.1,44.6,6.2
S048_3,step,roll,12857555.1,12857567.2,12.1,3.8
S048_3,step,roll,12857574.5,12857581.9,7.4,1.33
S048_3,step,roll,12857592.1,12857604.1,12.0,1.77
S048_3,step,yaw,12857624.5,12857637.3,12.8,7.03
S048_3,step,roll,12857626.3,12857639.0,12.7,8.43
S048_3,step,roll,12857647.9,12857655.8,7.9,2.01
S048_3,step,yaw,12857675.5,12857687.7,12.2,4.76
S048_3,step,roll,12857678.0,12857687.9,9.9,8.06
S048_3,step,roll,12857766.7,12857772.3,5.6,1.37
S048_3,step,roll,12857781.5,12857788.8,7.3,2.38
S048_3,step,roll,12857795.4,12857802.8,7.4,4.85
S048_3,step,roll,12857803.6,12857813.2,9.6,3.16
S048_3,step,roll,12857818.4,12857825.2,6.8,2.75
S048_3,step,yaw,12857822.1,12857838.7,16.6,1.24
S048_3,step,roll,12857833.1,12857839.3,6.2,1.02
S048_3,step,yaw,12857840.6,12857858.7,18.1,2.26
S048_3,step,yaw,12857859.09,12857883.1,24.01,5.49
S048_3,step,roll,12857873.8,12857881.2,7.4,2.3
S048_3,step,pitch,12857878.7,12857885.8,7.1,3.04
S048_3,step,roll,12857892.3,12857899.6,7.3,3.89
S048_3,step,pitch,12857893.6,12857907.1,13.5,3.6
S048_3,step,roll,12857914.5,12857926.4,11.9,2.91
S048_3,step,roll,12857928.1,12857935.7,7.6,6.14
S048_3,step,roll,12857977.3,12857991.8,14.5,5.75
S048_3,step,yaw,12858032.74,12858046.5,13.76,2.0
S048_3,step,yaw,12858046.5,12858057.8,11.3,4.13
S048_3,step,roll,12858047.5,12858060.6,13.1,9.4
S048_3,step,roll,12858065.7,12858072.1,6.4,2.15
S048_3,step,roll,12858080.0,12858088.1,8.1,4.86
S048_3,step,roll,12858089.9,12858102.9,13.0,3.4
S048_3,step,roll,12858110.0,12858116.0,6.0,2.55
S048_3,step,roll,12858118.2,12858139.0,20.8,4.4
S048_3,step,roll,12858143.5,12858154.3,10.8,4.65
S048_3,step,roll,12858158.3,12858209.0,50.7,10.62
S048_3,step,yaw,12858235.2,12858277.5,42.3,12.6
S048_3,step,yaw,12858279.3,12858331.5,52.2,10.83
S048_3,step,yaw,12858346.3,12858364.8,18.5,9.79
S048_3,step,yaw,12858364.8,12858380.4,15.6,18.65
S048_3,step,yaw,12858380.8,12858401.0,20.2,7.44
S048_4,step,yaw,12860240.0,12860257.6,17.6,3.62
S048_4,step,yaw,12860259.09,12860310.5,51.41,24.96
S048_4,step,yaw,12860310.8,12860321.5,10.7,12.16
S048_4,step,yaw,12860322.1,12860344.9,22.8,18.87
S048_4,step,yaw,12860413.7,12860418.3,4.6,6.06
S048_4,step,yaw,12860419.4,12860422.5,3.1,5.39
S048_4,step,yaw,12860423.2,12860437.5,14.3,22.2
S048_4,step,yaw,12860437.5,12860446.2,8.7,16.3
S048_4,step,yaw,12860450.03,12860453.8,3.77,15.32
S048_4,step,yaw,12860462.8,12860466.6,3.8,9.76
S048_4,step,yaw,12860488.0,12860491.9,3.9,6.59
S048_4,step,yaw,12860499.6,12860506.4,6.8,5.36
S048_4,step,yaw,12860510.1,12860547.4,37.3,7.18
S048_4,step,yaw,12860553.0,12860569.2,16.2,11.95
S048_4,step,yaw,12860574.1,12860577.6,3.5,4.33
S048_4,step,yaw,12860583.4,12860589.3,5.9,4.8
S048_4,step,yaw,12860591.1,12860607.6,16.5,12.16
S048_4,step,roll,12860612.3,12860645.0,32.7,8.36
S048_4,step,yaw,12860616.16,12860621.1,4.94,3.95
S048_4,step,pitch,12860624.6,12860659.9,35.3,6.23
S048_4,step,roll,12860646.7,12860656.5,9.8,7.02
S048_4,step,roll,12860658.0,12860667.5,9.5,3.97
S048_4,step,roll,12860679.1,12860698.2,19.1,3.29
S048_4,step,roll,12860702.0,12860710.8,8.8,2.85
S048_4,step,roll,12860712.5,12860728.8,16.3,2.84
S048_4,step,roll,12860732.6,12860743.3,10.7,3.59
S048_4,step,roll,12860744.09,12860775.6,31.51,3.88
S048_4,step,roll,12860776.55,12860798.4,21.85,3.16
S048_4,step,roll,12860801.37,12860869.5,68.13,3.39
S048_4,step,pitch,12860862.4,12860870.1,7.7,2.2
S048_4,step,roll,12860872.0,12860912.7,40.7,3.08
S048_4,step,roll,12860914.0,12860961.1,47.1,2.55
S048_4,step,roll,12860962.3,12860978.3,16.0,1.96
S048_4,step,roll,12860980.8,12860985.8,5.0,1.66
S048_4,step,roll,12860990.4,12861040.0,49.6,2.09
S048_4,step,roll,12861041.8,12861053.4,11.6,2.12
S048_4,step,roll,12861055.3,12861100.9,45.6,1.42
S048_4,step,roll,12861104.9,12861109.5,4.6,1.26
S048_4,step,roll,12861114.5,12861136.6,22.1,1.87
S048_4,step,roll,12861137.43,12861158.4,20.97,2.66
S048_4,step,roll,12861165.6,12861204.7,39.1,1.73
S048_4,step,roll,12861206.7,12861218.7,12.0,1.88
S048_4,step,roll,12861221.4,12861250.0,28.6,3.11
S048_4,step,yaw,12861261.5,12861271.8,10.3,1.07
S048_4,step,roll,12861274.7,12861278.7,4.0,1.76
S048_4,step,yaw,12861289.9,12861325.2,35.3,1.39
S048_4,step,roll,12861326.4,12861330.2,3.8,6.18
S048_4,step,roll,12861336.0,12861343.3,7.3,1.02
S048_4,step,roll,12861344.7,12861358.9,14.2,1.31
S048_4,step,roll,12861468.2,12861494.4,26.2,1.64
S048_4,step,yaw,12861499.8,12861565.9,66.1,1.43
S048_4,step,roll,12861503.9,12861517.8,13.9,1.27
S048_4,step,roll,12861519.3,12861537.1,17.8,1.63
S048_4,step,roll,12861538.419,12861553.8,15.38,1.41
S048_4,step,roll,12861554.6,12861572.6,18.0,5.28
S048_4,step,roll,12861572.6,12861624.3,51.7,5.03
S048_4,step,pitch,12861574.5,12861583.3,8.8,2.31
S048_4,step,pitch,12861589.9,12861593.6,3.7,1.86
S048_4,step,roll,12861639.6,12861645.3,5.7,1.18
S048_4,step,roll,12861733.1,12861742.7,9.6,6.81
S048_4,step,roll,12861746.5,12861756.0,9.5,2.36
S048_4,step,roll,12861775.1,12861779.0,3.9,2.04
S048_4,step,roll,12861834.3,12861843.5,9.2,5.84
S048_4,step,roll,12861847.7,12861853.4,5.7,1.24
S048_4,step,roll,12861878.2,12861883.7,5.5,1.39
S048_4,step,roll,12861887.8,12861903.1,15.3,1.28
S048_4,step,roll,12861920.3,12861926.0,5.7,1.07
S048_4,step,yaw,12862013.8,12862027.2,13.4,5.16
S048_4,step,roll,12862017.6,12862027.2,9.6,7.23
S048_4,step,roll,12862040.3,12862057.3,17.0,1.54
S048_4,step,roll,12862059.4,12862066.6,7.2,2.64
S048_4,step,roll,12862069.2,12862080.5,11.3,1.95
S048_4,step,roll,12862193.3,12862202.9,9.6,6.19
S048_4,step,roll,12862206.7,12862210.5,3.8,5.42
S048_4,step,pitch,12862269.7,12862277.3,7.6,3.2
S048_4,step,roll,12862304.11,12862307.2,3.09,1.81
S048_4,step,roll,12862359.4,12862363.3,3.9,1.77
S048_4,doublet,roll,12862376.4,12862387.9,9.6,2.79|1.07
S048_4,step,roll,12862393.8,12862402.4,8.6,6.13
S048_4,doublet,roll,12862416.7,12862426.3,7.7,2.22|5.85
S048_4,doublet,roll,12862432.0,12862447.3,11.5,7.59|5.81
S048_4,doublet,roll,12862493.1,12862506.5,11.5,3.56|0.86
S048_4,step,roll,12862511.5,12862525.6,14.1,3.91
S048_4,doublet,roll,12862607.7,12862622.9,9.5,5.62|7.12
S048_4,step,roll,12862626.8,12862632.2,5.4,6.47
S048_4,doublet,roll,12862663.0,12862678.3,9.5,5.72|7.34
S048_4,step,roll,12862682.1,12862687.9,5.8,6.58
S048_4,step,roll,12862701.2,12862707.0,5.8,1.39
S048_4,step,roll,12862836.8,12862842.1,5.3,1.36
S048_4,doublet,roll,12862854.0,12862869.3,9.6,5.7|6.71
S048_4,step,yaw,12862869.3,12862889.2,19.9,2.92
S048_4,step,roll,12862871.2,12862878.8,7.6,6.65
S048_4,step,roll,12862892.2,12862897.9,5.7,5.33
S048_4,step,roll,12862922.5,12862932.3,9.8,1.33
S048_4,step,roll,12862941.8,12862951.3,9.5,4.13
S048_4,step,roll,12862983.8,12862987.6,3.8,5.54
S048_4,doublet,roll,12862993.4,12863008.6,11.4,6.63|5.94
S048_4,step,yaw,12862998.9,12863018.8,19.9,2.93
S048_4,step,yaw,12863020.15,12863096.5,76.35,2.93
S048_4,step,roll,12863023.8,12863027.7,3.9,1.32
S048_4,step,roll,12863039.2,12863043.0,3.8,0.92
S048_4,doublet,roll,12863086.9,12863102.2,9.6,4.99|5.54
S048_4,step,roll,12863103.2,12863113.3,10.1,5.65
S048_4,step,roll,12863123.2,12863138.4,15.2,5.54
S048_4,step,roll,12863157.5,12863160.9,3.4,2.13
S048_4,step,roll,12863184.3,12863188.1,3.8,1.87
S048_4,step,roll,12863295.1,12863306.5,11.4,6.22
S048_4,step,roll,12863308.4,12863316.1,7.7,2.86
S048_4,step,pitch,12863310.3,12863317.8,7.5,2.77
S048_4,step,roll,12863318.0,12863325.0,7.0,3.96
S048_4,step,pitch,12863323.7,12863327.0,3.3,2.24
S048_4,step,roll,12863327.5,12863338.8,11.3,3.17
S048_4,doublet,pitch,12863338.8,12863348.5,7.8,2.62|2.43
S048_4,step,roll,12863352.3,12863360.0,7.7,1.77
S048_4,step,roll,12863361.9,12863371.4,9.5,2.87
S048_4,step,roll,12863398.2,12863406.6,8.4,3.29
S048_4,step,roll,12863437.5,12863444.0,6.5,1.16
S048_4,doublet,roll,12863541.4,12863552.8,8.2,1.48|0.92
S048_4,step,roll,12863561.8,12863568.1,6.3,1.62
S048_4,step,roll,12863579.6,12863583.0,3.4,1.94
S048_4,doublet,roll,12863623.5,12863633.0,7.6,3.26|2.95
S048_4,doublet,roll,12863656.0,12863671.0,11.7,1.58|3.09
S048_4,step,roll,12863703.7,12863707.5,3.8,1.99
S048_4,step,roll,12863726.6,12863730.1,3.5,2.66
S048_4,step,roll,12863755.2,12863758.7,3.5,2.68
S048_4,step,roll,12863776.2,12863799.0,22.8,7.68
S048_4,step,yaw,12863780.1,12863796.8,16.7,4.24
S048_4,step,yaw,12863797.31,12863809.0,11.69,2.47
S048_4,step,roll,12863799.8,12863809.6,9.8,5.27
S048_4,step,yaw,12863814.4,12863820.1,5.7,2.12
S048_4,step,roll,12863818.7,12863831.5,12.8,8.45
S048_4,step,yaw,12863822.8,12863873.0,50.2,10.54
S048_4,step,roll,12863839.3,12863854.5,15.2,2.39
S048_4,step,yaw,12863875.0,12863888.2,13.2,7.35
S048_4,step,yaw,12863930.2,12863934.1,3.9,3.46
S048_4,step,yaw,12863942.419,12863946.2,3.78,4.09
S048_4,step,yaw,12863954.0,12863963.3,9.3,4.85
S048_4,step,yaw,12863965.0,12863970.0,5.0,4.71
S048_4,step,yaw,12863971.4,12863976.2,4.8,3.78
S048_4,step,yaw,12863976.6,12863982.5,5.9,4.36
S048_4,step,yaw,12863990.0,12863993.8,3.8,3.09
S048_4,step,yaw,12863995.7,12864001.6,5.9,4.76
S048_4,step,yaw,12864002.4,12864006.7,4.3,3.87
S048_4,step,yaw,12864007.3,12864018.1,10.8,4.06
S048_4,step,yaw,12864019.2,12864035.2,16.0,12.99
S048_4,step,yaw,12864035.98,12864058.8,22.82,8.3
S048,step,yaw,12835093.7,12835145.8,52.1,1.16
S048,step,yaw,12835148.9,12835185.8,36.9,1.12
S048,step,yaw,12835185.9,12835189.4,3.5,0.99
S048,step,roll,12835195.75,12835219.33,23.58,1.52
S048,doublet,yaw,12835293.9,12835298.5,3.9,1.59|3.13
S048,step,yaw,12835299.4,12835304.3,4.9,4.39
S048,doublet,yaw,12835309.0,12835319.8,9.6,2.58|1.0
S048,step,roll,12835319.2,12835327.1,7.9,2.07
S048,doublet,yaw,12835339.3,12835346.3,6.8,1.36|3.88
S048,step,yaw,12835355.1,12835365.2,10.1,5.68
S048,step,yaw,12835365.7,12835384.3,18.6,4.1
S048,step,roll,12835367.09,12835374.8,7.71,1.22
S048,step,roll,12835379.2,12835392.6,13.4,1.33
S049,step,pitch,14065559.4,14065569.9,10.5,16.73
S049,step,yaw,14065652.84,14065666.5,13.66,27.35
S049,step,yaw,14065666.5,14065680.0,13.5,20.7
S049,step,yaw,14065683.2,14065698.9,15.7,25.34
S049,step,yaw,14065742.6,14065750.9,8.3,17.49
S049,step,yaw,14065869.3,14065876.2,6.9,10.86
S049,step,yaw,14065876.2,14065887.4,11.2,22.12
S049,step,yaw,14065952.0,14065964.8,12.8,25.43
S049,step,yaw,14065964.8,14065973.0,8.2,7.54
S049,step,yaw,14066007.5,14066044.4,36.9,4.05
S049,step,roll,14066037.5,14066113.2,75.7,1.96
S049,step,yaw,14066044.4,14066060.3,15.9,27.32
S049,step,yaw,14066081.3,14066089.1,7.8,19.61
S049,doublet,yaw,14066091.1,14066101.3,7.8,5.6|9.53
S049,step,pitch,14066097.44,14066111.0,13.56,5.21
S049,step,pitch,14066113.2,14066127.3,14.1,10.82
S049,step,roll,14066113.2,14066123.9,10.7,13.43
S049,step,roll,14066136.1,14066139.8,3.7,5.23
S049,step,yaw,14066159.6,14066182.4,22.8,2.41
S049,step,roll,14066171.1,14066175.7,4.6,2.16
S049,step,roll,14066179.9,14066184.5,4.6,2.79
S049,step,yaw,14066260.8,14066269.9,9.1,2.39
S049,step,yaw,14066273.1,14066300.1,27.0,1.86
S049,step,yaw,14066304.7,14066309.8,5.1,1.97
S049,step,yaw,14066976.6,14066981.5,4.9,1.3
S049,step,roll,14067113.3,14067120.2,6.9,1.02
S049,step,roll,14067143.0,14067147.8,4.8,1.67
S049,step,roll,14067156.4,14067160.3,3.9,1.55
S049,step,roll,14067170.2,14067175.5,5.3,1.57
S049,step,roll,14067198.5,14067203.1,4.6,1.31
S049,step,roll,14067666.1,14067670.8,4.7,1.01
S049,step,roll,14067836.6,14067845.0,8.4,1.74
S049,step,roll,14067852.0,14067861.4,9.4,1.31
S049,step,roll,14067870.3,14067879.2,8.9,3.15
S049,step,yaw,14067875.8,14067956.3,80.5,1.57
S049,step,yaw,14067980.4,14068032.3,51.9,2.06
S049,step,roll,14068122.3,14068133.8,11.5,1.16
S049,step,roll,14068136.1,14068144.2,8.1,1.12
S049,step,roll,14068159.1,14068165.9,6.8,1.08
S049,step,roll,14068269.4,14068273.1,3.7,0.9
S049,step,roll,14068313.4,14068320.4,7.0,1.07
S049,step,roll,14068333.3,14068343.4,10.1,0.88
S049,step,roll,14068375.0,14068387.0,12.0,0.97
S049,step,roll,14068394.1,14068416.5,22.4,0.88
S049,step,roll,14068417.17,14068423.6,6.43,0.88
S049,step,roll,14068440.0,14068451.6,11.6,1.09
S049,step,roll,14068477.0,14068532.3,55.3,1.03
S049,step,roll,14068591.0,14068596.8,5.8,1.15
S049,step,roll,14068599.1,14068602.8,3.7,1.24
S049,step,roll,14068603.76,14068631.0,27.24,2.69
S049,step,roll,14068633.6,14068637.3,3.7,0.95
S049,step,roll,14068638.5,14068642.9,4.4,1.06
S049,step,roll,14068681.9,14068690.5,8.6,1.22
S049,step,roll,14068702.8,14068706.8,4.0,1.06
S049,step,roll,14068711.9,14068716.5,4.6,1.1
S049,step,pitch,14068778.8,14068785.4,6.6,1.99
S049,step,pitch,14068790.3,14068796.8,6.5,1.65
S049,step,roll,14068801.8,14068808.6,6.8,1.54
S049,step,roll,14068852.5,14068856.8,4.3,0.85
S049,step,roll,14068944.6,14068953.8,9.2,1.11
S049,step,roll,14068959.9,14068965.4,5.5,0.97
S049,step,roll,14068986.1,14069002.2,16.1,1.3
S049,step,roll,14069011.0,14069016.0,5.0,1.44
S049,step,roll,14069024.8,14069029.92,5.12,1.1
S049,step,roll,14069071.3,14069076.0,4.7,1.19
S049,step,roll,14069078.3,14069119.7,41.4,5.06
S049,step,yaw,14069114.9,14069119.7,4.8,1.44
S049,step,yaw,14069124.2,14069128.7,4.5,1.01
S049,step,roll,14069135.8,14069140.5,4.7,3.05
S049,step,roll,14069272.4,14069289.2,16.8,1.6
S049,step,roll,14069290.5,14069305.7,15.2,1.57
S049,step,roll,14069306.36,14069316.6,10.24,1.11
S049,step,roll,14069324.7,14069331.6,6.9,0.87
S049,step,roll,14069338.5,14069345.5,7.0,1.19
S049,step,roll,14069433.0,14069439.8,6.8,1.12
S049,step,roll,14069476.8,14069490.6,13.8,1.18
S049,step,roll,14069491.4,14069497.5,6.1,0.97
S049,step,roll,14069621.95,14069630.3,8.35,2.96
S049,step,roll,14069711.7,14069715.9,4.2,2.13
S049,step,roll,14069784.9,14069789.5,4.6,1.46
S049,step,roll,14069796.6,14069801.6,5.0,2.72
S049,step,roll,14069813.1,14069824.6,11.5,3.29
S049,step,roll,14069923.6,14069927.1,3.5,3.17
S049,step,roll,14069988.2,14069992.8,4.6,2.58
S049,step,pitch,14070006.5,14070014.6,8.1,3.77
S049,step,roll,14070017.6,14070034.2,16.6,6.38
S049,step,pitch,14070019.3,14070026.5,7.2,2.51
S049,step,yaw,14070036.4,14070040.3,3.9,3.4
S049,step,yaw,14070042.0,14070048.0,6.0,4.69
S049,step,roll,14070048.1,14070051.7,3.6,3.7
S049,step,yaw,14070059.8,14070063.9,4.1,3.43
S049,step,roll,14070061.3,14070066.5,5.2,6.16
S049,step,yaw,14070066.2,14070073.0,6.8,5.0
S049,step,pitch,14070077.0,14070094.1,17.1,16.75
S049,step,roll,14070082.3,14070160.9,78.6,8.9
S049,step,pitch,14070097.8,14070160.2,62.4,7.39
S049,step,yaw,14070099.5,14070103.4,3.9,3.65
S049,step,yaw,14070154.0,14070160.9,6.9,16.46
S050_3,step,yaw,14163155.0,14163216.9,61.9,1.98
S050_3,step,yaw,14163244.9,14163248.0,3.1,1.6
S050_3,step,roll,14163259.0,14163333.0,74.0,19.82
S050_3,step,yaw,14163287.6,14163296.8,9.2,26.28
S050_3,step,yaw,14163297.5,14163308.8,11.3,21.01
S050_3,step,yaw,14163308.8,14163322.3,13.5,15.37
S050_3,step,yaw,14163322.74,14163328.0,5.26,10.65
S050_3,step,yaw,14163329.6,14163334.9,5.3,10.25
S050_3,step,pitch,14163334.1,14163370.0,35.9,19.97
S050_3,step,roll,14163334.8,14163375.7,40.9,19.67
S050_3,step,yaw,14163335.6,14163341.6,6.0,20.48
S050_3,step,yaw,14163348.8,14163356.2,7.4,10.77
S050_3,step,yaw,14163356.9,14163360.0,3.1,7.33
S050_3,step,yaw,14163366.0,14163386.0,20.0,20.88
S050_3,step,pitch,14163376.7,14163410.4,33.7,7.39
S050_3,step,roll,14163381.8,14163385.6,3.8,3.77
S050_3,step,yaw,14163404.2,14163408.1,3.9,2.41
S050_3,step,yaw,14163408.8,14163479.4,70.6,4.66
S050_3,step,roll,14163421.0,14163427.2,6.2,6.76
S050_3,step,roll,14163437.8,14163441.2,3.4,6.69
S050_3,doublet,roll,14163444.7,14163451.9,5.3,6.77|5.16
S050_3,step,roll,14163454.6,14163459.0,4.4,5.06
S050_3,step,roll,14163461.2,14163465.0,3.8,2.02
S050_3,step,roll,14163465.7,14163469.1,3.4,4.43
S050_3,step,pitch,14163469.8,14163473.7,3.9,2.24
S050_3,step,pitch,14163479.0,14163493.5,14.5,2.52
S050_3,step,roll,14163494.6,14163499.3,4.7,2.28
S050_3,step,pitch,14163497.2,14163506.0,8.8,2.56
S050_3,step,roll,14163503.0,14163507.1,4.1,4.13
S050_3,step,pitch,14163511.6,14163576.4,64.8,2.57
S050_3,doublet,roll,14163519.4,14163527.3,4.5,2.53|2.82
S050_3,step,pitch,14163578.7,14163587.3,8.6,2.47
S050_3,step,pitch,14163588.7,14163603.7,15.0,2.66
S050_3,step,roll,14163591.5,14163595.4,3.9,1.4
S050_3,step,roll,14163602.2,14163606.3,4.1,2.35
S050_3,step,pitch,14163604.0,14163634.4,30.4,2.23
S050_3,step,roll,14163623.1,14163627.8,4.7,1.38
S050_3,step,roll,14163634.2,14163641.0,6.8,2.08
S050_3,step,pitch,14163638.3,14163657.6,19.3,2.26
S050_3,step,roll,14163655.4,14163659.3,3.9,1.39
S050_3,step,pitch,14163657.9,14163665.6,7.7,2.08
S050_3,step,pitch,14163668.15,14163672.3,4.15,1.88
S050_3,step,roll,14163672.3,14163675.4,3.1,1.49
S050_3,step,roll,14163676.5,14163682.8,6.3,1.96
S050_3,step,pitch,14163676.7,14163679.7,3.0,1.88
S050_3,step,pitch,14163680.1,14163683.6,3.5,1.92
S050_3,step,pitch,14163684.1,14163687.1,3.0,1.85
S050_3,step,roll,14163685.8,14163689.1,3.3,1.26
S050_3,step,pitch,14163691.03,14163694.8,3.77,1.81
S050_3,step,roll,14163697.5,14163701.2,3.7,1.91
S050_3,step,pitch,14163698.5,14163702.4,3.9,2.0
S050_3,step,roll,14163707.4,14163712.0,4.6,1.34
S050_3,step,roll,14163716.1,14163720.7,4.6,2.08
S050_3,step,roll,14163723.4,14163729.1,5.7,2.01
S050_3,step,roll,14163732.5,14163737.1,4.6,2.36
S050_3,step,roll,14163755.8,14163761.6,5.8,1.8
S050_3,step,roll,14163763.8,14163820.2,56.4,4.16
S050_3,step,yaw,14163799.2,14163812.6,13.4,1.39
S050_3,step,roll,14163821.7,14163850.7,29.0,2.26
S050_3,doublet,roll,14163851.5,14163855.7,3.4,1.0|2.03
S050_3,step,roll,14163857.2,14163878.2,21.0,2.01
S050_3,step,yaw,14163867.0,14163895.3,28.3,1.16
S050_3,step,roll,14163883.1,14163890.8,7.7,1.49
S050_3,step,yaw,14163896.0,14163899.9,3.9,1.03
S050_3,step,roll,14163912.5,14163918.6,6.1,1.02
S050_3,doublet,roll,14163936.9,14163942.0,4.0,1.28|2.76
S050_3,step,roll,14163942.3,14163947.9,5.6,1.6
S050_3,step,roll,14163950.2,14163960.4,10.2,2.5
S050_3,step,yaw,14163951.81,14163962.1,10.29,1.46
S050_3,step,yaw,14163962.9,14163977.5,14.6,1.18
S050_3,step,roll,14163963.6,14163980.3,16.7,2.27
S050_3,step,roll,14163981.4,14163984.9,3.5,1.7
S050_3,step,roll,14163985.7,14163996.1,10.4,4.43
S050_3,step,roll,14164001.5,14164006.3,4.8,1.66
S050_3,step,roll,14164007.0,14164018.8,11.8,1.32
S050_3,step,roll,14164056.2,14164062.7,6.5,0.95
S050_3,step,roll,14164081.8,14164085.4,3.6,1.57
S050_3,doublet,roll,14164088.6,14164096.3,7.4,8.8|10.03
S050_3,doublet,yaw,14164089.8,14164097.4,7.5,2.53|5.63
S050_3,doublet,roll,14164097.0,14164103.1,5.0,11.34|2.04
S050_3,step,roll,14164111.1,14164114.6,3.5,1.51
S050_3,step,roll,14164132.5,14164137.8,5.3,2.03
S050_3,step,roll,14164138.1,14164143.5,5.4,1.37
S050_3,step,roll,14164146.6,14164152.7,6.1,1.36
S050_3,step,roll,14164169.1,14164207.3,38.2,2.09
S050_3,step,roll,14164257.9,14164267.0,9.1,1.94
S050_3,step,roll,14164282.1,14164285.3,3.2,1.11
S050_3,step,roll,14164286.6,14164289.6,3.0,1.51
S050_3,step,roll,14164294.5,14164298.7,4.2,2.85
S050_3,step,pitch,14164397.5,14164402.8,5.3,2.16
S050_3,step,pitch,14164403.1,14164409.8,6.7,2.08
S050_3,step,pitch,14164501.9,14164506.6,4.7,2.09
S050_3,step,pitch,14164507.6,14164517.9,10.3,2.05
S050_3,step,pitch,14164518.34,14164524.7,6.36,1.92
S050_3,step,pitch,14164532.8,14164546.5,13.7,2.06
S050_3,step,pitch,14164563.6,14164645.8,82.2,8.03
S050_3,step,yaw,14164572.4,14164577.8,5.4,1.38
S050_3,step,yaw,14164584.2,14164593.8,9.6,1.41
S050_3,step,yaw,14164615.1,14164621.5,6.4,2.78
S050_3,step,yaw,14164622.0,14164625.3,3.3,2.06
S050_3,step,yaw,14164625.8,14164633.1,7.3,2.51
S050_3,step,yaw,14164635.0,14164651.1,16.1,10.45
S050_3,step,yaw,14164651.4,14164657.6,6.2,15.84
S050_3,step,pitch,14164654.8,14164679.9,25.1,10.83
S050_3,step,yaw,14164658.2,14164670.0,11.8,12.56
S050_3,step,yaw,14164670.5,14164679.9,9.4,7.39
S050,step,roll,14138309.6,14138328.6,19.0,20.62
S050,step,yaw,14138313.0,14138329.9,16.9,27.25
S050,step,yaw,14138333.9,14138345.9,12.0,17.6
S050,step,roll,14138342.3,14138359.6,17.3,18.31
S050,step,yaw,14138351.8,14138361.5,9.7,27.18
S050,step,roll,14138359.6,14138366.3,6.7,1.28
S050,step,roll,14138396.0,14138449.9,53.9,0.86
S050,step,yaw,14138417.2,14138424.7,7.5,15.04
S050,step,yaw,14138424.7,14138430.3,5.6,3.65
S050,step,yaw,14138432.1,14138451.7,19.6,8.16
S050,step,yaw,14138452.98,14138536.0,83.02,5.91
S050,step,roll,14138454.9,14138460.4,5.5,0.9
S050,step,yaw,14138541.8,14138560.0,18.2,16.15
S050,step,yaw,14138560.0,14138568.8,8.8,13.66
S050,step,yaw,14138574.8,14138592.7,17.9,11.44
S050,step,yaw,14138598.5,14138678.2,79.7,13.22
S050,step,roll,14138629.0,14138637.0,8.0,5.15
S050,step,pitch,14138642.8,14138648.7,5.9,3.23
S050,step,pitch,14138649.22,14138654.8,5.58,3.64
S050,step,roll,14138655.1,14138662.2,7.1,8.01
S050,step,pitch,14138657.9,14138691.6,33.7,7.22
S050,step,roll,14138672.9,14138678.4,5.5,4.16
S050,step,yaw,14138694.0,14138707.2,13.2,1.3
S050,step,pitch,14138696.3,14138712.0,15.7,3.78
S050,step,yaw,14138708.3,14138718.4,10.1,1.31
S050,step,pitch,14138714.5,14138721.8,7.3,2.39
S050,step,pitch,14138791.0,14138802.7,11.7,3.19
S050,step,yaw,14138791.1,14138798.6,7.5,1.26
S050,step,roll,14138800.6,14138806.3,5.7,2.52
S050,step,pitch,14138809.6,14138814.9,5.3,2.76
S050,step,pitch,14138854.3,14138861.1,6.8,3.48
S050,step,yaw,14138855.8,14138869.9,14.1,1.28
S050,step,pitch,14138863.4,14138868.0,4.6,3.3
S050,step,roll,14138866.26,14138874.7,8.44,6.28
S050,step,roll,14138893.0,14138898.7,5.7,3.48
S050,step,roll,14138911.4,14138922.7,11.3,3.17
S050,step,roll,14138949.0,14138955.1,6.1,2.67
S050,step,roll,14138965.2,14138973.3,8.1,2.52
S050,step,roll,14138988.3,14138995.8,7.5,1.07
S050,step,roll,14139079.7,14139087.6,7.9,4.45
S050,step,roll,14139093.4,14139102.2,8.8,1.1
S050,step,yaw,14139245.1,14139251.7,6.6,1.57
S050,step,yaw,14139255.7,14139261.5,5.8,1.47
S050,step,pitch,14139258.8,14139270.5,11.7,2.49
S050,step,pitch,14139274.4,14139281.2,6.8,2.58
S050,step,pitch,14139287.9,14139293.1,5.2,1.94
S050,step,yaw,14139336.0,14139341.0,5.0,1.38
S050,step,yaw,14139362.2,14139367.4,5.2,2.27
S050,step,roll,14139397.9,14139407.1,9.2,8.4
S050,step,roll,14139410.1,14139415.2,5.1,2.59
S050,step,roll,14139436.0,14139442.8,6.8,1.86
S050,step,yaw,14139463.9,14139541.0,77.1,2.56
S050,step,roll,14139486.2,14139493.6,7.4,1.58
S050,step,roll,14139511.4,14139517.3,5.9,2.42
S050,step,yaw,14139543.3,14139596.8,53.5,2.85
S050,step,yaw,14139603.6,14139608.7,5.1,2.11
S050,step,roll,14139694.6,14139707.6,13.0,5.33
S050,step,yaw,14139714.1,14139723.6,9.5,1.3
S050,step,roll,14139823.6,14139829.3,5.7,3.5
S050,step,roll,14139841.4,14139847.0,5.6,2.52
S050,step,roll,14139863.7,14139873.4,9.7,1.23
S050,step,roll,14139885.8,14139892.0,6.2,2.64
S050,step,roll,14139927.7,14139938.8,11.1,2.82
S050,step,roll,14139939.6,14139945.5,5.9,1.35
S050,step,roll,14140016.9,14140025.5,8.6,3.81
S050,step,roll,14140028.3,14140034.7,6.4,2.42
S050,step,roll,14140055.5,14140067.0,11.5,1.81
S050,step,roll,14140079.3,14140085.2,5.9,3.08
S050,step,roll,14140094.0,14140105.0,11.0,1.37
S050,step,pitch,14140129.7,14140135.2,5.5,2.09
S050,step,roll,14140210.1,14140218.5,8.4,1.59
S050,step,roll,14140335.0,14140341.0,6.0,0.97
S050,step,yaw,14140431.1,14140437.9,6.8,1.79
S050,step,roll,14140433.17,14140441.7,8.53,1.91
S050,step,roll,14140467.7,14140479.4,11.7,2.07
S050,step,roll,14140480.7,14140506.2,25.5,4.95
S050,step,roll,14140507.9,14140516.4,8.5,2.78
S050,step,roll,14140594.9,14140602.6,7.7,0.97
S050,step,roll,14140639.8,14140657.8,18.0,1.1
S050,step,roll,14140661.0,14140668.9,7.9,1.59
S050,step,roll,14140676.98,14140691.7,14.72,1.1
S050,step,roll,14140693.7,14140701.7,8.0,1.07
S050,step,roll,14140703.7,14140709.2,5.5,0.93
S050,step,roll,14140718.6,14140727.1,8.5,0.93
S050,step,roll,14140743.6,14140750.3,6.7,0.89
S050,step,pitch,14140760.2,14140809.2,49.0,3.12
S050,doublet,roll,14140769.1,14140784.0,11.9,1.7|3.38
S050,step,roll,14140789.9,14140798.1,8.2,1.28
S050,step,yaw,14140800.6,14140809.9,9.3,1.18
S050,step,roll,14140870.2,14140876.1,5.9,2.59
S050,step,roll,14140902.9,14140911.8,8.9,2.17
S050,step,roll,14140914.8,14140939.2,24.4,2.48
S050,step,roll,14140941.5,14140956.4,14.9,1.4
S050,step,roll,14140961.0,14140967.0,6.0,1.08
S050,step,roll,14140974.2,14140984.8,10.6,0.9
S050,step,pitch,14141039.6,14141081.3,41.7,2.25
S050,step,roll,14141039.7,14141045.6,5.9,2.84
S050,step,pitch,14141173.1,14141229.9,56.8,7.17
S050,step,roll,14141212.9,14141219.3,6.4,2.06
S050,step,yaw,14141221.6,14141227.5,5.9,0.98
S050,step,pitch,14141235.6,14141289.4,53.8,5.13
S050,step,yaw,14141244.7,14141277.1,32.4,1.87
S050,step,roll,14141244.8,14141253.0,8.2,1.49
S050,step,roll,14141259.7,14141264.2,4.5,2.13
S050,step,yaw,14141277.57,14141305.3,27.73,2.11
S050,step,pitch,14141416.8,14141476.6,59.8,3.72
S050,step,roll,14141432.0,14141437.3,5.3,2.74
S050,step,yaw,14141437.7,14141481.0,43.3,2.29
S050,step,yaw,14141483.5,14141520.0,36.5,1.15
S050,step,pitch,14141509.0,14141542.1,33.1,2.78
S050,step,yaw,14141521.3,14141526.5,5.2,1.75
S050,step,yaw,14141528.8,14141574.4,45.6,2.3
S050,step,roll,14141600.3,14141606.0,5.7,1.93
S050,step,roll,14141641.2,14141646.0,4.8,1.05
S050,step,pitch,14141651.9,14141681.3,29.4,3.58
S050,step,roll,14141719.5,14141726.5,7.0,1.18
S050,step,roll,14141735.4,14141743.8,8.4,1.55
S050,step,roll,14141753.2,14141762.2,9.0,4.56
S050,step,yaw,14141755.5,14141760.9,5.4,1.04
S050,step,roll,14141777.0,14141781.6,4.6,4.0
S050,step,roll,14141783.03,14141791.9,8.87,3.24
S050,step,pitch,14141796.6,14141811.5,14.9,2.94
S050,step,yaw,14141797.7,14141866.1,68.4,4.04
S050,step,roll,14141812.7,14141817.4,4.7,2.77
S050,step,pitch,14141815.7,14141821.6,5.9,2.22
S050,step,pitch,14141854.3,14141931.6,77.3,4.29
S050,step,roll,14141863.2,14141872.2,9.0,1.81
S050,step,roll,14141875.0,14141883.7,8.7,2.3
S050,step,roll,14141887.5,14141896.0,8.5,1.46
S050,step,roll,14141899.7,14141910.7,11.0,1.91
S050,step,roll,14141916.5,14141922.7,6.2,2.35
S050,step,roll,14141928.3,14141937.1,8.8,2.79
S050,step,roll,14141937.63,14141946.5,8.87,2.33
S050,step,roll,14141947.9,14141953.4,5.5,2.91
S050,step,pitch,14141973.4,14141997.0,23.6,2.79
S050,step,roll,14142015.3,14142020.8,5.5,1.49
S050,step,roll,14142035.7,14142040.3,4.6,3.59
S050,step,roll,14142044.6,14142050.1,5.5,1.39
S050,step,pitch,14142047.2,14142067.6,20.4,4.09
S050,step,roll,14142064.1,14142070.2,6.1,1.96
S050,step,pitch,14142068.0,14142085.5,17.5,4.69
S050,step,roll,14142083.3,14142089.2,5.9,2.43
S050,step,pitch,14142086.3,14142091.3,5.0,2.68
S050,step,roll,14142101.1,14142110.0,8.9,4.92
S050,step,yaw,14142142.7,14142206.6,63.9,1.75
S050,step,roll,14142157.6,14142162.3,4.7,1.54
S050,step,pitch,14142159.3,14142180.6,21.3,2.13
S050,step,roll,14142180.3,14142193.3,13.0,3.22
S050,step,pitch,14142182.0,14142191.2,9.2,1.97
S050,step,roll,14142249.8,14142258.7,8.9,2.46
S050,step,yaw,14142311.8,14142377.0,65.2,1.36
S050,step,yaw,14142421.1,14142427.2,6.1,1.66
S050,step,roll,14142428.2,14142445.3,17.1,2.15
S050,step,yaw,14142432.1,14142463.7,31.6,1.28
S050,step,roll,14142446.07,14142466.8,20.73,4.3
S050,step,pitch,14142463.8,14142471.5,7.7,2.33
S050,step,yaw,14142466.8,14142472.8,6.0,1.44
S050,step,roll,14142469.8,14142478.7,8.9,4.76
S050,step,roll,14142481.7,14142500.6,18.9,2.15
S050,step,roll,14142502.8,14142522.4,19.6,2.01
S050,step,roll,14142523.2,14142588.4,65.2,3.5
S050,step,yaw,14142528.6,14142582.8,54.2,1.32
S050,step,yaw,14142588.6,14142634.6,46.0,1.45
S050,step,roll,14142594.72,14142676.9,82.18,2.07
S050,step,roll,14142677.7,14142687.3,9.6,1.66
S050,step,yaw,14142728.5,14142805.2,76.7,1.32
S050,step,roll,14142841.5,14142850.4,8.9,3.04
S050,step,roll,14142855.8,14142862.0,6.2,1.6
S050,step,roll,14142863.7,14142871.2,7.5,1.2
S050,step,yaw,14142865.5,14142870.6,5.1,0.87
S050,step,pitch,14142866.6,14142914.7,48.1,3.08
S050,step,yaw,14142882.1,14142942.5,60.4,1.86
S050,step,roll,14142884.1,14142891.4,7.3,1.73
S050,step,roll,14142892.3,14142900.5,8.2,1.44
S050,step,roll,14142911.2,14142918.0,6.8,2.09
S050,step,roll,14142959.7,14142964.4,4.7,1.46
S050,step,roll,14142976.7,14142995.1,18.4,1.4
S050,step,pitch,14142981.2,14143024.9,43.7,1.9
S050,step,roll,14143000.3,14143013.6,13.3,1.8
S050,step,roll,14143015.2,14143024.0,8.8,1.42
S050,step,roll,14143028.81,14143055.8,26.99,1.26
S050,step,roll,14143057.2,14143084.0,26.8,1.29
S050,step,roll,14143100.9,14143109.0,8.1,0.95
S050,step,roll,14143111.8,14143117.8,6.0,1.15
S050,step,pitch,14143150.7,14143240.3,89.6,2.37
S050,step,roll,14143176.8,14143185.6,8.8,1.73
S050,step,roll,14143205.3,14143212.3,7.0,1.86
S050,step,roll,14143213.2,14143225.0,11.8,1.76
S050,step,roll,14143232.2,14143243.7,11.5,2.08
S050,step,roll,14143244.0,14143260.0,16.0,1.56
S050,step,roll,14143263.6,14143268.2,4.6,1.56
S050,step,roll,14143293.4,14143299.3,5.9,2.02
S050,step,roll,14143302.1,14143326.0,23.9,1.7
S050,step,roll,14143364.7,14143369.6,4.9,1.99
S050,step,pitch,14143391.4,14143399.5,8.1,1.81
S050,step,pitch,14143405.9,14143415.3,9.4,2.09
S050,step,roll,14143412.4,14143418.2,5.8,1.73
S050,step,pitch,14143430.1,14143461.8,31.7,2.66
S050,step,roll,14143492.6,14143498.4,5.8,1.57
S050,step,roll,14143543.1,14143548.7,5.6,1.25
S050,step,pitch,14143563.9,14143569.9,6.0,1.85
S050,doublet,roll,14143685.6,14143696.9,11.3,3.06|2.17
S050,step,roll,14143700.6,14143718.2,17.6,1.85
S050,step,pitch,14143730.4,14143819.7,89.3,4.06
S050,step,roll,14143730.4,14143736.2,5.8,3.29
S050,step,roll,14143751.3,14143758.0,6.7,3.01
S050,step,roll,14143800.9,14143809.5,8.6,3.44
S050,step,yaw,14143813.5,14143819.2,5.7,1.15
S050,step,yaw,14143822.4,14143846.0,23.6,1.29
S050,step,roll,14143825.4,14143831.5,6.1,2.64
S050,step,pitch,14143851.1,14143884.2,33.1,4.28
S050,step,yaw,14143883.7,14143952.8,69.1,1.19
S050,step,pitch,14143886.9,14143894.3,7.4,3.62
S050,step,pitch,14143896.7,14143902.7,6.0,2.67
S050,step,roll,14143917.8,14143923.7,5.9,1.92
S050,step,roll,14143936.0,14143947.5,11.5,2.25
S050,step,pitch,14143947.55,14143960.6,13.05,2.57
S050,step,roll,14143959.4,14143964.2,4.8,4.11
S050,step,roll,14143977.1,14144034.2,57.1,7.18
S050,step,pitch,14143979.6,14143986.6,7.0,2.84
S050,step,pitch,14143988.2,14144017.2,29.0,3.53
S050,step,pitch,14144018.91,14144023.9,4.99,2.32
S050,step,pitch,14144034.2,14144050.9,16.7,2.56
S050,step,roll,14144035.8,14144066.4,30.6,5.36
S050,step,pitch,14144052.4,14144066.9,14.5,2.82
S050,step,pitch,14144069.2,14144075.1,5.9,3.6
S050,step,pitch,14144098.0,14144103.6,5.6,12.77
S050,step,pitch,14144103.6,14144142.0,38.4,12.18
S050,step,roll,14144105.0,14144143.3,38.3,7.2
S050,step,yaw,14144116.7,14144121.5,4.8,11.34
S050,step,yaw,14144122.9,14144140.8,17.9,5.82
S051_1,step,yaw,14230876.1,14230884.6,8.5,10.86
S051_1,step,yaw,14230885.4,14230893.6,8.2,18.33
S051_1,step,yaw,14230904.1,14230914.5,10.4,21.92
S051_1,step,yaw,14230916.5,14230920.7,4.2,22.83
S051_1,step,yaw,14230972.63,14230983.3,10.67,15.75
S051_1,step,yaw,14230986.4,14230989.7,3.3,15.45
S051_1,step,yaw,14231019.3,14231022.4,3.1,8.21
S051_1,step,yaw,14231030.2,14231033.3,3.1,4.3
S051_1,step,yaw,14231111.1,14231118.9,7.8,14.03
S051_1,step,yaw,14231118.9,14231127.8,8.9,15.63
S051_1,step,yaw,14231164.08,14231167.1,3.02,3.14
S051_1,step,yaw,14231185.3,14231188.5,3.2,2.69
S051_1,step,yaw,14231189.0,14231198.3,9.3,3.3
S051_1,step,yaw,14231206.1,14231212.3,6.2,3.92
S051_1,step,yaw,14231212.3,14231223.2,10.9,25.43
S051_1,step,yaw,14231223.2,14231308.8,85.6,27.25
S051_1,step,yaw,14231308.8,14231311.8,3.0,14.86
S051_1,step,yaw,14231336.8,14231345.4,8.6,19.34
S051_1,step,yaw,14231352.3,14231355.4,3.1,13.87
S051_1,step,yaw,14231359.8,14231368.7,8.9,16.18
S051_1,step,yaw,14231369.51,14231374.8,5.29,9.66
S051_1,step,pitch,14231371.0,14231413.0,42.0,7.12
S051_1,step,roll,14231375.7,14231378.7,3.0,2.75
S051_1,step,yaw,14231375.7,14231378.8,3.1,2.67
S051_1,step,roll,14231380.3,14231385.0,4.7,4.7
S051_1,step,roll,14231385.7,14231389.1,3.4,3.44
S051_1,step,roll,14231389.9,14231395.7,5.8,3.32
S051_1,step,yaw,14231396.5,14231404.0,7.5,2.06
S051_1,step,roll,14231397.1,14231401.2,4.1,2.23
S051_1,step,yaw,14231405.3,14231480.0,74.7,3.07
S051_1,step,roll,14231433.3,14231436.4,3.1,1.25
S051_1,step,roll,14231464.4,14231469.1,4.7,1.26
S051_1,step,roll,14231476.9,14231481.5,4.6,1.7
S051_1,step,yaw,14231484.5,14231491.8,7.3,1.5
S051_1,step,yaw,14231492.48,14231498.5,6.02,1.55
S051_1,step,roll,14231498.7,14231501.8,3.1,1.6
S051_1,step,roll,14231509.3,14231513.6,4.3,2.14
S051_1,step,roll,14231517.3,14231520.4,3.1,1.72
S051_1,step,yaw,14231517.3,14231520.3,3.0,1.48
S051_1,step,yaw,14231525.1,14231535.9,10.8,1.31
S051_1,step,pitch,14231532.6,14231536.4,3.8,2.43
S051_1,step,roll,14231585.1,14231601.4,16.3,3.02
S051_1,step,roll,14231602.6,14231606.4,3.8,1.24
S051_1,step,roll,14231607.4,14231613.8,6.4,1.36
S051_1,step,roll,14231615.2,14231618.4,3.2,1.31
S051_1,doublet,roll,14231627.7,14231637.1,5.7,1.35|1.99
S051_1,step,roll,14231655.5,14231659.0,3.5,1.21
S051_1,step,roll,14231662.9,14231669.5,6.6,1.53
S051_1,step,roll,14231675.9,14231679.2,3.3,1.16
S051_1,step,roll,14231682.3,14231687.0,4.7,1.62
S051_1,step,roll,14231688.3,14231697.9,9.6,1.32
S051_1,step,roll,14231704.1,14231725.9,21.8,2.56
S051_1,step,pitch,14231714.3,14231717.3,3.0,2.02
S051_1,step,roll,14231728.9,14231736.5,7.6,3.8
S051_1,step,yaw,14231730.5,14231739.9,9.4,1.81
S051_1,step,roll,14231744.5,14231749.0,4.5,1.97
S051_1,step,yaw,14231745.5,14231749.2,3.7,0.97
S051_1,step,roll,14231754.6,14231766.3,11.7,2.42
S051_1,step,roll,14231769.5,14231772.9,3.4,1.53
S051_1,step,yaw,14231770.9,14231774.0,3.1,0.96
S051_1,step,roll,14231777.6,14231786.2,8.6,1.38
S051_1,step,roll,14231786.62,14231799.0,12.38,1.41
S051_1,step,roll,14231825.5,14231833.1,7.6,1.44
S051_1,step,yaw,14231827.1,14231841.0,13.9,1.22
S051_1,step,yaw,14231842.4,14231859.7,17.3,1.24
S051_1,step,pitch,14231865.9,14231887.7,21.8,1.64
S051_1,step,pitch,14231892.4,14231897.1,4.7,1.57
S051_1,step,roll,14231906.4,14231909.5,3.1,0.84
S051_1,step,roll,14231943.8,14231951.6,7.8,1.29
S051_1,step,yaw,14231943.8,14232011.7,67.9,2.27
S051_1,step,roll,14231968.7,14231971.8,3.1,3.65
S051_1,doublet,roll,14231974.9,14231982.7,7.8,3.15|3.27
S051_1,step,pitch,14232016.9,14232044.8,27.9,1.74
S051_1,step,roll,14232051.2,14232054.3,3.1,0.85
S051_1,step,roll,14232060.4,14232065.2,4.8,0.94
S051_1,step,roll,14232071.4,14232082.3,10.9,1.23
S051_1,step,yaw,14232074.5,14232108.5,34.0,1.36
S051_1,step,roll,14232141.4,14232151.7,10.3,0.95
S051_1,step,roll,14232160.1,14232163.2,3.1,0.89
S051_1,step,roll,14232169.5,14232176.5,7.0,0.91
S051_1,step,roll,14232186.6,14232198.4,11.8,0.96
S051_1,step,roll,14232203.7,14232212.9,9.2,1.0
S051_1,step,roll,14232216.2,14232225.5,9.3,0.94
S051_1,step,roll,14232234.8,14232241.1,6.3,0.95
S051_1,step,roll,14232244.2,14232250.4,6.2,2.81
S051_1,step,yaw,14232269.0,14232287.3,18.3,1.5
S051_1,step,roll,14232270.6,14232273.7,3.1,2.53
S051_1,step,roll,14232290.9,14232297.1,6.2,3.11
S051_1,step,roll,14232298.6,14232315.2,16.6,1.98
S051_1,step,roll,14232315.7,14232318.9,3.2,1.34
S051_1,step,roll,14232336.0,14232344.9,8.9,0.97
S051_1,step,roll,14232346.9,14232351.1,4.2,1.02
S051_1,step,roll,14232353.1,14232367.1,14.0,2.64
S051_1,step,roll,14232385.8,14232409.1,23.3,1.12
S051_1,step,roll,14232416.9,14232424.7,7.8,1.07
S051_1,step,roll,14232427.8,14232508.7,80.9,1.12
S051_1,step,roll,14232511.9,14232534.8,22.9,0.95
S051_1,step,roll,14232539.9,14232558.6,18.7,1.45
S051_1,step,roll,14232560.1,14232577.1,17.0,1.08
S051_1,step,roll,14232580.4,14232603.7,23.3,1.15
S051_1,step,roll,14232609.9,14232631.1,21.2,1.93
S051_1,step,roll,14232634.8,14232639.5,4.7,0.95
S051_1,step,roll,14232641.0,14232654.3,13.3,1.04
S051_1,step,roll,14232656.6,14232670.6,14.0,1.08
S051_1,step,yaw,14232689.1,14232694.7,5.6,1.0
S051_1,step,roll,14232689.3,14232695.3,6.0,1.31
S051_1,step,yaw,14232695.4,14232719.7,24.3,1.41
S051_1,step,roll,14232700.2,14232704.1,3.9,1.31
S051_1,step,roll,14232745.3,14232758.5,13.2,1.12
S051_1,step,roll,14232760.9,14232767.1,6.2,1.1
S051_1,step,roll,14232770.2,14232787.5,17.3,1.2
S051_1,step,roll,14232788.9,14232799.6,10.7,1.36
S051_1,step,roll,14232801.4,14232824.7,23.3,1.61
S051_1,step,roll,14232827.7,14232832.1,4.4,1.54
S051_1,step,yaw,14232835.4,14232860.5,25.1,1.57
S051_1,step,roll,14232846.5,14232849.6,3.1,1.18
S051_1,step,roll,14232875.9,14232880.1,4.2,1.56
S051_1,step,roll,14232882.3,14232897.1,14.8,1.46
S051_1,step,roll,14232898.7,14232906.8,8.1,2.26
S051_1,step,yaw,14232918.7,14232933.3,14.6,1.58
S051_1,step,yaw,14232938.3,14232972.5,34.2,1.21
S051_1,step,roll,14232939.9,14232943.0,3.1,2.21
S051_1,step,roll,14232947.1,14232962.4,15.3,1.34
S051_1,step,roll,14232964.6,14232974.1,9.5,1.15
S051_1,step,roll,14232980.4,14233034.8,54.4,2.02
S051_1,step,yaw,14233029.9,14233034.6,4.7,1.02
S051_1,step,yaw,14233036.4,14233039.5,3.1,1.13
S051_1,step,roll,14233037.9,14233044.2,6.3,3.47
S051_1,step,yaw,14233064.4,14233144.8,80.4,1.64
S051_1,step,yaw,14233148.0,14233151.4,3.4,0.87
S051_1,step,roll,14233156.1,14233180.6,24.5,1.98
S051_1,step,roll,14233187.3,14233209.0,21.7,2.42
S051_1,step,yaw,14233201.3,14233274.0,72.7,1.7
S051_1,step,roll,14233210.3,14233297.5,87.2,2.7
S051_1,step,roll,14233311.9,14233320.1,8.2,1.42
S051_1,step,roll,14233321.2,14233332.1,10.9,1.18
S051_1,step,roll,14233332.7,14233338.0,5.3,1.21
S051_1,step,roll,14233338.38,14233403.7,65.32,2.67
S051_1,step,yaw,14233345.3,14233374.1,28.8,1.03
S051_1,step,roll,14233447.3,14233451.9,4.6,1.48
S051_1,step,roll,14233452.6,14233456.6,4.0,1.38
S051_1,step,roll,14233457.7,14233462.4,4.7,1.37
S051_1,step,roll,14233464.4,14233473.7,9.3,1.28
S051_1,step,roll,14233479.7,14233488.7,9.0,1.99
S051_1,step,roll,14233490.0,14233494.7,4.7,1.16
S051_1,step,roll,14233495.0,14233504.0,9.0,1.61
S051_1,step,roll,14233509.3,14233515.7,6.4,2.21
S051_1,step,roll,14233518.6,14233522.0,3.4,1.88
S051_1,step,roll,14233524.7,14233527.9,3.2,1.61
S051_1,step,roll,14233530.4,14233536.8,6.4,2.24
S051_1,step,roll,14233537.8,14233543.7,5.9,1.65
S051_1,step,roll,14233545.3,14233549.9,4.6,1.39
S051_1,step,roll,14233553.0,14233556.4,3.4,1.33
S051_1,step,roll,14233557.6,14233586.0,28.4,1.66
S051_1,step,roll,14233586.8,14233597.2,10.4,2.03
S051_1,step,roll,14233601.2,14233610.6,9.4,1.44
S051_1,step,roll,14233616.9,14233621.3,4.4,1.73
S051_1,step,roll,14233621.7,14233626.2,4.5,1.55
S051_1,step,roll,14233629.4,14233632.5,3.1,2.13
S051_1,step,roll,14233657.44,14233661.1,3.66,1.74
S051_1,step,roll,14233666.5,14233672.6,6.1,2.39
S051_1,step,roll,14233673.6,14233677.2,3.6,1.78
S051_1,step,roll,14233677.6,14233681.8,4.2,1.53
S051_1,step,roll,14233687.0,14233700.3,13.3,4.57
S051_1,step,roll,14233722.81,14233725.9,3.09,2.45
S051_1,step,roll,14233739.9,14233744.5,4.6,2.43
S051_1,doublet,roll,14233747.7,14233760.1,10.0,8.78|5.59
S051_1,step,yaw,14233748.7,14233764.4,15.7,4.49
S051_1,step,yaw,14233765.3,14233770.9,5.6,3.58
S051_1,step,yaw,14233787.5,14233790.6,3.1,3.83
S051_1,step,roll,14233798.8,14233802.0,3.2,5.65
S051_1,step,roll,14233808.0,14233811.1,3.1,5.54
S051_1,step,roll,14233811.52,14233879.9,68.38,8.3
S051_1,step,pitch,14233814.6,14233879.8,65.2,11.43
S051_1,step,yaw,14233857.8,14233860.8,3.0,5.6
S051_1,step,yaw,14233865.9,14233879.9,14.0,12.26
S052_2,step,yaw,15267740.1,15267763.3,23.2,7.95
S052_2,step,yaw,15268018.0,15268031.7,13.7,7.94
S052_2,step,yaw,15268032.58,15268044.1,11.52,5.49
S052_2,step,yaw,15268046.1,15268054.5,8.4,4.54
S052_2,step,roll,15268065.8,15268073.1,7.3,4.09
S052_2,step,roll,15268104.5,15268110.7,6.2,3.91
S052_2,step,pitch,15268119.4,15268147.7,28.3,5.23
S052_2,step,roll,15268119.4,15268125.2,5.8,3.01
S052_2,step,roll,15268128.1,15268136.8,8.7,2.68
S052_2,step,roll,15268156.9,15268161.6,4.7,1.48
S052_2,step,roll,15268197.6,15268202.3,4.7,2.5
S052_2,step,roll,15268214.6,15268220.3,5.7,2.59
S052_2,step,roll,15268237.4,15268245.1,7.7,2.16
S052_2,step,roll,15268298.9,15268303.8,4.9,2.31
S052_2,step,roll,15268332.2,15268339.2,7.0,2.61
S052_2,step,roll,15268403.1,15268411.5,8.4,3.86
S052_2,step,roll,15268440.8,15268448.6,7.8,2.75
S052_2,step,roll,15268463.5,15268467.9,4.4,1.78
S052_2,step,roll,15268514.3,15268521.4,7.1,1.09
S052_2,step,roll,15268550.8,15268558.7,7.9,1.82
S052_2,step,roll,15268561.3,15268566.9,5.6,1.46
S052_2,step,roll,15268576.7,15268582.6,5.9,1.28
S052_2,step,roll,15268590.3,15268596.4,6.1,2.5
S052_2,step,roll,15268620.2,15268635.7,15.5,2.26
S052_2,step,roll,15268672.3,15268700.7,28.4,1.02
S052_2,step,roll,15268715.8,15268729.3,13.5,1.37
S052_2,step,roll,15268785.3,15268804.6,19.3,1.96
S052_2,step,roll,15268817.8,15268836.6,18.8,1.02
S052_2,step,roll,15268846.1,15268891.5,45.4,2.26
S052_2,step,roll,15268901.1,15268909.6,8.5,1.71
S052_2,step,roll,15268911.0,15268921.3,10.3,1.34
S052_2,step,roll,15268933.7,15268945.6,11.9,1.28
S052_2,step,roll,15268952.2,15268985.0,32.8,1.37
S052_2,step,roll,15268996.6,15269008.2,11.6,2.98
S052_2,step,roll,15269024.6,15269031.4,6.8,1.16
S052_2,step,roll,15269034.3,15269039.1,4.8,1.03
S052_2,step,roll,15269051.7,15269056.7,5.0,0.87
S052_2,step,roll,15269086.4,15269090.9,4.5,3.87
S052_2,step,yaw,15269329.6,15269340.3,10.7,1.2
S052_2,step,yaw,15269341.19,15269413.5,72.31,2.7
S052_2,step,roll,15269358.5,15269364.3,5.8,1.14
S052_2,step,roll,15269381.6,15269387.5,5.9,1.19
S052_2,step,roll,15269572.8,15269578.5,5.7,1.79
S052_2,step,pitch,15269578.5,15269622.0,43.5,2.06
S052_2,step,roll,15269622.0,15269636.4,14.4,2.13
S052_2,step,pitch,15269931.8,15269945.9,14.1,1.86
S052_2,step,pitch,15270070.7,15270080.5,9.8,2.03
S052_2,step,roll,15270093.9,15270099.7,5.8,1.77
S052_2,step,pitch,15270099.7,15270154.7,55.0,2.6
S052_2,step,roll,15270125.3,15270134.4,9.1,1.13
S052_2,step,roll,15270151.8,15270157.6,5.8,2.22
S052_2,step,roll,15270160.5,15270165.8,5.3,1.74
S052_2,step,pitch,15270195.0,15270221.3,26.3,2.21
S052_2,step,roll,15270201.0,15270206.4,5.4,0.94
S052_2,step,yaw,15270215.3,15270235.7,20.4,1.13
S052_2,step,pitch,15270357.3,15270403.7,46.4,2.4
S052_2,step,yaw,15270382.8,15270418.1,35.3,1.39
S052_2,step,pitch,15270513.7,15270524.3,10.6,2.24
S052_2,step,roll,15270525.3,15270534.0,8.7,2.74
S052_2,step,roll,15270535.7,15270542.6,6.9,2.22
S052_2,step,roll,15270551.3,15270557.1,5.8,2.82
S052_2,doublet,roll,15270615.0,15270629.5,10.3,2.27|2.58
S052_2,step,yaw,15270623.6,15270629.0,5.4,1.15
S052_2,step,roll,15270706.7,15270713.4,6.7,0.96
S052_2,step,pitch,15270803.2,15270831.9,28.7,2.38
S052_2,doublet,roll,15270878.5,15270890.1,11.6,2.4|1.71
S052_2,doublet,roll,15271043.5,15271058.0,11.8,2.26|1.2
S052_2,step,roll,15271060.7,15271066.6,5.9,2.37
S052_2,step,pitch,15271124.6,15271133.0,8.4,2.24
S052_2,step,pitch,15271138.6,15271157.6,19.0,2.19
S052_2,step,roll,15271149.6,15271159.0,9.4,2.22
S052_2,step,yaw,15271155.5,15271212.1,56.6,1.75
S052_2,step,pitch,15271159.35,15271189.6,30.25,2.67
S052_2,doublet,roll,15271176.7,15271191.1,11.6,2.28|1.86
S052_2,step,roll,15271205.6,15271211.4,5.8,1.96
S052_2,step,yaw,15271214.6,15271228.4,13.8,0.91
S052_2,step,yaw,15271237.0,15271254.8,17.8,1.03
S052_2,step,roll,15271257.8,15271266.0,8.2,2.73
S052_2,step,yaw,15271277.5,15271309.0,31.5,1.06
S052_2,step,pitch,15271356.2,15271434.2,78.0,4.13
S052_2,step,yaw,15271382.2,15271451.6,69.4,1.95
S052_2,step,pitch,15271440.1,15271445.8,5.7,1.66
S052_2,doublet,roll,15271694.9,15271706.5,11.6,2.59|1.59
S052_2,step,roll,15271819.4,15271825.2,5.8,2.42
S052_2,step,roll,15271828.1,15271836.8,8.7,1.73
S052_2,step,roll,15271854.1,15271859.9,5.8,2.55
S052_2,step,roll,15271859.9,15271868.6,8.7,2.48
S052_2,step,roll,15271915.6,15271923.6,8.0,3.03
S052_2,step,roll,15271955.5,15271967.1,11.6,3.17
S052_2,step,roll,15271978.69,15271983.3,4.61,3.56
S052_2,step,yaw,15271978.69,15271983.9,5.21,1.44
S052_2,step,pitch,15272100.2,15272123.4,23.2,1.94
S052_2,step,roll,15272275.6,15272281.4,5.8,1.02
S052_2,step,roll,15272297.1,15272305.8,8.7,2.18
S052_2,step,roll,15272320.3,15272328.9,8.6,1.07
S052_2,step,pitch,15272350.0,15272363.6,13.6,2.89
S052_2,step,roll,15272360.8,15272366.5,5.7,1.19
S052_2,step,roll,15272398.4,15272412.3,13.9,2.27
S052_2,step,roll,15272433.2,15272438.6,5.4,1.79
S052_2,step,roll,15272488.2,15272494.0,5.8,1.37
S052_2,step,roll,15272499.4,15272507.1,7.7,2.2
S052_2,step,roll,15272520.0,15272528.0,8.0,1.41
S052_2,step,roll,15272538.4,15272545.8,7.4,1.34
S052_2,step,roll,15272563.4,15272569.2,5.8,0.91
S052_2,step,roll,15272601.1,15272615.5,14.4,2.28
S052_2,step,roll,15272624.2,15272634.8,10.6,1.51
S052_2,step,roll,15272641.0,15272655.9,14.9,1.3
S052_2,step,roll,15272690.3,15272703.5,13.2,1.36
S052_2,step,roll,15272710.4,15272730.4,20.0,1.48
S052_2,step,pitch,15272728.4,15272739.4,11.0,2.09
S052_2,step,roll,15272740.1,15272745.4,5.3,0.96
S052_2,step,pitch,15272748.6,15272758.0,9.4,2.01
S052_2,step,roll,15272748.7,15272757.2,8.5,1.48
S052_2,step,pitch,15272758.5,15272780.5,22.0,2.5
S052_2,step,pitch,15272782.6,15272791.3,8.7,2.24
S052_2,step,roll,15272783.5,15272790.3,6.8,0.97
S052_2,step,roll,15272791.7,15272797.7,6.0,1.88
S052_2,step,roll,15272800.9,15272806.6,5.7,1.04
S052_2,step,roll,15272820.8,15272826.0,5.2,1.48
S052_2,step,pitch,15272831.7,15272858.6,26.9,2.41
S052_2,step,roll,15272840.0,15272845.0,5.0,0.96
S052_2,step,pitch,15272860.9,15272873.2,12.3,2.15
S052_2,step,roll,15272881.9,15272888.8,6.9,2.41
S052_2,step,roll,15272907.9,15272916.7,8.8,1.38
S052_2,step,roll,15272924.3,15272934.9,10.6,1.39
S052_2,step,roll,15272983.31,15272988.3,4.99,4.67
S052_2,step,roll,15273002.2,15273007.4,5.2,1.76
S052_2,step,roll,15273026.7,15273039.9,13.2,1.95
S052_2,step,roll,15273057.6,15273069.3,11.7,3.61
S052_2,step,roll,15273073.0,15273081.7,8.7,4.03
S052_2,step,roll,15273108.9,15273133.5,24.6,2.85
S052_2,step,yaw,15273118.7,15273128.0,9.3,1.35
S052_2,step,roll,15273135.8,15273148.7,12.9,4.31
S052_2,step,yaw,15273145.3,15273150.4,5.1,2.15
S052_2,step,roll,15273150.9,15273156.4,5.5,3.67
S052_2,step,yaw,15273162.7,15273168.5,5.8,2.53
S052_2,step,roll,15273167.6,15273174.3,6.7,3.12
S052_2,step,yaw,15273185.9,15273200.2,14.3,7.07
S052_2,step,roll,15273188.7,15273217.7,29.0,0.87
S052_2,step,yaw,15273203.3,15273223.0,19.7,10.6
S052_2,step,yaw,15273255.4,15273260.0,4.6,3.76
S052_2,step,yaw,15273316.2,15273324.5,8.3,19.96
S052_2,step,yaw,15273365.4,15273374.1,8.7,23.29
S052_2,step,yaw,15273379.9,15273394.1,14.2,25.19
S052_2,step,yaw,15273394.8,15273405.7,10.9,9.91
S052_2,step,yaw,15273405.7,15273463.0,57.3,3.9
S052_2,step,yaw,15273464.8,15273524.4,59.6,5.06
S052_3,step,yaw,15279196.6,15279220.5,23.9,27.42
S052_3,step,yaw,15279224.3,15279234.3,10.0,15.45
S052_3,step,yaw,15279234.3,15279244.9,10.6,27.19
S052_3,step,yaw,15279290.9,15279299.4,8.5,19.77
S052_3,step,yaw,15279308.7,15279312.6,3.9,5.24
S052_3,step,yaw,15279412.2,15279420.6,8.4,16.14
S052_3,step,yaw,15279420.6,15279429.5,8.9,17.64
S052_3,step,yaw,15279455.8,15279467.6,11.8,4.23
S052_3,step,yaw,15279491.4,15279507.3,15.9,16.22
S052_3,step,yaw,15279507.3,15279512.4,5.1,5.56
S052_3,step,yaw,15279515.0,15279532.5,17.5,4.98
S052_3,step,yaw,15279532.5,15279537.0,4.5,13.38
S052_3,step,yaw,15279540.4,15279562.6,22.2,9.84
S052_3,step,yaw,15279564.4,15279601.5,37.1,12.49
S052_3,step,roll,15279580.1,15279597.7,17.6,2.36
S052_3,step,roll,15279601.6,15279632.1,30.5,3.2
S052_3,step,pitch,15279611.8,15279621.9,10.1,2.3
S052_3,step,pitch,15279626.1,15279641.3,15.2,4.57
S052_3,step,roll,15279638.8,15279643.4,4.6,1.78
S052_3,step,pitch,15279642.7,15279662.3,19.6,2.53
S052_3,step,roll,15279667.5,15279672.7,5.2,1.67
S052_3,step,pitch,15279670.3,15279677.8,7.5,2.41
S052_3,step,roll,15279679.9,15279684.5,4.6,2.67
S052_3,step,roll,15279690.7,15279697.4,6.7,3.63
S052_3,step,roll,15279721.3,15279726.1,4.8,2.66
S052_3,step,roll,15279787.54,15279794.9,7.36,2.32
S052_3,step,roll,15279797.6,15279802.8,5.2,1.4
S052_3,step,roll,15279809.6,15279814.6,5.0,2.02
S052_3,step,roll,15279823.2,15279830.8,7.6,1.58
S052_3,step,roll,15279833.3,15279838.0,4.7,2.78
S052_3,step,roll,15279841.0,15279846.0,5.0,2.91
S052_3,step,roll,15279860.8,15279884.3,23.5,2.27
S052_3,step,roll,15279886.8,15279905.6,18.8,1.64
S052_3,step,roll,15279916.5,15279922.5,6.0,1.68
S052_3,step,roll,15279935.2,15279939.3,4.1,2.14
S052_3,step,roll,15279940.7,15279953.0,12.3,2.44
S052_3,step,roll,15279955.6,15279963.2,7.6,2.69
S052_3,step,roll,15279983.0,15279996.3,13.3,2.73
S052_3,step,roll,15279998.1,15280011.4,13.3,2.49
S052_3,step,roll,15280013.1,15280018.4,5.3,1.26
S052_3,doublet,roll,15280043.8,15280057.5,10.4,1.84|3.9
S052_3,step,roll,15280060.0,15280064.5,4.5,6.22
S052_3,step,roll,15280067.3,15280074.5,7.2,2.78
S052_3,step,roll,15280087.1,15280100.1,13.0,1.42
S052_3,step,roll,15280108.45,15280120.7,12.25,2.99
S052_3,step,roll,15280133.9,15280139.0,5.1,2.5
S052_3,step,roll,15280156.85,15280173.2,16.35,2.84
S052_3,step,roll,15280174.68,15280183.5,8.82,1.01
S052_3,step,roll,15280189.9,15280199.7,9.8,1.08
S052_3,step,roll,15280200.15,15280209.8,9.65,1.0
S052_3,step,roll,15280212.8,15280221.2,8.4,2.29
S052_3,step,roll,15280223.0,15280233.2,10.2,1.41
S052_3,step,roll,15280239.7,15280253.6,13.9,3.77
S052_3,step,pitch,15280246.2,15280262.2,16.0,4.05
S052_3,doublet,roll,15280257.8,15280268.2,10.4,2.31|2.52
S052_3,step,pitch,15280263.9,15280280.0,16.1,2.86
S052_3,step,roll,15280306.5,15280315.4,8.9,1.44
S052_3,step,roll,15280319.2,15280324.3,5.1,0.87
S052_3,step,roll,15280335.1,15280339.9,4.8,1.83
S052_3,step,roll,15280342.7,15280350.3,7.6,1.66
S052_3,step,roll,15280363.1,15280368.2,5.1,2.21
S052_3,step,pitch,15280470.1,15280479.1,9.0,1.88
S052_3,step,pitch,15280485.1,15280492.6,7.5,1.78
S052_3,step,roll,15280543.9,15280549.0,5.1,2.39
S052_3,step,roll,15280592.3,15280599.9,7.6,3.11
S052_3,step,roll,15280693.9,15280698.5,4.6,0.85
S052_3,step,roll,15280727.3,15280742.6,15.3,0.92
S052_3,step,roll,15280745.1,15280757.8,12.7,1.31
S052_3,step,roll,15280759.9,15280770.6,10.7,0.89
S052_3,step,roll,15280773.1,15280790.5,17.4,0.97
S052_3,step,roll,15280818.8,15280825.5,6.7,1.03
S052_3,step,roll,15280829.1,15280853.3,24.2,1.23
S052_3,step,roll,15280872.5,15280881.5,9.0,1.01
S052_3,step,roll,15280882.7,15280889.9,7.2,0.93
S052_3,step,roll,15280897.9,15280903.0,5.1,0.91
S052_3,step,roll,15280905.6,15280943.6,38.0,4.25
S052_3,step,roll,15280946.3,15280954.0,7.7,3.95
S052_3,step,roll,15280959.1,15280964.1,5.0,1.2
S052_3,step,roll,15280994.1,15280998.5,4.4,0.9
S052_3,step,roll,15281030.4,15281035.5,5.1,2.23
S052_3,step,roll,15281035.5,15281048.2,12.7,2.4
S052_3,step,roll,15281068.6,15281073.7,5.1,2.69
S052_3,step,roll,15281076.0,15281083.8,7.8,2.38
S052_3,step,roll,15281229.0,15281234.1,5.1,2.1
S052_3,step,yaw,15281234.1,15281239.2,5.1,1.2
S052_3,step,roll,15281236.7,15281246.8,10.1,2.85
S052_3,step,yaw,15281241.8,15281297.7,55.9,2.0
S052_3,step,roll,15281249.4,15281259.6,10.2,1.5
S052_3,step,roll,15281371.4,15281375.4,4.0,0.94
S052_3,step,roll,15281386.9,15281391.8,4.9,1.16
S052_3,step,roll,15281394.6,15281412.4,17.8,1.99
S052_3,step,roll,15281420.0,15281427.7,7.7,2.31
S052_3,step,pitch,15281478.6,15281532.1,53.5,5.9
S052_3,step,roll,15281485.4,15281553.1,67.7,1.65
S052_3,step,yaw,15281498.9,15281516.3,17.4,1.16
S052_3,step,roll,15281555.0,15281562.7,7.7,2.94
S052_3,step,pitch,15281557.6,15281565.2,7.6,3.0
S052_3,step,roll,15281567.6,15281575.4,7.8,1.81
S052_3,step,pitch,15281575.4,15281590.7,15.3,1.95
S052_3,step,roll,15281585.6,15281593.2,7.6,3.02
S052_3,step,roll,15281598.3,15281603.3,5.0,0.89
S052_3,step,pitch,15281630.9,15281683.6,52.7,3.26
S052_3,step,roll,15281641.6,15281646.7,5.1,1.64
S052_3,step,roll,15281648.9,15281673.8,24.9,1.35
S052_3,step,roll,15281674.7,15281678.8,4.1,0.92
S052_3,step,roll,15281687.5,15281692.5,5.0,1.04
S052_3,step,roll,15281700.2,15281707.8,7.6,1.89
S052_3,step,roll,15281710.4,15281715.5,5.1,2.35
S052_3,step,roll,15281740.9,15281748.4,7.5,1.11
S052_3,step,roll,15281776.3,15281781.7,5.4,2.34
S052_3,step,yaw,15281776.5,15281785.5,9.0,1.22
S052_3,step,roll,15281814.4,15281829.5,15.1,2.32
S052_3,step,pitch,15282003.3,15282028.6,25.3,2.06
S052_3,step,roll,15282021.0,15282026.2,5.2,0.9
S052_3,step,pitch,15282145.9,15282173.9,28.0,2.13
S052_3,step,roll,15282158.6,15282169.5,10.9,2.47
S052_3,step,roll,15282171.4,15282178.2,6.8,2.67
S052_3,step,pitch,15282181.5,15282186.2,4.7,1.93
S052_3,step,pitch,15282224.5,15282284.1,59.6,3.42
S052_3,step,yaw,15282247.6,15282319.0,71.4,1.86
S052_3,step,pitch,15282349.5,15282403.1,53.6,3.07
S052_3,step,yaw,15282367.6,15282413.3,45.7,1.53
S052_3,step,pitch,15282482.1,15282535.6,53.5,6.89
S052_3,step,roll,15282487.2,15282538.1,50.9,1.71
S052_3,step,yaw,15282501.6,15282535.3,33.7,1.46
S052_3,step,roll,15282538.17,15282543.2,5.03,0.97
S052_3,step,roll,15282612.0,15282664.1,52.1,3.56
S052_3,step,roll,15282665.8,15282722.1,56.3,2.86
S052_3,step,roll,15282724.0,15282757.1,33.1,1.9
S052_3,step,pitch,15282768.4,15282777.5,9.1,2.3
S052_3,step,roll,15282769.9,15282777.5,7.6,2.68
S052_3,step,roll,15282851.4,15282856.5,5.1,1.14
S052_3,step,roll,15282859.0,15282872.6,13.6,1.96
S052_3,step,roll,15282874.3,15282881.2,6.9,2.43
S052_3,step,roll,15282949.7,15282955.8,6.1,1.09
S052_3,step,roll,15282960.9,15282994.0,33.1,3.71
S052_3,step,roll,15282996.5,15283011.8,15.3,3.04
S052_3,step,roll,15283016.9,15283067.2,50.3,3.93
S052_3,step,roll,15283070.4,15283093.3,22.9,2.24
S052_3,step,roll,15283097.3,15283103.5,6.2,1.67
S052_3,step,pitch,15283108.65,15283115.9,7.25,2.3
S052_3,step,pitch,15283197.7,15283205.3,7.6,1.77
S052_3,step,roll,15283220.7,15283225.8,5.1,1.52
S052_3,step,pitch,15283290.2,15283299.1,8.9,1.96
S052_3,step,roll,15283292.0,15283332.7,40.7,1.9
S052_3,step,pitch,15283299.6,15283346.0,46.4,2.66
S052_3,step,pitch,15283346.9,15283382.0,35.1,1.95
S052_3,step,roll,15283347.0,15283355.5,8.5,0.89
S052_3,step,roll,15283358.2,15283378.0,19.8,1.23
S052_3,step,roll,15283383.6,15283390.6,7.0,1.26
S052_3,step,roll,15283411.7,15283416.8,5.1,1.06
S052_3,step,roll,15283424.4,15283437.1,12.7,2.25
S052_3,step,pitch,15283447.1,15283451.5,4.4,1.84
S052_3,step,roll,15283502.2,15283510.4,8.2,1.19
S052_3,step,roll,15283528.4,15283541.5,13.1,2.74
S052_3,step,roll,15283561.9,15283566.6,4.7,1.34
S052_3,step,roll,15283584.9,15283590.0,5.1,1.48
S052_3,step,roll,15283610.3,15283617.6,7.3,1.69
S052_3,step,roll,15283623.1,15283630.7,7.6,2.01
S052_3,step,pitch,15283643.4,15283650.7,7.3,2.04
S052_3,step,pitch,15283655.9,15283661.0,5.1,1.98
S052_3,step,roll,15283656.2,15283663.3,7.1,1.3
S052_3,step,roll,15283668.6,15283676.1,7.5,1.69
S052_3,step,roll,15283681.2,15283689.3,8.1,1.63
S052_3,step,roll,15283729.9,15283735.1,5.2,2.16
S052_3,step,roll,15283740.2,15283760.6,20.4,1.68
S052_3,step,roll,15283791.0,15283796.2,5.2,1.74
S052_3,step,roll,15283797.5,15283803.9,6.4,1.24
S052_3,step,roll,15283819.0,15283824.1,5.1,2.27
S052_3,step,yaw,15283839.2,15283844.6,5.4,1.16
S052_3,step,roll,15283839.5,15283848.7,9.2,3.29
S052_3,step,roll,15283851.3,15283873.2,21.9,2.6
S052_3,step,roll,15283875.2,15283885.4,10.2,4.24
S052_3,step,roll,15283905.8,15283912.8,7.0,3.44
S052_3,step,yaw,15283919.9,15283938.1,18.2,8.83
S052_3,step,roll,15283931.0,15283941.1,10.1,3.08
S052_3,step,yaw,15283956.7,15283977.1,20.4,10.12
S052_3,step,yaw,15283977.1,15283992.4,15.3,11.43
S052_3,step,yaw,15284010.25,15284023.3,13.05,4.22
S052_3,step,yaw,15284025.2,15284032.4,7.2,5.76
S052_3,step,yaw,15284036.8,15284046.5,9.7,5.2
S052_3,step,yaw,15284064.6,15284069.8,5.2,2.19
S052_3,step,yaw,15284070.6,15284074.5,3.9,2.42
S052_3,step,yaw,15284087.3,15284094.2,6.9,1.67
S052_3,step,yaw,15284101.9,15284115.7,13.8,14.32
S052_3,step,yaw,15284163.0,15284175.0,12.0,16.34
S052_3,step,yaw,15284180.8,15284198.3,17.5,18.62
S052,step,roll,15259499.3,15259520.3,21.0,1.2
S052,step,pitch,15259520.3,15259527.7,7.4,12.91
S052,step,roll,15259525.6,15259535.7,10.1,1.99
S052,step,pitch,15259530.12,15259571.5,41.38,19.96
S052,step,yaw,15259642.2,15259688.6,46.4,14.37
S052,step,yaw,15259688.6,15259696.9,8.3,19.9
S052,step,yaw,15259738.0,15259744.6,6.6,2.37
S052,step,yaw,15259744.6,15259754.4,9.8,16.12
S052,step,yaw,15259755.3,15259762.4,7.1,3.52
S052,step,yaw,15259765.7,15259773.9,8.2,3.27
S052,step,yaw,15259782.1,15259846.3,64.2,5.82
S052,step,yaw,15259847.0,15259854.4,7.4,3.34
S052,doublet,yaw,15259856.8,15259868.1,11.3,2.69|2.3
S052,doublet,yaw,15259868.1,15259877.3,9.2,2.09|6.51
S052,step,yaw,15260010.4,15260022.5,12.1,10.83
S052,step,yaw,15260046.9,15260051.9,5.0,1.26
S052,step,yaw,15260051.9,15260063.2,11.3,5.43
S052,step,roll,15260063.3,15260072.9,9.6,1.48
S052,step,yaw,15260067.8,15260080.0,12.2,13.33
S052,step,yaw,15260080.7,15260085.9,5.2,4.28
S052,step,roll,15260100.6,15260104.7,4.1,2.15
S052,step,roll,15260122.2,15260127.5,5.3,4.97
S052,step,pitch,15260127.4,15260168.9,41.5,5.78
S052,step,roll,15260136.6,15260144.5,7.9,3.79
S052,step,roll,15260156.2,15260161.6,5.4,3.58
S052,step,roll,15260166.5,15260173.6,7.1,3.71
S052,step,pitch,15260170.7,15260177.8,7.1,2.52
S052,step,roll,15260228.8,15260232.8,4.0,1.31
S052,step,pitch,15260262.6,15260267.3,4.7,2.53
S052,step,roll,15260271.3,15260275.3,4.0,3.13
S052,step,roll,15260288.43,15260295.7,7.27,2.15
S052,step,roll,15260305.3,15260309.7,4.4,1.55
S052,step,roll,15260314.8,15260324.9,10.1,2.69
S052,step,roll,15260334.7,15260338.7,4.0,2.86
S052,step,roll,15260341.4,15260349.2,7.8,2.11
S052,step,roll,15260375.9,15260382.8,6.9,2.26
S052,step,roll,15260417.5,15260421.2,3.7,2.41
S052,step,roll,15260449.2,15260453.7,4.5,1.39
S052,step,roll,15260543.9,15260550.3,6.4,1.22
S052,step,roll,15260568.8,15260578.5,9.7,1.72
S052,step,roll,15260613.7,15260624.9,11.2,1.13
S052,step,roll,15260636.6,15260641.2,4.6,1.91
S052,step,roll,15260663.1,15260668.7,5.6,2.0
S052,step,roll,15260702.6,15260716.0,13.4,1.88
S052,step,roll,15260733.1,15260751.7,18.6,1.36
S052,step,roll,15260763.8,15260780.9,17.1,1.03
S052,step,roll,15260790.7,15260795.0,4.3,1.34
S052,step,roll,15260795.61,15260802.9,7.29,1.21
S052,step,roll,15260807.5,15260812.5,5.0,0.89
S052,step,roll,15260814.2,15260827.2,13.0,1.47
S052,step,roll,15260839.1,15260858.6,19.5,1.09
S052,step,yaw,15260983.3,15261019.9,36.6,1.74
S052,step,roll,15260990.5,15261002.6,12.1,1.38
S052,step,roll,15261019.9,15261024.7,4.8,3.37
S052,step,roll,15261024.7,15261032.1,7.4,2.03
S052,step,roll,15261073.5,15261078.4,4.9,2.6
S052,step,roll,15261095.5,15261105.2,9.7,2.61
S052,step,roll,15261158.9,15261163.7,4.8,2.39
S052,step,roll,15261180.8,15261190.6,9.8,2.64
S052,step,roll,15261241.8,15261246.6,4.8,2.69
S052,step,roll,15261249.1,15261256.4,7.3,2.6
S052,step,roll,15261288.1,15261293.0,4.9,2.4
S052,step,roll,15261293.0,15261302.7,9.7,2.74
S052,doublet,roll,15261407.6,15261417.3,9.7,2.24|1.12
S052,step,roll,15261502.7,15261507.5,4.8,2.57
S052,step,roll,15261514.6,15261523.7,9.1,0.87
S052,step,roll,15261524.6,15261534.4,9.8,2.72
S052,step,roll,15261549.0,15261556.3,7.3,2.4
S052,step,roll,15261570.9,15261582.9,12.0,2.63
S052,step,roll,15261595.0,15261600.2,5.2,2.07
S052,step,roll,15261897.7,15261902.5,4.8,1.54
S052,step,pitch,15261904.2,15261912.9,8.7,1.82
S052,step,pitch,15261914.9,15261956.1,41.2,1.94
S052,step,roll,15261951.3,15261963.3,12.0,2.52
S052,step,roll,15262114.7,15262170.8,56.1,1.84
S052,step,roll,15262182.9,15262187.4,4.5,1.02
S052,step,pitch,15262245.2,15262255.7,10.5,2.04
S052,step,roll,15262246.3,15262258.5,12.2,2.46
S052,step,roll,15262267.7,15262278.09,10.39,1.26
S052,step,roll,15262448.7,15262456.0,7.3,1.19
S052,step,roll,15262497.5,15262502.0,4.5,0.91
S052,step,roll,15262553.6,15262558.4,4.8,0.93
S052,step,roll,15262563.3,15262577.9,14.6,1.88
S052,step,roll,15262587.7,15262595.0,7.3,2.09
S052,step,roll,15262680.4,15262697.0,16.6,1.96
S052,step,roll,15262738.8,15262746.2,7.4,2.02
S052,step,roll,15262753.5,15262767.1,13.6,1.93
S052,step,roll,15262775.4,15262782.8,7.4,2.08
S052,step,roll,15262831.5,15262836.4,4.9,0.98
S052,step,roll,15262845.8,15262859.2,13.4,1.94
S052,step,pitch,15262941.2,15262945.5,4.3,1.7
S052,step,roll,15262965.6,15262970.5,4.9,1.13
S052,step,roll,15263019.3,15263024.2,4.9,1.58
S052,step,pitch,15263024.2,15263029.0,4.8,1.62
S052,step,roll,15263026.6,15263038.8,12.2,2.14
S052,step,roll,15263051.0,15263055.9,4.9,1.54
S052,step,pitch,15263058.1,15263063.2,5.1,1.7
S052,step,pitch,15263074.8,15263080.1,5.3,1.53
S052,step,roll,15263080.2,15263092.4,12.2,2.28
S052,step,roll,15263187.5,15263194.9,7.4,2.25
S052,step,yaw,15263189.8,15263194.0,4.2,1.11
S052,step,pitch,15263194.7,15263199.5,4.8,2.01
S052,step,roll,15263197.3,15263202.2,4.9,1.53
S052,step,roll,15263219.2,15263224.1,4.9,1.61
S052,step,roll,15263226.5,15263236.3,9.8,2.05
S052,step,roll,15263275.3,15263280.2,4.9,2.28
S052,step,pitch,15263280.2,15263310.9,30.7,2.15
S052,step,roll,15263304.6,15263309.4,4.8,1.76
S052,step,pitch,15263318.8,15263324.4,5.6,1.62
S052,step,roll,15263324.1,15263328.9,4.8,1.85
S052,step,pitch,15263326.5,15263371.8,45.3,2.56
S052,step,roll,15263350.9,15263360.4,9.5,2.36
S052,step,pitch,15263392.1,15263395.8,3.7,2.13
S052,step,pitch,15263404.3,15263408.9,4.6,1.87
S052,step,roll,15263404.5,15263409.1,4.6,1.75
S052,step,pitch,15263409.46,15263414.0,4.54,1.77
S052,step,pitch,15263414.34,15263453.1,38.76,2.21
S052,step,roll,15263446.0,15263450.2,4.2,1.13
S052,step,pitch,15263455.7,15263489.7,34.0,2.3
S052,step,roll,15263457.8,15263466.9,9.1,1.35
S052,step,roll,15263482.6,15263489.9,7.3,1.61
S052,step,pitch,15263494.5,15263499.6,5.1,1.96
S052,step,pitch,15263503.9,15263509.4,5.5,1.93
S052,step,roll,15263507.0,15263515.7,8.7,1.44
S052,step,roll,15263538.4,15263542.1,3.7,1.22
S052,step,roll,15263544.4,15263555.7,11.3,1.12
S052,doublet,roll,15263570.3,15263580.0,9.7,1.95|1.2
S052,step,pitch,15263605.7,15263611.4,5.7,1.82
S052,step,roll,15263616.7,15263624.0,7.3,1.03
S052,step,pitch,15263628.9,15263633.3,4.4,2.19
S052,step,pitch,15263637.9,15263647.7,9.8,2.52
S052,step,roll,15263643.5,15263653.2,9.7,2.33
S052,step,pitch,15263651.7,15263671.6,19.9,2.06
S052,step,pitch,15263673.0,15263689.4,16.4,1.86
S052,step,roll,15263697.1,15263701.8,4.7,1.73
S052,step,roll,15263704.4,15263716.0,11.6,1.98
S052,step,roll,15263721.57,15263728.1,6.53,1.21
S052,step,pitch,15263743.5,15263752.1,8.6,3.42
S052,step,roll,15263765.1,15263775.0,9.9,3.03
S052,step,roll,15263779.8,15263789.7,9.9,2.57
S052,step,roll,15263789.84,15263840.1,50.26,4.82
S052,step,roll,15263841.6,15263860.1,18.5,3.74
S052,step,roll,15263862.7,15263870.7,8.0,3.58
S052,step,roll,15263871.7,15263875.5,3.8,2.97
S052,step,roll,15263886.0,15263892.1,6.1,2.8
S052,step,pitch,15263894.2,15263901.1,6.9,3.4
S052,step,yaw,15263894.6,15263915.8,21.2,3.96
S052,step,pitch,15263919.7,15263923.7,4.0,6.15
S052,step,roll,15263930.8,15263948.0,17.2,1.1
S052,step,yaw,15263936.1,15263965.4,29.3,11.68
S052,step,yaw,15264003.0,15264006.7,3.7,4.07
S052,step,yaw,15264036.1,15264041.7,5.6,10.68
S052,step,yaw,15264049.0,15264054.3,5.3,5.54
S052,step,yaw,15264055.62,15264062.9,7.28,4.02
S052,step,yaw,15264062.9,15264071.6,8.7,18.06
S052,step,yaw,15264071.6,15264077.5,5.9,6.37
S052,step,yaw,15264086.9,15264095.5,8.6,6.92
S052,step,yaw,15264096.7,15264112.7,16.0,8.39
S052,step,yaw,15264116.5,15264125.5,9.0,18.05
S052,step,yaw,15264128.7,15264157.5,28.8,24.36
S052,step,yaw,15264160.46,15264193.4,32.94,5.37
S053_1,step,yaw,15347477.9,15347565.1,87.2,9.71
S053_1,step,yaw,15347567.3,15347574.4,7.1,8.88
S053_1,step,yaw,15347574.4,15347580.8,6.4,18.07
S053_1,step,yaw,15347589.78,15347598.7,8.92,11.03
S053_1,step,roll,15347597.1,15347611.5,14.4,19.74
S053_1,step,yaw,15347606.9,15347611.7,4.8,21.87
S053_1,step,yaw,15347658.3,15347681.8,23.5,18.64
S053_1,step,yaw,15347683.1,15347689.2,6.1,4.18
S053_1,step,yaw,15347691.0,15347700.0,9.0,5.57
S053_1,step,yaw,15347702.0,15347714.6,12.6,6.19
S053_1,step,yaw,15347717.1,15347750.4,33.3,7.08
S053_1,step,yaw,15347751.45,15347805.3,53.85,18.56
S053_1,doublet,yaw,15347805.3,15347821.9,10.51,14.4|4.95
S053_1,step,yaw,15347827.4,15347834.9,7.5,5.4
S053_1,step,yaw,15347837.0,15347849.4,12.4,6.65
S053_1,step,yaw,15347851.9,15347876.3,24.4,10.66
S053_1,step,yaw,15347876.3,15347888.6,12.3,24.76
S053_1,step,yaw,15347893.5,15347897.7,4.2,6.54
S053_1,doublet,yaw,15348006.2,15348021.3,11.6,16.16|3.8
S053_1,step,yaw,15348023.0,15348042.9,19.9,10.14
S053_1,step,yaw,15348047.6,15348051.9,4.3,5.62
S053_1,step,roll,15348052.7,15348093.8,41.1,20.41
S053_1,step,yaw,15348080.1,15348095.0,14.9,7.05
S053_1,step,yaw,15348096.0,15348111.3,15.3,3.04
S053_1,step,yaw,15348113.4,15348126.2,12.8,1.77
S053_1,step,roll,15348117.6,15348121.9,4.3,2.61
S053_1,step,roll,15348128.3,15348132.5,4.2,4.06
S053_1,step,pitch,15348131.1,15348185.0,53.9,4.77
S053_1,step,yaw,15348131.1,15348151.3,20.2,1.38
S053_1,step,roll,15348133.61,15348138.4,4.79,1.87
S053_1,step,yaw,15348152.6,15348157.1,4.5,1.07
S053_1,step,roll,15348155.6,15348160.4,4.8,4.04
S053_1,step,pitch,15348190.2,15348196.9,6.7,1.93
S053_1,step,pitch,15348197.32,15348261.5,64.18,3.6
S053_1,step,roll,15348226.2,15348230.7,4.5,1.95
S053_1,step,yaw,15348235.0,15348242.5,7.5,0.99
S053_1,step,roll,15348235.1,15348239.9,4.8,2.24
S053_1,step,roll,15348243.8,15348248.7,4.9,1.93
S053_1,step,pitch,15348262.8,15348272.8,10.0,2.44
S053_1,step,pitch,15348290.3,15348361.1,70.8,2.81
S053_1,step,roll,15348300.1,15348303.8,3.7,1.38
S053_1,step,roll,15348312.45,15348317.3,4.85,0.86
S053_1,step,roll,15348321.9,15348329.5,7.6,1.1
S053_1,step,roll,15348368.7,15348376.1,7.4,1.05
S053_1,step,roll,15348441.2,15348447.1,5.9,1.19
S053_1,step,roll,15348449.5,15348454.4,4.9,1.05
S053_1,step,roll,15348686.4,15348692.1,5.7,1.55
S053_1,step,roll,15348709.31,15348714.1,4.79,0.98
S053_1,step,roll,15348716.6,15348721.5,4.9,1.08
S053_1,step,roll,15348746.0,15348750.9,4.9,2.49
S053_1,step,roll,15348765.6,15348772.4,6.8,3.8
S053_1,step,roll,15348874.6,15348878.6,4.0,2.65
S053_1,step,roll,15348902.8,15348907.5,4.7,2.74
S053_1,step,roll,15349037.5,15349042.4,4.9,1.62
S053_1,step,roll,15349042.4,15349057.1,14.7,2.27
S053_1,step,roll,15349066.9,15349074.2,7.3,3.54
S053_1,step,pitch,15349130.0,15349137.9,7.9,3.0
S053_1,step,pitch,15349139.6,15349153.9,14.3,5.01
S053_1,step,roll,15349142.9,15349146.7,3.8,4.12
S053_1,step,pitch,15349155.9,15349179.0,23.1,3.94
S053_1,step,roll,15349218.5,15349222.7,4.2,2.56
S053_1,step,pitch,15349250.1,15349289.9,39.8,3.27
S053_1,step,roll,15349277.6,15349282.5,4.9,3.1
S053_1,step,yaw,15349285.8,15349297.1,11.3,1.15
S053_1,step,pitch,15349352.3,15349365.8,13.5,1.97
S053_1,step,roll,15349375.6,15349380.5,4.9,2.59
S053_1,step,yaw,15349375.6,15349380.2,4.6,1.11
S053_1,step,pitch,15349387.8,15349395.1,7.3,1.7
S053_1,step,pitch,15349417.2,15349429.1,11.9,2.01
S053_1,step,roll,15349424.3,15349431.9,7.6,2.24
S053_1,step,roll,15349523.9,15349529.8,5.9,4.28
S053_1,step,roll,15349605.9,15349610.8,4.9,4.48
S053_1,step,roll,15349610.8,15349618.5,7.7,2.37
S053_1,step,pitch,15349623.0,15349632.8,9.8,2.07
S053_1,step,pitch,15349644.5,15349701.2,56.7,3.4
S053_1,step,roll,15349748.2,15349752.8,4.6,2.28
S053_1,step,roll,15349762.8,15349767.5,4.7,2.31
S053_1,step,roll,15349777.0,15349781.5,4.5,3.8
S053_1,step,roll,15349786.6,15349791.1,4.5,3.0
S053_1,step,roll,15349792.1,15349799.7,7.6,4.29
S053_1,step,roll,15349882.8,15349887.1,4.3,1.07
S053_1,step,roll,15349966.0,15349970.9,4.9,1.66
S053_1,step,roll,15349980.6,15349992.9,12.3,1.13
S053_1,step,yaw,15349992.9,15350002.5,9.6,1.2
S053_1,step,roll,15350000.3,15350020.9,20.6,2.78
S053_1,step,roll,15350023.9,15350032.1,8.2,2.82
S053_1,step,roll,15350048.4,15350066.4,18.0,1.01
S053_1,step,yaw,15350066.4,15350070.6,4.2,1.04
S053_1,step,roll,15350071.2,15350098.1,26.9,2.83
S053_1,step,roll,15350108.1,15350116.4,8.3,1.01
S053_1,step,roll,15350117.3,15350130.1,12.8,1.52
S053_1,step,yaw,15350132.5,15350162.0,29.5,1.19
S053_1,step,roll,15350137.5,15350181.5,44.0,2.64
S053_1,step,yaw,15350166.6,15350171.8,5.2,0.87
S053_1,step,yaw,15350181.5,15350188.2,6.7,1.15
S053_1,step,roll,15350186.4,15350267.2,80.8,2.88
S053_1,step,yaw,15350189.1,15350222.8,33.7,1.2
S053_1,step,yaw,15350225.7,15350232.8,7.1,0.96
S053_1,step,roll,15350291.8,15350331.0,39.2,1.63
S053_1,step,yaw,15350441.2,15350445.5,4.3,0.87
S053_1,step,roll,15350450.0,15350455.9,5.9,1.26
S053_1,step,roll,15350463.3,15350492.5,29.2,3.15
S053_1,step,roll,15350497.5,15350553.9,56.4,3.3
S053_1,step,roll,15350558.8,15350593.1,34.3,3.44
S053_1,step,yaw,15350590.1,15350624.7,34.6,1.28
S053_1,step,roll,15350600.5,15350627.4,26.9,3.27
S053_1,step,yaw,15350627.3,15350703.1,75.8,1.52
S053_1,step,roll,15350632.3,15350674.0,41.7,1.79
S053_1,step,roll,15350678.9,15350732.8,53.9,3.44
S053_1,step,yaw,15350747.4,15350798.9,51.5,1.24
S053_1,step,yaw,15350835.3,15350883.3,48.0,1.17
S053_1,step,roll,15350955.4,15351021.8,66.4,1.41
S053_1,step,roll,15351130.8,15351136.6,5.8,0.87
S053_1,step,roll,15351139.4,15351146.8,7.4,2.8
S053_1,step,roll,15351151.7,15351156.1,4.4,2.2
S053_1,step,roll,15351197.1,15351212.8,15.7,1.67
S053_1,step,roll,15351217.8,15351222.3,4.5,2.45
S053_1,step,roll,15351249.7,15351255.8,6.1,2.56
S053_1,step,roll,15351288.9,15351296.7,7.8,2.21
S053_1,step,roll,15351325.6,15351332.9,7.3,2.43
S053_1,doublet,roll,15351381.7,15351395.4,10.9,1.11|0.83
S053_1,step,roll,15351399.0,15351428.9,29.9,2.34
S053_1,step,roll,15351430.9,15351435.0,4.1,1.03
S053_1,step,roll,15351443.2,15351448.1,4.9,0.93
S053_1,step,roll,15351467.7,15351474.9,7.2,2.7
S053_1,step,pitch,15351467.8,15351494.4,26.6,2.41
S053_1,step,yaw,15351479.9,15351494.5,14.6,1.11
S053_1,step,roll,15351494.6,15351499.5,4.9,1.92
S053_1,step,roll,15351516.7,15351521.5,4.8,2.06
S053_1,step,pitch,15351521.6,15351543.6,22.0,1.91
S053_1,step,roll,15351541.2,15351552.4,11.2,2.78
S053_1,step,roll,15351582.8,15351587.9,5.1,0.95
S053_1,step,roll,15351600.0,15351607.3,7.3,2.73
S053_1,step,roll,15351622.0,15351634.3,12.3,3.16
S053_1,step,roll,15351649.0,15351653.9,4.9,2.74
S053_1,step,roll,15351658.8,15351680.8,22.0,3.16
S053_1,step,roll,15351700.4,15351705.3,4.9,3.19
S053_1,step,roll,15351717.5,15351729.8,12.3,3.38
S053_1,step,roll,15351753.6,15351771.4,17.8,1.88
S053_1,step,pitch,15351774.2,15351779.2,5.0,1.93
S053_1,step,roll,15351835.1,15351842.0,6.9,2.98
S053_1,step,roll,15351854.1,15351859.6,5.5,2.28
S053_1,step,roll,15351898.8,15351907.9,9.1,1.07
S053_1,step,roll,15351915.1,15351923.6,8.5,2.85
S053_1,step,yaw,15351928.2,15351942.9,14.7,3.74
S053_1,step,roll,15352023.8,15352037.7,13.9,3.43
S053_1,step,roll,15352039.1,15352094.4,55.3,8.56
S053_1,step,roll,15352094.87,15352101.3,6.43,6.86
S053_1,step,pitch,15352097.32,15352104.6,7.28,9.28
S053_1,step,yaw,15352113.9,15352153.0,39.1,15.23
S053_1,step,yaw,15352165.6,15352174.5,8.9,8.85
S053_1,step,yaw,15352183.0,15352191.3,8.3,8.24
S053_1,step,yaw,15352197.6,15352204.2,6.6,9.22
S053_1,step,yaw,15352212.1,15352221.5,9.4,4.51
S053_1,step,yaw,15352261.4,15352268.8,7.4,19.39
S053_1,step,yaw,15352303.6,15352312.9,9.3,7.51
S053_1,step,yaw,15352312.9,15352320.9,8.0,20.08
S053_1,step,yaw,15352325.0,15352337.3,12.3,21.6
S053_1,step,yaw,15352356.9,15352375.8,18.9,2.74
S053_2,step,roll,15358139.0,15358156.4,17.4,8.21
S053_2,step,roll,15358156.4,15358165.5,9.1,3.97
S053_2,step,yaw,15358222.6,15358249.5,26.9,27.48
S053_2,step,roll,15358225.6,15358281.5,55.9,19.34
S053_2,step,yaw,15358249.5,15358270.2,20.7,18.7
S053_2,step,yaw,15358273.5,15358281.6,8.1,18.08
S053_2,step,roll,15358281.5,15358360.0,78.5,3.81
S053_2,step,yaw,15358345.3,15358356.9,11.6,20.69
S053_2,step,roll,15358360.0,15358364.7,4.7,19.62
S053_2,step,yaw,15358360.0,15358365.3,5.3,12.74
S053_2,doublet,yaw,15358374.3,15358385.6,11.3,12.01|11.79
S053_2,step,roll,15358492.0,15358512.9,20.9,7.92
S053_2,step,yaw,15358496.1,15358504.3,8.2,15.83
S053_2,step,yaw,15358506.7,15358512.9,6.2,10.18
S053_2,step,roll,15358512.9,15358597.9,85.0,14.66
S053_2,step,yaw,15358518.9,15358539.5,20.6,7.8
S053_2,step,pitch,15358560.8,15358566.6,5.8,6.07
S053_2,step,yaw,15358560.84,15358572.7,11.86,5.31
S053_2,step,yaw,15358575.7,15358584.7,9.0,3.11
S053_2,step,pitch,15358598.9,15358641.6,42.7,5.48
S053_2,step,pitch,15358722.4,15358727.6,5.2,2.3
S053_2,step,roll,15358730.3,15358756.7,26.4,3.9
S053_2,step,pitch,15358739.7,15358746.3,6.6,2.68
S053_2,step,pitch,15358749.3,15358764.3,15.0,2.67
S053_2,step,yaw,15358757.3,15358761.9,4.6,0.98
S053_2,step,roll,15358759.0,15358767.3,8.3,2.87
S053_2,step,yaw,15358768.8,15358775.9,7.1,0.97
S053_2,step,roll,15358770.1,15358789.6,19.5,3.32
S053_2,step,pitch,15358771.1,15358778.0,6.9,2.1
S053_2,step,pitch,15358783.0,15358788.7,5.7,2.17
S053_2,step,yaw,15358788.28,15358793.4,5.12,1.02
S053_2,step,roll,15358791.27,15358799.0,7.73,3.39
S053_2,step,roll,15358802.4,15358849.1,46.7,3.85
S053_2,step,yaw,15358835.0,15358842.1,7.1,0.96
S053_2,step,yaw,15358846.9,15358853.7,6.8,0.96
S053_2,step,roll,15359016.6,15359024.7,8.1,3.57
S053_2,step,roll,15359027.5,15359039.6,12.1,2.95
S053_2,step,roll,15359051.64,15359057.6,5.96,1.41
S053_2,step,roll,15359063.2,15359068.6,5.4,2.19
S053_2,step,yaw,15359074.8,15359130.1,55.3,2.97
S053_2,step,yaw,15359132.8,15359160.2,27.4,2.57
S053_2,step,yaw,15359161.1,15359222.2,61.1,2.78
S053_2,step,roll,15359195.3,15359200.1,4.8,3.42
S053_2,step,pitch,15359240.0,15359262.0,22.0,2.55
S053_2,step,roll,15359247.9,15359255.1,7.2,1.68
S053_2,step,pitch,15359270.1,15359276.1,6.0,2.02
S053_2,step,roll,15359276.1,15359285.0,8.9,1.21
S053_2,step,roll,15359320.9,15359350.9,30.0,3.7
S053_2,step,roll,15359350.9,15359356.8,5.9,2.23
S053_2,step,roll,15359356.8,15359365.8,9.0,1.74
S053_2,doublet,roll,15359391.2,15359401.7,10.5,2.71|3.25
S053_2,step,roll,15359401.7,15359416.7,15.0,3.93
S053_2,doublet,roll,15359473.6,15359485.5,11.9,3.54|2.42
S053_2,step,roll,15359509.5,15359515.5,6.0,1.97
S053_2,step,roll,15359518.5,15359545.4,26.9,3.63
S053_2,step,roll,15359547.6,15359553.7,6.1,4.13
S053_2,step,roll,15359557.4,15359566.4,9.0,2.8
S053_2,step,roll,15359587.35,15359592.7,5.35,3.24
S053_2,step,pitch,15359667.5,15359721.0,53.5,5.64
S053_2,step,roll,15359681.4,15359695.0,13.6,1.74
S053_2,step,roll,15359698.0,15359708.5,10.5,1.8
S053_2,step,pitch,15359725.0,15359781.3,56.3,3.08
S053_2,step,roll,15359754.9,15359762.6,7.7,3.1
S053_2,step,roll,15359772.4,15359788.9,16.5,3.95
S053_2,step,pitch,15359787.6,15359820.4,32.8,4.37
S053_2,step,roll,15359793.8,15359799.8,6.0,4.77
S053_2,step,roll,15359811.8,15359816.4,4.6,4.79
S053_2,step,pitch,15359838.6,15359864.9,26.3,3.96
S053_2,doublet,roll,15359865.6,15359877.6,12.0,9.41|3.65
S053_2,step,yaw,15359872.1,15359885.0,12.9,1.64
S053_2,step,pitch,15359877.1,15359906.9,29.8,4.61
S053_2,step,yaw,15359885.9,15359973.2,87.3,1.75
S053_2,step,roll,15359895.6,15359902.8,7.2,6.07
S053_2,step,roll,15359907.5,15359914.5,7.0,4.45
S053_2,step,pitch,15359909.7,15359917.2,7.5,3.56
S053_2,step,roll,15359919.5,15359939.8,20.3,5.31
S053_2,step,roll,15359946.4,15359956.3,9.9,2.53
S053_2,step,roll,15359958.45,15359976.1,17.65,2.11
S053_2,step,roll,15360012.3,15360018.3,6.0,3.1
S053_2,step,roll,15360018.3,15360025.3,7.0,3.22
S053_2,doublet,roll,15360054.2,15360066.1,11.9,2.85|4.12
S053_2,step,roll,15360243.2,15360247.8,4.6,1.31
S053_2,step,pitch,15360247.3,15360290.6,43.3,3.3
S053_2,doublet,roll,15360380.4,15360392.3,11.9,3.72|2.73
S053_2,step,roll,15360413.3,15360422.3,9.0,4.2
S053_2,step,pitch,15360446.2,15360452.1,5.9,1.83
S053_2,step,roll,15360464.2,15360469.6,5.4,3.54
S053_2,step,roll,15360469.6,15360488.1,18.5,4.32
S053_2,step,pitch,15360473.4,15360479.1,5.7,1.7
S053_2,step,roll,15360506.1,15360512.0,5.9,3.92
S053_2,step,pitch,15360512.0,15360518.0,6.0,2.59
S053_2,step,roll,15360512.0,15360527.8,15.8,4.38
S053_2,step,pitch,15360530.0,15360553.8,23.8,2.1
S053_2,step,pitch,15360571.9,15360610.8,38.9,4.56
S053_2,step,yaw,15360625.8,15360686.8,61.0,2.77
S053_2,step,pitch,15360652.7,15360673.7,21.0,8.42
S053_2,step,roll,15360667.7,15360676.7,9.0,2.0
S053_2,step,roll,15360709.6,15360718.6,9.0,3.23
S053_2,step,pitch,15360715.6,15360721.5,5.9,2.03
S053_2,step,roll,15360718.6,15360723.8,5.2,1.52
S053_2,step,pitch,15360745.5,15360751.3,5.8,2.47
S053_2,step,roll,15360745.5,15360754.5,9.0,3.29
S053_2,step,roll,15360790.4,15360796.1,5.7,2.68
S053_2,step,pitch,15360838.1,15360871.9,33.8,1.95
S053_2,step,roll,15360856.2,15360862.1,5.9,1.2
S053_2,step,pitch,15360874.2,15360892.2,18.0,2.11
S053_2,step,roll,15360894.3,15360907.1,12.8,2.21
S053_2,step,pitch,15360940.0,15360986.9,46.9,4.53
S053_2,step,yaw,15360961.1,15360993.4,32.3,1.71
S053_2,step,roll,15360964.0,15360970.0,6.0,0.86
S053_2,step,pitch,15361056.7,15361119.6,62.9,6.16
S053_2,step,roll,15361068.5,15361109.5,41.0,1.79
S053_2,step,yaw,15361069.5,15361109.4,39.9,1.32
S053_2,step,roll,15361124.9,15361130.8,5.9,1.54
S053_2,step,roll,15361146.5,15361152.5,6.0,2.8
S053_2,step,pitch,15361167.4,15361212.4,45.0,6.24
S053_2,step,roll,15361179.4,15361184.6,5.2,1.04
S053_2,step,yaw,15361187.8,15361236.0,48.2,2.34
S053_2,step,pitch,15361233.3,15361251.3,18.0,3.24
S053_2,step,yaw,15361278.0,15361347.9,69.9,2.51
S053_2,step,yaw,15361348.7,15361354.4,5.7,2.38
S053_2,step,yaw,15361372.2,15361441.1,68.9,2.95
S053_2,step,roll,15361430.88,15361436.8,5.92,5.44
S053_2,step,yaw,15361441.1,15361480.2,39.1,2.48
S053_2,step,roll,15361445.8,15361451.3,5.5,7.41
S053_2,step,roll,15361451.83,15361466.4,14.57,3.87
S053_2,step,roll,15361466.4,15361472.7,6.3,3.71
S053_2,step,roll,15361472.7,15361481.6,8.9,4.99
S053_2,step,roll,15361493.7,15361499.3,5.6,3.24
S053_2,step,roll,15361510.9,15361516.8,5.9,3.01
S053_2,step,roll,15361523.6,15361532.6,9.0,6.55
S053_2,step,yaw,15361543.3,15361552.4,9.1,1.49
S053_2,step,yaw,15361553.5,15361559.3,5.8,1.52
S053_2,step,pitch,15361627.8,15361642.8,15.0,3.03
S053_2,step,pitch,15361700.2,15361705.5,5.3,2.52
S053_2,step,roll,15361714.1,15361720.5,6.4,2.89
S053_2,step,yaw,15361715.1,15361720.9,5.8,1.55
S053_2,step,roll,15361742.1,15361752.1,10.0,2.87
S053_2,step,pitch,15361853.6,15361876.2,22.6,2.98
S053_2,step,roll,15361866.9,15361872.7,5.8,2.22
S053_2,step,roll,15361912.7,15361917.9,5.2,1.36
S053_2,step,yaw,15361925.0,15361966.6,41.6,2.49
S053_2,step,roll,15361965.7,15361987.1,21.4,5.14
S053_2,step,yaw,15361966.8,15361983.9,17.1,1.48
S053_2,step,yaw,15362010.8,15362031.5,20.7,2.24
S053_2,step,yaw,15362031.5,15362038.4,6.9,1.82
S053_2,step,roll,15362043.6,15362049.3,5.7,2.05
S053_2,step,yaw,15362049.2,15362134.2,85.0,2.51
S053_2,step,yaw,15362134.2,15362151.1,16.9,2.29
S053_2,step,pitch,15362135.8,15362153.1,17.3,2.5
S053_2,step,roll,15362136.0,15362161.1,25.1,4.85
S053_2,step,yaw,15362152.8,15362159.9,7.1,1.01
S053_2,step,pitch,15362167.7,15362187.5,19.8,2.66
S053_2,step,roll,15362170.0,15362176.0,6.0,2.37
S053_2,step,roll,15362224.5,15362232.6,8.1,1.23
S053_2,step,roll,15362284.9,15362292.4,7.5,1.06
S053_2,step,roll,15362293.1,15362300.6,7.5,1.57
S053_2,step,yaw,15362316.7,15362335.9,19.2,1.39
S053_2,step,roll,15362325.3,15362340.1,14.8,1.41
S053_2,step,yaw,15362341.9,15362349.5,7.6,1.07
S053_2,step,roll,15362346.6,15362352.6,6.0,1.42
S053_2,step,roll,15362355.6,15362382.1,26.5,4.39
S053_2,step,roll,15362478.3,15362484.3,6.0,2.85
S053_2,step,roll,15362484.3,15362508.2,23.9,5.82
S053_2,step,roll,15362523.2,15362563.7,40.5,3.74
S053_2,step,roll,15362565.13,15362574.1,8.97,3.31
S053_2,step,yaw,15362586.1,15362595.0,8.9,0.99
S053_2,step,pitch,15362642.6,15362681.8,39.2,5.74
S053_2,step,roll,15362653.7,15362673.9,20.2,1.57
S053_2,step,roll,15362707.8,15362714.1,6.3,2.31
S053_2,step,roll,15362717.7,15362744.7,27.0,3.05
S053_2,step,roll,15362747.6,15362759.3,11.7,2.49
S053_2,step,roll,15362764.7,15362776.8,12.1,2.07
S053_2,step,roll,15362783.0,15362787.6,4.6,1.79
S053_2,step,roll,15362795.5,15362801.5,6.0,0.9
S053_2,step,roll,15362843.4,15362858.3,14.9,1.59
S053_2,step,pitch,15362969.6,15362976.3,6.7,2.05
S053_2,step,roll,15362978.7,15362983.3,4.6,2.51
S053_2,step,pitch,15362985.1,15362990.8,5.7,1.76
S053_2,step,pitch,15363027.5,15363073.2,45.7,10.56
S053_2,step,roll,15363055.6,15363061.9,6.3,5.17
S053_2,step,roll,15363064.9,15363077.5,12.6,4.08
S053_2,step,pitch,15363073.91,15363081.9,7.99,2.74
S053_2,step,pitch,15363082.89,15363088.8,5.91,2.58
S053_2,step,roll,15363088.8,15363103.8,15.0,3.38
S053_2,step,roll,15363106.3,15363120.4,14.1,2.27
S053_2,step,roll,15363124.4,15363132.4,8.0,2.15
S053_2,step,roll,15363133.76,15363153.8,20.04,1.55
S053_2,step,roll,15363154.7,15363171.8,17.1,2.19
S053_2,step,pitch,15363181.6,15363220.3,38.7,3.78
S053_2,step,roll,15363368.6,15363377.4,8.8,1.65
S053_2,step,roll,15363528.7,15363533.8,5.1,2.14
S053_2,step,roll,15363535.9,15363548.5,12.6,2.09
S053_2,step,roll,15363549.7,15363554.3,4.6,2.38
S053_2,step,roll,15363556.0,15363608.0,52.0,2.82
S053_2,step,yaw,15363569.3,15363587.8,18.5,1.19
S053_2,step,yaw,15363588.4,15363598.6,10.2,1.03
S053_2,step,yaw,15363606.0,15363621.7,15.7,1.03
S053_2,step,roll,15363610.2,15363626.9,16.7,2.56
S053_2,step,yaw,15363622.9,15363686.9,64.0,1.12
S053_2,step,roll,15363633.4,15363640.8,7.4,3.18
S053_2,step,roll,15363642.1,15363652.5,10.4,2.06
S053_2,step,roll,15363657.4,15363677.7,20.3,3.82
S053_2,step,roll,15363678.9,15363690.8,11.9,2.0
S053_2,step,roll,15363693.1,15363699.3,6.2,1.95
S053_2,step,yaw,15363699.2,15363705.5,6.3,0.94
S053_2,step,roll,15363702.3,15363711.2,8.9,1.89
S053_2,step,roll,15363713.8,15363737.8,24.0,1.78
S053_2,step,pitch,15363801.1,15363806.9,5.8,8.61
S053_2,step,yaw,15363819.5,15363855.0,35.5,11.99
S053_2,step,yaw,15363855.0,15363866.4,11.4,8.17
S053_2,step,yaw,15363866.98,15363874.3,7.32,7.1
S053_2,step,yaw,15363875.96,15363880.9,4.94,6.98
S053_2,step,yaw,15363881.95,15363905.7,23.75,7.64
S053_2,step,yaw,15363916.3,15363928.1,11.8,7.66
S053_2,step,yaw,15363943.8,15363951.6,7.8,3.38
S053_2,step,yaw,15363955.2,15363969.8,14.6,20.41
S053_2,step,yaw,15364007.2,15364013.6,6.4,4.37
S053_2,step,yaw,15364013.6,15364023.9,10.3,23.57
S053_2,step,yaw,15364028.4,15364062.4,34.0,27.72
S053_2,step,yaw,15364062.7,15364070.3,7.6,11.11
S053_2,step,roll,15364068.8,15364111.4,42.6,2.01
S053_2,step,yaw,15364070.3,15364110.8,40.5,2.21
S054_1,step,yaw,15420998.9,15421078.1,79.2,9.89
S054_1,step,yaw,15421085.5,15421104.2,18.7,11.64
S054_1,step,yaw,15421104.2,15421138.9,34.7,14.97
S054_1,step,roll,15421137.1,15421172.5,35.4,12.1
S054_1,step,yaw,15421155.8,15421169.8,14.0,3.88
S054_1,step,pitch,15421159.88,15421192.7,32.82,6.1
S054_1,step,roll,15421173.6,15421185.1,11.5,3.22
S054_1,step,roll,15421185.1,15421190.2,5.1,3.69
S054_1,step,yaw,15421185.1,15421195.2,10.1,1.2
S054_1,step,roll,15421190.2,15421207.1,16.9,4.41
S054_1,step,roll,15421209.7,15421253.4,43.7,6.36
S054_1,step,yaw,15421212.0,15421219.1,7.1,1.0
S054_1,step,yaw,15421227.5,15421245.8,18.3,0.98
S054_1,step,roll,15421255.2,15421301.4,46.2,2.99
S054_1,step,roll,15421311.5,15421355.6,44.1,3.04
S054_1,step,roll,15421522.5,15421545.6,23.1,1.76
S054_1,step,roll,15421549.1,15421564.3,15.2,1.5
S054_1,step,roll,15421566.8,15421571.9,5.1,1.72
S054_1,step,roll,15421576.9,15421599.0,22.1,1.8
S054_1,step,yaw,15421789.2,15421844.9,55.7,2.05
S054_1,step,roll,15421789.3,15421796.9,7.6,1.75
S054_1,step,roll,15421814.6,15421819.6,5.0,1.24
S054_1,step,roll,15421844.9,15421850.0,5.1,2.98
S054_1,step,roll,15421850.0,15421862.6,12.6,3.54
S054_1,step,yaw,15421850.0,15421913.1,63.1,2.16
S054_1,step,roll,15421872.7,15421877.8,5.1,3.57
S054_1,step,roll,15421877.8,15421887.9,10.1,2.65
S054_1,step,roll,15421913.2,15421918.2,5.0,2.91
S054_1,step,roll,15421920.7,15421948.5,27.8,3.65
S054_1,step,roll,15421956.1,15421963.7,7.6,3.52
S054_1,step,roll,15421978.6,15421986.5,7.9,2.42
S054_1,step,pitch,15422026.7,15422044.6,17.9,1.75
S054_1,step,roll,15422054.7,15422059.2,4.5,1.75
S054_1,step,roll,15422067.4,15422072.4,5.0,1.08
S054_1,step,roll,15422128.0,15422133.1,5.1,1.45
S054_1,step,roll,15422135.6,15422150.0,14.4,2.54
S054_1,step,roll,15422160.9,15422168.5,7.6,2.8
S054_1,step,pitch,15422177.0,15422182.9,5.9,1.65
S054_1,step,roll,15422196.3,15422201.3,5.0,1.42
S054_1,step,roll,15422203.9,15422243.9,40.0,2.64
S054_1,step,roll,15422246.9,15422256.7,9.8,2.85
S054_1,step,pitch,15422281.1,15422288.7,7.6,1.64
S054_1,step,roll,15422294.9,15422304.9,10.0,2.91
S054_1,step,yaw,15422317.3,15422337.9,20.6,1.01
S054_1,step,roll,15422337.8,15422345.4,7.6,1.61
S054_1,step,pitch,15422340.1,15422354.7,14.6,1.98
S054_1,step,roll,15422345.4,15422357.6,12.2,2.65
S054_1,step,roll,15422388.4,15422393.5,5.1,0.93
S054_1,step,roll,15422396.0,15422418.8,22.8,2.55
S054_1,step,roll,15422431.4,15422444.0,12.6,0.93
S054_1,step,roll,15422454.2,15422482.0,27.8,2.61
S054_1,step,roll,15422502.2,15422506.2,4.0,0.87
S054_1,step,roll,15422517.2,15422527.0,9.8,1.1
S054_1,step,roll,15422531.4,15422557.8,26.4,2.49
S054_1,step,roll,15422562.8,15422569.6,6.8,2.51
S054_1,step,roll,15422613.4,15422623.4,10.0,0.97
S054_1,step,roll,15422630.9,15422635.6,4.7,0.93
S054_1,step,roll,15422648.5,15422653.6,5.1,0.86
S054_1,step,roll,15422666.5,15422671.3,4.8,2.49
S054_1,step,roll,15422689.2,15422709.5,20.3,1.46
S054_1,step,roll,15422717.1,15422737.3,20.2,2.64
S054_1,step,roll,15422745.6,15422752.1,6.5,0.95
S054_1,step,roll,15422755.0,15422790.4,35.4,3.15
S054_1,step,yaw,15422762.5,15422766.8,4.3,0.89
S054_1,step,yaw,15422808.1,15422815.5,7.4,1.21
S054_1,step,roll,15422815.71,15422873.8,58.09,2.94
S054_1,step,yaw,15422829.1,15422835.9,6.8,0.94
S054_1,step,roll,15422997.7,15423010.3,12.6,1.45
S054_1,step,roll,15423012.8,15423045.7,32.9,3.4
S054_1,step,roll,15423053.3,15423063.4,10.1,1.37
S054_1,step,roll,15423068.5,15423124.1,55.6,3.38
S054_1,step,yaw,15423124.1,15423199.7,75.6,1.84
S054_1,step,roll,15423131.7,15423139.2,7.5,1.33
S054_1,step,roll,15423146.8,15423215.1,68.3,3.2
S054_1,step,roll,15423217.6,15423224.8,7.2,0.98
S054_1,step,yaw,15423250.5,15423273.2,22.7,1.23
S054_1,step,yaw,15423275.7,15423318.1,42.4,2.09
S054_1,step,roll,15423278.3,15423283.3,5.0,1.79
S054_1,step,roll,15423295.9,15423301.0,5.1,1.44
S054_1,step,roll,15423316.2,15423321.2,5.0,3.63
S054_1,step,yaw,15423321.2,15423351.5,30.3,1.86
S054_1,step,roll,15423323.8,15423331.4,7.6,3.86
S054_1,step,roll,15423344.0,15423351.6,7.6,3.86
S054_1,step,roll,15423351.6,15423359.2,7.6,3.25
S054_1,step,yaw,15423354.0,15423379.4,25.4,1.3
S054_1,step,roll,15423379.4,15423384.4,5.0,3.6
S054_1,step,roll,15423387.0,15423408.4,21.4,4.17
S054_1,step,yaw,15423407.2,15423493.1,85.9,2.42
S054_1,step,roll,15423427.4,15423435.0,7.6,3.99
S054_1,step,roll,15423445.1,15423455.2,10.1,3.24
S054_1,step,roll,15423490.6,15423498.2,7.6,3.18
S054_1,step,roll,15423510.8,15423540.7,29.9,3.06
S054_1,step,yaw,15423531.0,15423536.1,5.1,0.92
S054_1,step,roll,15423543.7,15423562.3,18.6,3.71
S054_1,step,roll,15423563.99,15423596.7,32.71,1.15
S054_1,step,yaw,15423589.2,15423627.5,38.3,1.6
S054_1,step,roll,15423604.2,15423609.4,5.2,0.81
S054_1,step,roll,15423629.7,15423637.2,7.5,1.96
S054_1,step,yaw,15423629.7,15423680.2,50.5,2.51
S054_1,step,roll,15423677.7,15423682.7,5.0,2.95
S054_1,step,roll,15423682.7,15423702.0,19.3,4.42
S054_1,step,yaw,15423682.7,15423748.5,65.8,2.14
S054_1,step,roll,15423713.1,15423718.1,5.0,3.98
S054_1,step,roll,15423718.1,15423725.7,7.6,2.94
S054_1,step,roll,15423748.5,15423753.5,5.0,2.95
S054_1,step,roll,15423753.5,15423796.5,43.0,5.1
S054_1,step,roll,15423806.6,15423814.2,7.6,3.07
S054_1,step,roll,15423859.6,15423863.6,4.0,0.94
S054_1,step,roll,15423871.9,15423887.5,15.6,1.25
S054_1,step,roll,15423900.2,15423973.2,73.0,1.46
S054_1,step,yaw,15423958.3,15424039.0,80.7,1.88
S054_1,step,roll,15423976.0,15423988.6,12.6,1.11
S054_1,step,roll,15424024.0,15424029.1,5.1,1.04
S054_1,step,roll,15424061.9,15424102.4,40.5,1.12
S054_1,step,yaw,15424101.3,15424177.3,76.0,2.07
S054_1,step,roll,15424107.5,15424115.0,7.5,0.96
S054_1,step,pitch,15424120.1,15424127.7,7.6,2.46
S054_1,step,roll,15424226.3,15424233.8,7.5,1.37
S054_1,step,yaw,15424226.3,15424263.1,36.8,1.49
S054_1,step,roll,15424243.4,15424249.0,5.6,0.95
S054_1,step,pitch,15424261.7,15424268.2,6.5,1.76
S054_1,step,roll,15424279.3,15424286.9,7.6,1.05
S054_1,step,pitch,15424286.9,15424300.6,13.7,1.74
S054_1,step,pitch,15424301.9,15424306.6,4.7,1.6
S054_1,step,yaw,15424309.4,15424382.8,73.4,1.5
S054_1,step,pitch,15424309.7,15424332.0,22.3,3.95
S054_1,step,roll,15424309.7,15424379.6,69.9,6.25
S054_1,step,pitch,15424332.49,15424343.9,11.41,2.91
S054_1,step,pitch,15424345.1,15424357.6,12.5,2.84
S054_1,step,roll,15424380.5,15424388.0,7.5,2.37
S054_1,step,pitch,15424388.0,15424413.0,25.0,1.7
S054_1,step,yaw,15424446.0,15424473.4,27.4,1.36
S054_1,step,roll,15424504.3,15424509.0,4.7,0.83
S054_1,step,roll,15424511.9,15424523.3,11.4,1.21
S054_1,step,roll,15424524.8,15424529.1,4.3,0.87
S054_1,step,roll,15424531.6,15424564.2,32.6,1.01
S054_1,step,roll,15424565.07,15424592.8,27.73,1.03
S054_1,step,roll,15424595.3,15424624.0,28.7,1.17
S054_1,step,yaw,15425100.8,15425111.1,10.3,1.13
S054_1,step,roll,15425164.2,15425188.0,23.8,1.4
S054_1,step,yaw,15425209.2,15425234.6,25.4,1.16
S054_1,step,roll,15425260.2,15425338.6,78.4,1.57
S054_1,step,yaw,15425331.0,15425348.9,17.9,1.37
S054_1,step,roll,15425350.6,15425405.8,55.2,5.75
S054_1,step,roll,15425556.0,15425570.1,14.1,4.18
S054_1,step,roll,15425576.2,15425583.5,7.3,4.71
S054_1,step,roll,15425590.7,15425599.6,8.9,3.51
S054_1,step,yaw,15425765.0,15425811.2,46.2,27.35
S054_1,step,yaw,15425811.2,15425815.6,4.4,6.98
S054_1,step,yaw,15425825.0,15425831.5,6.5,4.17
S054_1,step,yaw,15425940.2,15425980.7,40.5,24.25
S054_1,step,yaw,15425990.8,15426052.9,62.1,8.88
S054_2,step,roll,15427115.8,15427158.4,42.6,2.05
S054_2,step,yaw,15427303.9,15427320.9,17.0,12.53
S054_2,step,yaw,15427322.1,15427325.4,3.3,7.32
S054_2,step,yaw,15427339.2,15427342.4,3.2,3.28
S054_2,step,yaw,15427344.4,15427349.4,5.0,4.64
S054_2,step,yaw,15427361.4,15427369.2,7.8,3.82
S054_2,step,yaw,15427375.6,15427381.8,6.2,4.38
S054_2,step,yaw,15427387.3,15427404.5,17.2,18.75
S054_2,step,yaw,15427404.5,15427412.1,7.6,10.73
S054_2,step,yaw,15427420.2,15427424.8,4.6,3.02
S054_2,step,yaw,15427425.1,15427428.7,3.6,2.42
S054_2,step,yaw,15427433.2,15427437.5,4.3,1.43
S054_2,step,yaw,15427438.1,15427443.7,5.6,1.8
S054_2,step,yaw,15427445.0,15427448.2,3.2,2.71
S054_2,step,yaw,15427449.0,15427464.7,15.7,11.02
S054_2,step,yaw,15427469.9,15427474.8,4.9,7.06
S054_2,step,yaw,15427475.16,15427478.9,3.74,5.52
S054_2,step,yaw,15427481.5,15427489.8,8.3,8.75
S054_2,step,yaw,15427490.8,15427498.4,7.6,8.29
S054_2,step,yaw,15427499.9,15427519.5,19.6,7.98
S054_2,step,roll,15427502.2,15427578.4,76.2,16.56
S054_2,step,yaw,15427519.5,15427537.8,18.3,10.75
S054_2,step,yaw,15427540.1,15427552.1,12.0,7.21
S054_2,doublet,yaw,15427553.4,15427558.8,5.4,6.2|11.18
S054_2,step,yaw,15427562.7,15427606.3,43.6,9.08
S054_2,step,pitch,15427577.11,15427611.0,33.89,6.03
S054_2,step,roll,15427578.4,15427583.6,5.2,3.84
S054_2,step,roll,15427587.0,15427593.1,6.1,2.9
S054_2,step,roll,15427594.11,15427611.8,17.69,3.68
S054_2,step,yaw,15427608.3,15427622.7,14.4,1.09
S054_2,step,roll,15427612.9,15427615.9,3.0,2.83
S054_2,step,roll,15427638.55,15427644.0,5.45,3.06
S054_2,step,roll,15427645.0,15427649.4,4.4,2.33
S054_2,step,roll,15427656.8,15427720.5,63.7,2.96
S054_2,step,roll,15427720.89,15427728.2,7.31,2.26
S054_2,step,roll,15427728.9,15427790.8,61.9,2.01
S054_2,step,pitch,15427779.7,15427783.6,3.9,2.02
S054_2,step,pitch,15427794.9,15427805.3,10.4,2.11
S054_2,step,roll,15427804.5,15427811.7,7.2,0.93
S054_2,step,roll,15427815.0,15427821.5,6.5,1.23
S054_2,step,pitch,15427815.9,15427825.1,9.2,1.84
S054_2,step,pitch,15427826.1,15427831.6,5.5,1.78
S054_2,step,roll,15427826.7,15427847.4,20.7,2.9
S054_2,step,roll,15427854.2,15427865.9,11.7,1.13
S054_2,step,roll,15427875.1,15427947.0,71.9,1.86
S054_2,step,roll,15427962.7,15427982.3,19.6,1.28
S054_2,step,roll,15427983.6,15427988.8,5.2,2.43
S054_2,step,roll,15427988.8,15428017.6,28.8,3.97
S054_2,step,roll,15428018.9,15428024.1,5.2,2.27
S054_2,step,roll,15428030.6,15428056.8,26.2,1.54
S054_2,step,roll,15428082.9,15428090.8,7.9,0.93
S054_2,step,roll,15428096.0,15428139.1,43.1,2.14
S054_2,step,yaw,15428112.6,15428196.6,84.0,1.8
S054_2,step,roll,15428147.0,15428173.1,26.1,1.53
S054_2,step,pitch,15428157.4,15428164.0,6.6,1.63
S054_2,step,pitch,15428195.0,15428231.6,36.6,1.79
S054_2,step,roll,15428212.3,15428263.3,51.0,1.3
S054_2,step,pitch,15428233.2,15428269.9,36.7,1.73
S054_2,step,roll,15428271.2,15428293.6,22.4,2.71
S054_2,step,pitch,15428273.7,15428288.2,14.5,1.7
S054_2,step,pitch,15428296.3,15428305.8,9.5,1.8
S054_2,step,roll,15428298.6,15428344.4,45.8,3.22
S054_2,step,pitch,15428306.4,15428337.4,31.0,3.28
S054_2,step,pitch,15428337.87,15428390.0,52.13,4.62
S054_2,step,roll,15428347.0,15428350.7,3.7,1.43
S054_2,doublet,roll,15428353.5,15428362.7,6.6,1.13|1.17
S054_2,step,roll,15428364.0,15428373.1,9.1,2.01
S054_2,step,roll,15428378.3,15428384.9,6.6,3.36
S054_2,step,roll,15428390.1,15428412.9,22.8,1.24
S054_2,step,roll,15428414.9,15428460.7,45.8,1.1
S054_2,step,yaw,15428463.2,15428467.2,4.0,0.97
S054_2,step,roll,15428468.5,15428497.3,28.8,2.81
S054_2,step,pitch,15428495.9,15428540.4,44.5,1.86
S054_2,step,roll,15428514.3,15428561.4,47.1,1.31
S054_2,step,roll,15428564.0,15428569.2,5.2,0.92
S054_2,step,roll,15428577.0,15428581.0,4.0,0.88
S054_2,step,roll,15428582.3,15428602.6,20.3,1.0
S054_2,step,yaw,15428617.4,15428659.3,41.9,1.37
S054_2,step,roll,15428719.5,15428760.0,40.5,1.03
S054_2,doublet,roll,15428761.3,15428771.8,7.9,1.05|3.36
S054_2,step,pitch,15428770.5,15428789.7,19.2,1.94
S054_2,step,roll,15428774.4,15428779.6,5.2,2.3
S054_2,step,roll,15428792.7,15428844.3,51.6,2.45
S054_2,step,roll,15428845.0,15428851.5,6.5,3.6
S054_2,step,roll,15428868.5,15428876.4,7.9,1.08
S054_2,step,roll,15428879.0,15428885.5,6.5,1.1
S054_2,step,roll,15428903.8,15428907.7,3.9,1.4
S054_2,step,roll,15429006.8,15429010.8,4.0,1.68
S054_2,step,roll,15429011.06,15429016.2,5.14,1.11
S054_2,step,roll,15429038.2,15429044.2,6.0,3.19
S054_2,step,roll,15429054.1,15429058.1,4.0,1.55
S054_2,step,roll,15429060.7,15429072.0,11.3,1.93
S054_2,step,roll,15429075.1,15429086.7,11.6,1.73
S054_2,step,roll,15429113.0,15429116.3,3.3,2.06
S054_2,step,roll,15429133.6,15429137.8,4.2,1.96
S054_2,step,roll,15429149.6,15429153.5,3.9,2.12
S054_2,step,roll,15429154.8,15429162.8,8.0,1.06
S054_2,step,roll,15429167.9,15429188.6,20.7,4.44
S054_2,step,roll,15429195.3,15429198.8,3.5,1.31
S054_2,step,roll,15429203.2,15429208.4,5.2,2.64
S054_2,doublet,roll,15429211.0,15429217.5,5.3,1.01|3.7
S054_2,step,roll,15429217.5,15429227.6,10.1,2.31
S054_2,step,roll,15429230.5,15429238.5,8.0,3.34
S054_2,step,roll,15429242.4,15429257.8,15.4,2.66
S054_2,step,pitch,15429259.1,15429299.5,40.4,3.05
S054_2,step,roll,15429286.2,15429290.7,4.5,2.46
S054_2,step,yaw,15429307.4,15429326.8,19.4,2.48
S054_2,step,roll,15429309.0,15429328.6,19.6,4.04
S054_2,doublet,roll,15429328.6,15429336.5,7.9,3.7|2.83
S054_2,step,yaw,15429328.6,15429332.6,4.0,1.3
S054_2,step,roll,15429337.8,15429360.0,22.2,5.71
S054_2,step,yaw,15429350.8,15429355.8,5.0,2.14
S054_2,step,roll,15429365.2,15429369.0,3.8,2.72
S054_2,step,yaw,15429370.5,15429416.2,45.7,2.97
S054_2,step,roll,15429371.8,15429388.8,17.0,2.98
S054_2,step,roll,15429404.5,15429419.6,15.1,6.61
S054_2,step,yaw,15429426.5,15429435.0,8.5,4.91
S054_2,step,roll,15429433.1,15429443.7,10.6,4.22
S054_2,step,roll,15429445.0,15429448.1,3.1,0.97
S054_2,step,roll,15429448.9,15429455.3,6.4,1.27
S054_2,step,yaw,15429505.1,15429515.6,10.5,6.5
S054_2,step,yaw,15429523.4,15429527.3,3.9,1.59
S054_2,step,roll,15429528.5,15429536.4,7.9,0.84
S054_2,step,yaw,15429544.3,15429570.5,26.2,5.32
S054_2,step,yaw,15429570.5,15429595.1,24.6,19.59
S054_2,step,yaw,15429601.4,15429605.8,4.4,3.35
S054_2,step,yaw,15429607.1,15429614.9,7.8,14.66
S054_2,step,yaw,15429621.5,15429634.3,12.8,7.8
S054_2,step,yaw,15429639.8,15429652.8,13.0,7.36
S054_2,step,yaw,15429652.8,15429660.7,7.9,17.57
S054_2,step,yaw,15429660.7,15429677.7,17.0,19.75
S054_2,step,yaw,15429678.6,15429701.2,22.6,27.96
S055_1,step,pitch,15876124.5,15876146.2,21.7,19.96
S055_1,step,yaw,15876124.6,15876168.2,43.6,1.15
S055_1,step,pitch,15876152.93,15876159.4,6.47,13.55
S055_1,step,roll,15876158.9,15876194.4,35.5,19.5
S055_1,step,yaw,15876168.9,15876257.3,88.4,1.23
S055_1,step,pitch,15876179.2,15876191.2,12.0,12.57
S055_1,step,yaw,15876258.2,15876270.4,12.2,1.14
S055_1,step,yaw,15876272.3,15876331.1,58.8,1.33
S055_1,step,yaw,15876339.7,15876347.1,7.4,17.85
S055_1,step,yaw,15876347.6,15876352.1,4.5,7.47
S055_1,step,yaw,15876363.6,15876368.4,4.8,16.25
S055_1,step,yaw,15876380.3,15876391.5,11.2,27.34
S055_1,step,yaw,15876427.5,15876437.9,10.4,25.39
S055_1,step,yaw,15876437.9,15876449.3,11.4,25.41
S055_1,step,yaw,15876464.5,15876468.6,4.1,3.61
S055_1,step,yaw,15876480.9,15876488.2,7.3,25.85
S055_1,step,yaw,15876495.5,15876499.3,3.8,1.7
S055_1,step,yaw,15876500.2,15876503.8,3.6,6.8
S055_1,step,yaw,15876528.9,15876533.7,4.8,4.04
S055_1,step,yaw,15876605.5,15876612.7,7.2,15.45
S055_1,step,yaw,15876612.7,15876622.3,9.6,22.9
S055_1,step,yaw,15876663.0,15876667.5,4.5,4.59
S055_1,step,yaw,15876679.8,15876684.0,4.2,3.05
S055_1,step,yaw,15876684.5,15876688.8,4.3,8.92
S055_1,step,yaw,15876701.1,15876717.7,16.6,14.03
S055_1,step,yaw,15876832.2,15876879.9,47.7,24.56
S055_1,step,yaw,15876882.2,15876888.0,5.8,8.43
S055_1,step,yaw,15876888.0,15876902.5,14.5,2.5
S055_1,step,yaw,15876902.5,15876907.3,4.8,7.92
S055_1,step,yaw,15877197.9,15877209.0,11.1,27.19
S055_1,step,yaw,15877210.6,15877216.2,5.6,8.69
S055_1,step,yaw,15877225.87,15877255.7,29.83,22.94
S055_1,step,yaw,15877271.1,15877290.3,19.2,3.95
S055_1,step,roll,15877301.1,15877311.1,10.0,3.39
S055_1,step,yaw,15877304.6,15877309.3,4.7,2.76
S055_1,step,pitch,15877306.9,15877336.0,29.1,7.89
S055_1,step,roll,15877318.1,15877327.9,9.8,3.1
S055_1,step,roll,15877328.84,15877333.3,4.46,3.12
S055_1,step,roll,15877349.4,15877362.3,12.9,3.21
S055_1,step,roll,15877364.77,15877375.4,10.63,3.16
S055_1,step,pitch,15877366.7,15877371.7,5.0,2.09
S055_1,step,roll,15877380.3,15877383.9,3.6,1.02
S055_1,step,roll,15877393.5,15877397.7,4.2,1.43
S055_1,step,roll,15877403.0,15877408.5,5.5,2.2
S055_1,step,roll,15877415.9,15877422.7,6.8,1.05
S055_1,step,roll,15877423.6,15877435.5,11.9,2.29
S055_1,step,roll,15877442.8,15877447.4,4.6,1.17
S055_1,step,roll,15877452.1,15877462.8,10.7,1.9
S055_1,step,roll,15877464.1,15877469.2,5.1,1.44
S055_1,step,roll,15877471.3,15877482.8,11.5,1.46
S055_1,step,roll,15877484.5,15877491.8,7.3,2.64
S055_1,step,roll,15877492.9,15877499.4,6.5,2.12
S055_1,step,roll,15877501.29,15877575.0,73.71,2.06
S055_1,step,roll,15877576.7,15877585.1,8.4,3.21
S055_1,step,roll,15877588.6,15877608.3,19.7,1.81
S055_1,step,pitch,15877606.6,15877613.0,6.4,2.1
S055_1,step,roll,15877609.0,15877615.6,6.6,1.13
S055_1,step,roll,15877622.2,15877631.5,9.3,1.29
S055_1,step,roll,15877634.0,15877640.1,6.1,4.76
S055_1,step,roll,15877655.7,15877659.3,3.6,1.82
S055_1,step,roll,15877660.4,15877670.6,10.2,1.43
S055_1,step,yaw,15877678.5,15877688.0,9.5,1.02
S055_1,step,roll,15877690.4,15877697.6,7.2,1.69
S055_1,step,yaw,15877690.4,15877757.5,67.1,1.95
S055_1,step,roll,15877756.3,15877762.3,6.0,3.01
S055_1,step,roll,15877762.3,15877773.1,10.8,3.48
S055_1,step,roll,15877786.2,15877793.4,7.2,3.74
S055_1,step,roll,15877793.4,15877800.6,7.2,2.63
S055_1,step,roll,15877822.1,15877829.3,7.2,3.65
S055_1,step,roll,15877832.9,15877841.3,8.4,2.34
S055_1,doublet,roll,15877876.0,15877884.4,7.2,3.34|1.38
S055_1,doublet,roll,15877896.4,15877907.2,9.6,2.7|1.95
S055_1,step,yaw,15877901.1,15877965.8,64.7,1.81
S055_1,step,roll,15877938.3,15877946.7,8.4,3.79
S055_1,step,roll,15877946.7,15877953.9,7.2,3.4
S055_1,step,roll,15877963.5,15877969.4,5.9,3.06
S055_1,step,roll,15877970.6,15877982.6,12.0,4.28
S055_1,doublet,roll,15878031.7,15878040.1,8.4,3.72|1.82
S055_1,step,roll,15878056.9,15878065.2,8.3,2.59
S055_1,step,roll,15878094.0,15878101.2,7.2,3.63
S055_1,step,roll,15878102.4,15878109.5,7.1,3.55
S055_1,doublet,roll,15878125.1,15878135.9,10.8,3.04|3.99
S055_1,step,roll,15878153.9,15878159.8,5.9,2.85
S055_1,step,roll,15878161.0,15878169.7,8.7,4.54
S055_1,step,roll,15878174.2,15878177.8,3.6,0.94
S055_1,step,roll,15878244.9,15878254.5,9.6,0.98
S055_1,step,roll,15878261.6,15878285.6,24.0,1.0
S055_1,step,roll,15878295.6,15878307.0,11.4,0.91
S055_1,step,roll,15878316.8,15878320.5,3.7,0.86
S055_1,step,roll,15878373.0,15878376.6,3.6,0.85
S055_1,step,roll,15878393.3,15878396.9,3.6,0.87
S055_1,step,roll,15878412.5,15878417.3,4.8,0.99
S055_1,step,roll,15878420.9,15878424.5,3.6,0.94
S055_1,step,roll,15878436.4,15878444.8,8.4,4.06
S055_1,step,roll,15878477.2,15878483.1,5.9,2.41
S055_1,step,roll,15878507.1,15878511.9,4.8,1.1
S055_1,step,roll,15878547.8,15878552.6,4.8,2.81
S055_1,step,roll,15878553.8,15878577.8,24.0,4.12
S055_1,step,roll,15878579.5,15878585.0,5.5,1.74
S055_1,step,roll,15878616.1,15878620.9,4.8,1.17
S055_1,step,pitch,15878647.1,15878670.0,22.9,1.73
S055_1,step,roll,15878668.8,15878683.1,14.3,1.09
S055_1,step,roll,15878687.9,15878696.3,8.4,1.75
S055_1,step,roll,15878699.9,15878708.33,8.43,1.52
S055_1,step,roll,15878772.9,15878783.7,10.8,1.47
S055_1,step,roll,15878789.8,15878797.1,7.3,1.21
S055_1,step,roll,15878799.0,15878804.1,5.1,1.32
S055_1,step,roll,15878830.4,15878840.4,10.0,1.62
S055_1,step,roll,15878846.0,15878856.4,10.4,1.08
S055_1,step,roll,15878858.0,15878865.7,7.7,1.05
S055_1,step,roll,15878866.4,15878881.2,14.8,1.11
S055_1,step,roll,15878881.9,15878906.0,24.1,1.52
S055_1,step,roll,15878914.3,15878942.8,28.5,3.02
S055_1,step,pitch,15878942.7,15878980.8,38.1,2.14
S055_1,step,roll,15878958.4,15878971.7,13.3,1.04
S055_1,step,roll,15878979.9,15878996.0,16.1,1.62
S055_1,step,roll,15878996.9,15879005.3,8.4,1.26
S055_1,step,roll,15879018.2,15879026.3,8.1,1.35
S055_1,step,yaw,15879018.6,15879045.2,26.6,1.33
S055_1,step,roll,15879060.6,15879073.0,12.4,1.59
S055_1,step,roll,15879075.9,15879080.4,4.5,1.42
S055_1,step,roll,15879087.9,15879093.9,6.0,1.06
S055_1,step,roll,15879095.1,15879117.8,22.7,1.39
S055_1,step,roll,15879119.0,15879126.0,7.0,1.32
S055_1,step,roll,15879132.2,15879172.9,40.7,3.03
S055_1,step,roll,15879192.1,15879204.0,11.9,1.07
S055_1,step,roll,15879207.69,15879217.0,9.31,0.97
S055_1,step,roll,15879236.4,15879254.6,18.2,1.24
S055_1,step,roll,15879255.5,15879259.9,4.4,1.04
S055_1,step,roll,15879261.5,15879286.7,25.2,1.2
S055_1,step,roll,15879296.2,15879323.8,27.6,3.17
S055_1,step,roll,15879337.0,15879408.8,71.8,1.2
S055_1,step,pitch,15879372.8,15879378.5,5.7,1.57
S055_1,step,roll,15879412.4,15879424.4,12.0,0.94
S055_1,step,roll,15879522.6,15879565.7,43.1,1.17
S055_1,step,pitch,15879562.6,15879584.8,22.2,1.84
S055_1,step,roll,15879578.9,15879585.7,6.8,1.02
S055_1,step,roll,15879587.2,15879608.5,21.3,1.24
S055_1,step,yaw,15879608.2,15879626.7,18.5,0.99
S055_1,step,roll,15879612.5,15879619.6,7.1,0.91
S055_1,step,roll,15879624.4,15879645.3,20.9,0.98
S055_1,step,pitch,15879644.4,15879651.8,7.4,1.57
S055_1,step,yaw,15879647.2,15879652.6,5.4,0.92
S055_1,step,roll,15879648.3,15879660.33,12.03,3.03
S055_1,step,yaw,15879654.3,15879678.2,23.9,1.38
S055_1,step,pitch,15879668.7,15879673.8,5.1,1.69
S055_1,step,pitch,15879678.1,15879683.0,4.9,1.68
S055_1,step,roll,15879678.2,15879683.0,4.8,1.67
S055_1,step,roll,15879685.4,15879718.3,32.9,2.67
S055_1,step,pitch,15879690.1,15879710.3,20.2,1.62
S055_1,step,pitch,15879713.3,15879728.4,15.1,1.63
S055_1,step,yaw,15879742.2,15879814.7,72.5,1.71
S055_1,step,pitch,15880188.4,15880236.3,47.9,2.17
S055_1,step,pitch,15880238.7,15880262.6,23.9,2.01
S055_1,step,pitch,15880264.8,15880286.6,21.8,2.12
S055_1,step,pitch,15880296.0,15880324.8,28.8,2.24
S055_1,step,yaw,15880320.1,15880324.9,4.8,1.31
S055_1,step,pitch,15880333.9,15880406.3,72.4,2.81
S055_1,step,pitch,15880425.5,15880449.4,23.9,1.75
S055_1,step,pitch,15880474.7,15880499.7,25.0,1.91
S055_1,step,pitch,15880501.6,15880513.1,11.5,2.04
S055_1,step,pitch,15880518.5,15880523.1,4.6,1.76
S055_1,step,pitch,15880524.0,15880529.5,5.5,1.74
S055_1,step,pitch,15880566.2,15880573.7,7.5,2.57
S055_1,step,pitch,15880576.3,15880600.2,23.9,1.96
S055_1,step,pitch,15880611.5,15880621.3,9.8,1.98
S055_1,step,pitch,15880622.0,15880628.5,6.5,1.76
S055_1,step,pitch,15880746.4,15880751.8,5.4,9.04
S055_1,step,yaw,15880754.8,15880760.2,5.4,3.98
S055_1,step,yaw,15880779.3,15880789.5,10.2,13.32
S055_1,step,yaw,15880798.2,15880837.4,39.2,10.52
S055_1,step,yaw,15880839.6,15880851.7,12.1,14.99
S055_1,step,yaw,15880853.9,15880863.7,9.8,15.94
S055_1,step,yaw,15880863.7,15880871.9,8.2,15.1
S055_1,step,yaw,15880878.1,15880889.0,10.9,22.66
S055_1,step,yaw,15880890.13,15880896.6,6.47,9.91
S055_2,step,yaw,15882781.4,15882801.2,19.8,22.79
S055_2,step,yaw,15882801.2,15882814.8,13.6,24.7
S055_2,step,yaw,15882860.7,15882864.5,3.8,5.16
S055_2,step,yaw,15882866.3,15882869.7,3.4,4.83
S055_2,step,yaw,15882898.39,15882902.0,3.61,8.78
S055_2,doublet,yaw,15882902.35,15882918.2,11.95,6.75|8.59
S055_2,step,yaw,15882918.2,15882930.9,12.7,22.06
S055_2,step,yaw,15882931.9,15882936.0,4.1,9.89
S055_2,step,yaw,15882940.02,15882946.9,6.88,11.9
S055_2,step,yaw,15882950.6,15882955.0,4.4,9.62
S055_2,step,yaw,15882957.7,15882969.7,12.0,9.12
S055_2,step,yaw,15882971.3,15882974.5,3.2,10.55
S055_2,step,yaw,15882981.2,15882985.5,4.3,3.82
S055_2,step,yaw,15882992.0,15883012.7,20.7,11.86
S055_2,step,yaw,15883134.3,15883150.2,15.9,17.31
S055_2,step,yaw,15883152.19,15883160.1,7.91,4.34
S055_2,step,yaw,15883164.0,15883169.2,5.2,16.33
S055_2,step,roll,15883171.8,15883233.4,61.6,10.67
S055_2,step,yaw,15883216.4,15883220.3,3.9,4.44
S055_2,step,pitch,15883227.5,15883257.0,29.5,7.21
S055_2,step,yaw,15883233.4,15883236.6,3.2,2.28
S055_2,step,roll,15883241.4,15883245.3,3.9,2.66
S055_2,step,roll,15883247.3,15883269.8,22.5,4.78
S055_2,step,roll,15883271.1,15883281.0,9.9,2.62
S055_2,step,roll,15883283.0,15883302.7,19.7,2.16
S055_2,step,pitch,15883304.3,15883313.5,9.2,2.11
S055_2,step,roll,15883310.7,15883320.6,9.9,2.12
S055_2,step,pitch,15883314.77,15883372.0,57.23,2.43
S055_2,step,roll,15883325.5,15883334.4,8.9,1.98
S055_2,step,roll,15883475.3,15883484.8,9.5,1.29
S055_2,step,roll,15883487.2,15883499.1,11.9,1.56
S055_2,step,roll,15883574.5,15883580.4,5.9,3.69
S055_2,step,roll,15883580.4,15883588.4,8.0,3.47
S055_2,step,roll,15883600.2,15883606.2,6.0,3.44
S055_2,step,roll,15883606.2,15883615.5,9.3,3.2
S055_2,step,roll,15883639.9,15883645.3,5.4,1.67
S055_2,step,roll,15883707.3,15883710.4,3.1,2.24
S055_2,step,roll,15883727.2,15883732.7,5.5,3.8
S055_2,step,roll,15883745.0,15883754.9,9.9,3.16
S055_2,step,roll,15883776.6,15883784.7,8.1,1.88
S055_2,step,roll,15883794.6,15883798.5,3.9,1.95
S055_2,step,roll,15883832.3,15883836.2,3.9,0.85
S055_2,step,roll,15883959.1,15883971.0,11.9,1.85
S055_2,step,roll,15884038.5,15884050.4,11.9,1.24
S055_2,step,roll,15884063.7,15884118.2,54.5,1.48
S055_2,step,roll,15884119.0,15884143.5,24.5,1.28
S055_2,step,roll,15884149.5,15884177.3,27.8,2.82
S055_2,step,roll,15884187.2,15884202.7,15.5,1.3
S055_2,step,roll,15884391.4,15884416.8,25.4,1.26
S055_2,step,roll,15884418.6,15884488.4,69.8,2.69
S055_2,step,yaw,15884480.6,15884493.2,12.6,1.19
S055_2,step,yaw,15884591.71,15884650.8,59.09,1.38
S055_2,step,yaw,15884657.0,15884722.4,65.4,1.44
S055_2,step,roll,15884665.0,15884672.9,7.9,1.78
S055_2,step,yaw,15884733.0,15884803.2,70.2,1.3
S055_2,step,yaw,15884811.7,15884819.4,7.7,1.03
S055_2,step,roll,15884815.1,15884829.6,14.5,1.85
S055_2,step,yaw,15884827.2,15884861.2,34.0,1.32
S055_2,step,yaw,15884892.8,15884912.9,20.1,1.04
S055_2,step,roll,15884936.7,15884976.3,39.6,4.02
S055_2,step,roll,15884982.3,15885071.5,89.2,2.6
S055_2,step,yaw,15885120.6,15885124.8,4.2,1.17
S055_2,step,roll,15885194.4,15885198.4,4.0,1.84
S055_2,step,roll,15885198.4,15885226.2,27.8,5.01
S055_2,step,roll,15885226.2,15885230.1,3.9,2.01
S055_2,step,roll,15885466.1,15885527.3,61.2,3.71
S055_2,step,roll,15885528.8,15885544.3,15.5,2.77
S055_2,step,roll,15885545.45,15885600.7,55.25,5.29
S055_2,step,pitch,15885585.0,15885588.7,3.7,1.76
S055_2,step,roll,15885602.9,15885646.5,43.6,4.42
S055_2,step,roll,15885646.5,15885652.5,6.0,2.6
S055_2,step,roll,15885662.4,15885668.3,5.9,3.0
S055_2,step,roll,15885668.3,15885702.0,33.7,4.56
S055_2,step,yaw,15885801.2,15885805.1,3.9,1.05
S055_2,step,yaw,15885809.1,15885894.1,85.0,3.04
S055_2,doublet,roll,15885834.9,15885846.8,9.9,2.63|1.52
S055_2,step,roll,15885964.0,15885997.5,33.5,1.66
S055_2,step,roll,15886003.4,15886029.2,25.8,1.68
S055_2,step,roll,15886032.6,15886051.9,19.3,1.58
S055_2,step,roll,15886054.4,15886067.8,13.4,1.51
S055_2,step,roll,15886201.2,15886212.7,11.5,1.34
S055_2,step,roll,15886213.6,15886233.2,19.6,1.81
S055_2,step,roll,15886235.1,15886282.8,47.7,2.23
S055_2,step,roll,15886285.0,15886308.8,23.8,1.85
S055_2,step,roll,15886312.79,15886334.5,21.71,2.0
S055_2,step,roll,15886335.4,15886356.4,21.0,2.11
S055_2,step,roll,15886370.2,15886377.3,7.1,3.19
S055_2,step,roll,15886380.2,15886384.1,3.9,1.42
S055_2,step,roll,15886387.7,15886394.0,6.3,2.09
S055_2,step,roll,15886398.0,15886419.4,21.4,2.37
S055_2,step,roll,15886425.4,15886435.1,9.7,2.15
S055_2,step,roll,15886437.7,15886445.8,8.1,1.76
S055_2,step,roll,15886447.6,15886474.8,27.2,2.98
S055_2,step,roll,15886475.3,15886486.4,11.1,7.86
S055_2,step,roll,15886489.27,15886492.4,3.13,4.43
S055_2,step,roll,15886494.4,15886524.3,29.9,4.55
S055_2,step,roll,15886530.8,15886549.3,18.5,5.87
S055_2,step,yaw,15886540.8,15886545.2,4.4,1.73
S055_2,step,roll,15886564.5,15886584.2,19.7,7.66
S055_2,step,pitch,15886566.59,15886633.1,66.51,12.43
S055_2,step,yaw,15886587.3,15886592.3,5.0,2.81
S055_2,step,yaw,15886605.8,15886619.2,13.4,8.99
S055_2,step,yaw,15886624.09,15886633.7,9.61,6.16
S056_1,step,pitch,15950458.5,15950476.6,18.1,12.16
S056_1,step,yaw,15950459.2,15950501.8,42.6,3.38
S056_1,step,yaw,15950510.4,15950547.2,36.8,27.69
S056_1,step,yaw,15950549.7,15950559.5,9.8,19.28
S056_1,step,yaw,15950568.3,15950578.8,10.5,27.28
S056_1,step,yaw,15950633.6,15950643.4,9.8,21.87
S056_1,step,yaw,15950652.4,15950658.7,6.3,4.05
S056_1,step,yaw,15950670.6,15950676.1,5.5,2.59
S056_1,step,yaw,15950676.5,15950684.6,8.1,2.68
S056_1,step,yaw,15950733.9,15950739.2,5.3,7.68
S056_1,step,yaw,15950741.6,15950752.3,10.7,4.58
S056_1,step,yaw,15950754.98,15950765.4,10.42,17.45
S056_1,step,yaw,15950765.4,15950770.7,5.3,18.93
S056_1,step,yaw,15950778.8,15950783.4,4.6,4.15
S056_1,step,yaw,15950810.8,15950818.0,7.2,5.21
S056_1,step,yaw,15950823.1,15950827.1,4.0,2.53
S056_1,step,yaw,15950829.8,15950849.6,19.8,15.03
S056_1,step,yaw,15950860.17,15950872.2,12.03,9.92
S056_1,step,roll,15950870.6,15950890.6,20.0,9.02
S056_1,step,pitch,15950888.1,15950919.6,31.5,7.01
S056_1,step,roll,15950891.72,15950899.4,7.68,6.02
S056_1,step,roll,15950900.2,15950938.9,38.7,4.35
S056_1,step,roll,15950946.93,15950960.0,13.07,3.85
S056_1,step,pitch,15950964.9,15950985.7,20.8,2.01
S056_1,step,roll,15950970.59,15950975.5,4.91,1.21
S056_1,step,pitch,15950988.8,15950995.0,6.2,2.29
S056_1,step,roll,15950994.2,15950998.7,4.5,3.01
S056_1,step,roll,15951001.6,15951017.3,15.7,5.43
S056_1,step,pitch,15951024.6,15951046.8,22.2,2.13
S056_1,step,roll,15951028.43,15951041.1,12.67,1.52
S056_1,step,roll,15951046.83,15951081.0,34.17,2.05
S056_1,step,pitch,15951049.1,15951062.6,13.5,1.74
S056_1,step,roll,15951083.6,15951104.6,21.0,1.01
S056_1,step,yaw,15951090.4,15951095.0,4.6,0.89
S056_1,step,roll,15951106.7,15951149.3,42.6,3.3
S056_1,doublet,roll,15951165.1,15951175.6,10.5,2.87|2.36
S056_1,step,roll,15951191.1,15951196.0,4.9,0.89
S056_1,step,roll,15951196.7,15951201.9,5.2,3.3
S056_1,step,roll,15951214.1,15951219.9,5.8,1.25
S056_1,step,roll,15951235.3,15951240.5,5.2,1.11
S056_1,step,roll,15951246.5,15951253.1,6.6,1.18
S056_1,step,roll,15951257.1,15951290.1,33.0,1.3
S056_1,step,roll,15951291.3,15951297.2,5.9,1.11
S056_1,step,roll,15951300.3,15951345.1,44.8,1.44
S056_1,step,pitch,15951333.7,15951341.3,7.6,1.57
S056_1,step,roll,15951346.6,15951351.3,4.7,1.23
S056_1,step,roll,15951354.4,15951359.4,5.0,1.52
S056_1,step,pitch,15951360.7,15951366.2,5.5,1.71
S056_1,step,pitch,15951367.0,15951372.1,5.1,1.66
S056_1,step,roll,15951377.2,15951383.1,5.9,1.49
S056_1,step,roll,15951383.38,15951396.5,13.12,1.79
S056_1,step,roll,15951412.2,15951449.7,37.5,1.24
S056_1,step,pitch,15951446.3,15951454.0,7.7,1.6
S056_1,step,roll,15951451.7,15951517.4,65.7,1.11
S056_1,step,pitch,15951482.8,15951493.7,10.9,1.57
S056_1,step,pitch,15951512.1,15951580.5,68.4,1.8
S056_1,step,roll,15951531.8,15951559.3,27.5,1.19
S056_1,step,roll,15951562.1,15951575.3,13.2,1.23
S056_1,step,roll,15951580.4,15951617.3,36.9,2.24
S056_1,step,yaw,15951605.5,15951635.7,30.2,1.93
S056_1,step,roll,15951620.0,15951625.2,5.2,3.9
S056_1,step,roll,15951638.4,15951646.3,7.9,3.14
S056_1,step,yaw,15951638.4,15951680.3,41.9,1.76
S056_1,step,roll,15951650.9,15951656.8,5.9,0.93
S056_1,step,roll,15951659.4,15951667.3,7.9,4.08
S056_1,step,roll,15951667.3,15951672.5,5.2,3.07
S056_1,step,roll,15951677.8,15951683.1,5.3,2.55
S056_1,step,roll,15951683.1,15951701.5,18.4,4.79
S056_1,step,roll,15951717.2,15951725.1,7.9,3.74
S056_1,step,roll,15951740.9,15951748.8,7.9,3.06
S056_1,step,roll,15951793.5,15951809.3,15.8,1.94
S056_1,step,roll,15951846.1,15951859.2,13.1,2.97
S056_1,step,roll,15951875.0,15951894.7,19.7,2.4
S056_1,step,roll,15951896.1,15951901.3,5.2,2.49
S056_1,step,roll,15951906.6,15951922.1,15.5,3.22
S056_1,step,roll,15951925.0,15951930.2,5.2,1.39
S056_1,step,pitch,15951927.6,15951993.2,65.6,1.96
S056_1,step,roll,15951943.4,15951948.6,5.2,1.34
S056_1,step,roll,15951950.5,15951970.9,20.4,3.21
S056_1,step,roll,15951974.9,15951997.6,22.7,3.03
S056_1,step,roll,15952032.8,15952038.0,5.2,1.32
S056_1,step,roll,15952040.6,15952082.7,42.1,3.38
S056_1,step,roll,15952090.6,15952111.6,21.0,3.29
S056_1,step,roll,15952111.6,15952116.9,5.3,1.51
S056_1,step,roll,15952119.4,15952186.4,67.0,2.85
S056_1,step,roll,15952193.1,15952198.2,5.1,1.22
S056_1,step,roll,15952202.8,15952235.2,32.4,2.88
S056_1,step,roll,15952248.4,15952272.0,23.6,2.83
S056_1,step,roll,15952279.9,15952343.2,63.3,2.92
S056_1,step,roll,15952364.0,15952424.8,60.8,2.67
S056_1,step,roll,15952427.1,15952437.5,10.4,1.2
S056_1,step,roll,15952449.7,15952478.9,29.2,1.37
S056_1,step,roll,15952484.7,15952545.4,60.7,1.69
S056_1,step,roll,15952548.0,15952566.3,18.3,1.32
S056_1,step,roll,15952566.56,15952571.6,5.04,1.18
S056_1,step,roll,15952574.4,15952595.3,20.9,1.87
S056_1,step,roll,15952600.7,15952607.2,6.5,1.01
S056_1,step,roll,15952611.2,15952627.0,15.8,2.1
S056_1,step,pitch,15952629.4,15952661.1,31.7,2.02
S056_1,step,yaw,15952629.4,15952634.9,5.5,0.97
S056_1,step,roll,15952648.0,15952653.3,5.3,0.89
S056_1,step,roll,15952658.5,15952700.1,41.6,1.95
S056_1,step,roll,15952703.2,15952708.5,5.3,0.97
S056_1,step,pitch,15952705.8,15952721.6,15.8,5.1
S056_1,step,roll,15952713.7,15952721.6,7.9,2.55
S056_1,step,roll,15952729.5,15952734.8,5.3,1.21
S056_1,step,roll,15952747.9,15952753.2,5.3,1.27
S056_1,step,roll,15952758.4,15952776.8,18.4,1.32
S056_1,step,pitch,15952771.6,15952808.4,36.8,4.15
S056_1,step,roll,15952790.0,15952795.2,5.2,1.41
S056_1,step,roll,15952858.4,15952863.6,5.2,1.05
S056_1,step,roll,15952868.9,15952882.0,13.1,1.15
S056_1,step,roll,15952887.3,15952908.2,20.9,1.55
S056_1,step,roll,15952918.8,15952926.7,7.9,3.56
S056_1,step,roll,15952926.7,15952934.6,7.9,3.26
S056_1,step,roll,15952937.2,15952942.5,5.3,2.44
S056_1,step,roll,15952942.5,15952960.9,18.4,4.55
S056_1,step,roll,15952966.1,15952986.6,20.5,1.78
S056_1,step,pitch,15952971.4,15952981.9,10.5,2.0
S056_1,step,roll,15953016.1,15953024.0,7.9,3.85
S056_1,step,roll,15953066.1,15953071.3,5.2,3.11
S056_1,step,roll,15953095.0,15953160.7,65.7,1.39
S056_1,step,roll,15953168.0,15953194.9,26.9,3.05
S056_1,step,roll,15953200.2,15953240.4,40.2,1.66
S056_1,step,pitch,15953312.6,15953318.4,5.8,1.57
S056_1,step,yaw,15953320.5,15953383.8,63.3,1.37
S056_1,step,roll,15953388.9,15953394.6,5.7,1.07
S056_1,step,yaw,15953434.1,15953463.1,29.0,1.28
S056_1,step,roll,15953626.1,15953631.3,5.2,1.23
S056_1,step,roll,15953639.2,15953644.0,4.8,1.14
S056_1,step,roll,15953647.1,15953662.3,15.2,3.05
S056_1,step,roll,15953673.4,15953697.1,23.7,1.14
S056_1,step,roll,15953707.6,15953728.5,20.9,1.45
S056_1,step,roll,15953730.7,15953739.1,8.4,0.85
S056_1,step,roll,15953749.7,15953763.9,14.2,1.04
S056_1,step,roll,15953765.5,15953783.8,18.3,1.02
S056_1,step,roll,15953791.7,15953799.6,7.9,1.77
S056_1,step,roll,15953812.8,15953817.5,4.7,0.92
S056_1,step,roll,15953820.2,15953891.4,71.2,2.79
S056_1,step,roll,15953904.8,15953923.2,18.4,3.19
S056_1,step,roll,15953941.6,15953949.4,7.8,2.79
S056_1,step,roll,15953951.3,15953959.3,8.0,1.45
S056_1,step,roll,15953962.6,15953975.1,12.5,1.54
S056_1,step,roll,15953988.9,15954009.7,20.8,1.33
S056_1,step,yaw,15954059.9,15954080.4,20.5,1.04
S056_1,step,roll,15954123.0,15954170.3,47.3,1.7
S056_1,step,yaw,15954137.2,15954147.9,10.7,0.97
S056_1,step,roll,15954173.0,15954179.0,6.0,1.01
S056_1,step,roll,15954180.9,15954190.1,9.2,1.01
S056_1,step,roll,15954191.42,15954201.9,10.48,1.09
S056_1,step,roll,15954216.7,15954228.2,11.5,0.93
S056_1,step,roll,15954241.3,15954254.5,13.2,1.92
S056_1,step,roll,15954257.1,15954265.0,7.9,3.2
S056_1,step,roll,15954265.0,15954272.9,7.9,3.65
S056_1,step,roll,15954299.2,15954303.9,4.7,1.01
S056_1,step,roll,15954315.0,15954322.8,7.8,3.34
S056_1,step,roll,15954322.8,15954330.7,7.9,3.68
S056_1,step,roll,15954333.4,15954338.6,5.2,3.14
S056_1,step,roll,15954341.2,15954348.7,7.5,3.81
S056_1,step,pitch,15954366.9,15954372.6,5.7,1.62
S056_1,step,roll,15954369.0,15954378.1,9.1,1.51
S056_1,step,roll,15954580.5,15954585.8,5.3,1.32
S056_1,step,roll,15954754.0,15954761.9,7.9,2.62
S056_1,step,roll,15954769.8,15954798.7,28.9,2.76
S056_1,step,roll,15954805.6,15954811.7,6.1,1.15
S056_1,step,roll,15954811.93,15954880.2,68.27,1.7
S056_1,step,yaw,15954863.1,15954869.5,6.4,0.9
S056_1,step,roll,15954880.2,15954885.0,4.8,3.76
S056_1,step,yaw,15954880.2,15954885.1,4.9,1.0
S056_1,step,pitch,15954894.0,15954898.4,4.4,2.23
S056_1,step,roll,15954909.0,15954923.3,14.3,2.48
S056_1,step,roll,15954925.0,15954940.6,15.6,2.66
S056_1,step,roll,15954942.0,15954951.2,9.2,1.57
S056_1,step,roll,15954959.1,15954968.6,9.5,0.92
S056_1,step,roll,15954982.4,15954993.3,10.9,1.39
S056_1,step,roll,15954998.6,15955008.9,10.3,1.21
S056_1,step,roll,15955025.0,15955030.1,5.1,0.84
S056_1,step,roll,15955040.6,15955053.8,13.2,1.19
S056_1,step,roll,15955056.4,15955072.2,15.8,1.22
S056_1,step,roll,15955088.01,15955099.3,11.29,1.07
S056_1,step,roll,15955130.6,15955136.4,5.8,1.12
S056_1,step,roll,15955150.7,15955160.7,10.0,1.09
S056_1,step,roll,15955161.6,15955168.9,7.3,3.37
S056_1,step,roll,15955190.5,15955196.2,5.7,1.91
S056_1,step,roll,15955203.3,15955208.1,4.8,1.77
S056_1,step,roll,15955219.4,15955250.8,31.4,2.19
S056_1,step,roll,15955253.6,15955265.6,12.0,1.68
S056_1,step,roll,15955271.7,15955276.1,4.4,1.36
S056_1,step,roll,15955290.47,15955300.9,10.43,2.36
S056_1,step,roll,15955303.0,15955307.1,4.1,2.35
S056_1,step,roll,15955311.0,15955321.5,10.5,2.32
S056_1,step,roll,15955324.4,15955329.7,5.3,2.89
S056_1,step,roll,15955340.4,15955345.6,5.2,2.35
S056_1,step,roll,15955347.2,15955370.5,23.3,1.83
S056_1,step,roll,15955379.6,15955390.3,10.7,2.18
S056_1,step,pitch,15955418.0,15955422.8,4.8,2.29
S056_1,step,roll,15955419.2,15955423.8,4.6,4.16
S056_1,step,pitch,15955424.7,15955432.8,8.1,2.31
S056_1,step,roll,15955442.9,15955448.2,5.3,6.28
S056_1,step,yaw,15955444.6,15955449.6,5.0,1.04
S056_1,step,roll,15955453.0,15955466.3,13.3,5.46
S056_1,step,yaw,15955460.6,15955465.3,4.7,1.46
S056_1,step,roll,15955469.2,15955474.5,5.3,2.45
S056_1,step,yaw,15955482.0,15955492.9,10.9,3.03
S056_1,step,roll,15955490.2,15955500.4,10.2,8.24
S056_1,step,roll,15955506.06,15955516.5,10.44,7.44
S056_1,step,yaw,15955511.0,15955526.6,15.6,1.73
S056_1,step,roll,15955518.4,15955524.4,6.0,4.13
S056_1,step,roll,15955532.3,15955537.6,5.3,3.9
S056_1,step,roll,15955540.2,15955546.2,6.0,7.46
S056_1,step,yaw,15955542.8,15955550.1,7.3,4.31
S056_1,step,yaw,15955550.75,15955564.9,14.15,4.49
S056_1,step,roll,15955558.3,15955563.8,5.5,2.55
S056_1,step,yaw,15955617.6,15955622.6,5.0,3.99
S056_1,step,roll,15955619.3,15955653.3,34.0,18.29
S056_1,step,pitch,15955624.8,15955632.2,7.4,7.14
S056_1,step,yaw,15955629.64,15955636.7,7.06,7.58
S056_1,step,pitch,15955632.2,15955715.2,83.0,14.43
S056_1,step,yaw,15955640.1,15955647.4,7.3,11.08
S056_1,step,yaw,15955648.05,15955653.3,5.25,6.39
S056_1,step,yaw,15955653.3,15955666.4,13.1,17.56
S056_1,step,roll,15955655.9,15955665.6,9.7,9.93
S056_1,step,roll,15955669.0,15955707.5,38.5,6.35
S056_1,step,roll,15955707.5,15955716.4,8.9,12.91
S056_2,step,pitch,15960068.4,15960104.8,36.4,19.95
S056_2,step,roll,15960068.4,15960103.4,35.0,20.3
S056_2,step,yaw,15960068.4,15960080.5,12.1,23.7
S056_2,step,yaw,15960084.1,15960094.7,10.6,26.17
S056_2,step,yaw,15960094.7,15960099.9,5.2,17.8
S056_2,step,yaw,15960100.7,15960106.1,5.4,15.45
S056_2,step,roll,15960103.4,15960173.6,70.2,20.83
S056_2,step,yaw,15960110.5,15960113.9,3.4,7.94
S056_2,step,yaw,15960124.5,15960128.4,3.9,3.72
S056_2,step,yaw,15960129.12,15960133.1,3.98,5.47
S056_2,step,yaw,15960136.9,15960142.5,5.6,6.89
S056_2,step,yaw,15960157.4,15960167.5,10.1,13.55
S056_2,step,yaw,15960173.6,15960187.7,14.1,3.85
S056_2,step,roll,15960187.8,15960224.4,36.6,8.1
S056_2,step,yaw,15960191.87,15960207.7,15.83,18.53
S056_2,step,yaw,15960212.1,15960221.0,8.9,9.22
S056_2,step,yaw,15960224.2,15960250.0,25.8,12.27
S056_2,step,roll,15960226.2,15960230.1,3.9,1.85
S056_2,step,pitch,15960238.4,15960272.8,34.4,7.08
S056_2,step,roll,15960240.0,15960250.4,10.4,4.91
S056_2,step,yaw,15960251.0,15960260.1,9.1,1.4
S056_2,step,roll,15960252.0,15960256.6,4.6,3.97
S056_2,step,yaw,15960260.6,15960267.6,7.0,1.6
S056_2,step,roll,15960262.72,15960268.0,5.28,4.39
S056_2,step,roll,15960268.8,15960280.7,11.9,2.6
S056_2,step,yaw,15960269.6,15960280.7,11.1,1.06
S056_2,step,roll,15960283.8,15960294.1,10.3,3.39
S056_2,step,roll,15960295.0,15960299.1,4.1,3.41
S056_2,step,roll,15960303.1,15960316.5,13.4,4.57
S056_2,step,pitch,15960313.3,15960316.5,3.2,2.29
S056_2,step,pitch,15960320.2,15960329.5,9.3,1.99
S056_2,step,roll,15960321.4,15960327.4,6.0,3.34
S056_2,step,pitch,15960331.5,15960336.5,5.0,2.65
S056_2,step,pitch,15960337.9,15960344.4,6.5,2.68
S056_2,step,roll,15960339.0,15960345.1,6.1,2.17
S056_2,step,pitch,15960345.4,15960379.0,33.6,2.26
S056_2,step,roll,15960347.7,15960354.7,7.0,1.96
S056_2,step,roll,15960365.9,15960369.7,3.8,2.29
S056_2,step,roll,15960372.0,15960377.6,5.6,3.08
S056_2,step,pitch,15960381.0,15960397.1,16.1,2.4
S056_2,step,roll,15960389.5,15960392.9,3.4,5.02
S056_2,step,roll,15960396.2,15960400.3,4.1,3.11
S056_2,step,pitch,15960398.34,15960453.7,55.36,2.66
S056_2,step,roll,15960406.4,15960419.8,13.4,1.87
S056_2,step,roll,15960430.6,15960438.2,7.6,2.72
S056_2,step,roll,15960440.8,15960450.4,9.6,4.18
S056_2,step,roll,15960458.6,15960464.2,5.6,5.82
S056_2,step,roll,15960465.3,15960469.3,4.0,3.16
S056_2,step,pitch,15960469.1,15960472.9,3.8,2.15
S056_2,step,roll,15960481.3,15960484.9,3.6,4.53
S056_2,step,roll,15960491.6,15960495.2,3.6,2.22
S056_2,step,roll,15960499.4,15960502.9,3.5,5.41
S056_2,step,roll,15960503.6,15960509.5,5.9,3.53
S056_2,step,roll,15960512.8,15960519.2,6.4,2.15
S056_2,step,yaw,15960519.6,15960525.7,6.1,1.28
S056_2,step,roll,15960520.3,15960525.8,5.5,2.18
S056_2,step,pitch,15960524.7,15960531.1,6.4,1.89
S056_2,step,roll,15960527.9,15960533.1,5.2,4.25
S056_2,step,yaw,15960535.0,15960540.6,5.6,1.21
S056_2,step,yaw,15960544.4,15960548.5,4.1,1.52
S056_2,step,roll,15960545.6,15960549.3,3.7,3.11
S056_2,step,pitch,15960553.6,15960557.1,3.5,1.8
S056_2,step,yaw,15960553.7,15960557.6,3.9,1.86
S056_2,step,roll,15960566.3,15960570.1,3.8,2.27
S056_2,step,yaw,15960566.3,15960569.7,3.4,1.38
S056_2,step,roll,15960573.8,15960578.2,4.4,3.13
S056_2,step,yaw,15960573.9,15960577.1,3.2,1.7
S056_2,step,yaw,15960579.5,15960584.2,4.7,1.39
S056_2,step,roll,15960580.2,15960584.5,4.3,3.4
S056_2,step,yaw,15960586.2,15960597.9,11.7,1.71
S056_2,step,yaw,15960602.7,15960606.1,3.4,1.64
S056_2,step,roll,15960604.3,15960610.8,6.5,2.24
S056_2,step,roll,15960621.0,15960632.1,11.1,2.43
S056_2,step,yaw,15960623.0,15960631.1,8.1,1.36
S056_2,step,roll,15960647.3,15960651.9,4.6,2.41
S056_2,step,roll,15960652.3,15960673.6,21.3,3.32
S056_2,step,yaw,15960661.6,15960675.3,13.7,1.86
S056_2,step,roll,15960675.1,15960721.5,46.4,4.09
S056_2,step,yaw,15960676.1,15960687.8,11.7,1.56
S056_2,step,roll,15960726.2,15960733.3,7.1,5.73
S056_2,step,roll,15960734.9,15960739.0,4.1,3.96
S056_2,step,roll,15960740.1,15960743.4,3.3,4.96
S056_2,step,roll,15960746.6,15960776.8,30.2,5.16
S056_2,step,roll,15960778.9,15960782.9,4.0,1.18
S056_2,step,roll,15960784.9,15960806.9,22.0,4.73
S056_2,step,yaw,15960798.6,15960806.2,7.6,1.24
S056_2,step,roll,15960809.2,15960851.1,41.9,3.52
S056_2,step,roll,15960851.8,15960865.1,13.3,2.21
S056_2,step,roll,15960872.0,15960945.5,73.5,3.41
S056_2,step,yaw,15960900.3,15960916.5,16.2,1.29
S056_2,step,roll,15960950.9,15960954.2,3.3,3.15
S056_2,step,roll,15960955.3,15960990.7,35.4,4.21
S056_2,step,yaw,15961005.1,15961024.1,19.0,1.41
S056_2,step,yaw,15961025.8,15961034.7,8.9,1.16
S056_2,step,yaw,15961060.1,15961087.6,27.5,1.19
S056_2,step,yaw,15961103.9,15961147.2,43.3,1.99
S056_2,step,pitch,15961118.8,15961124.5,5.7,1.84
S056_2,step,roll,15961127.2,15961153.2,26.0,1.3
S056_2,step,pitch,15961133.1,15961178.7,45.6,2.26
S056_2,step,roll,15961155.4,15961205.3,49.9,2.41
S056_2,step,pitch,15961179.7,15961189.7,10.0,1.98
S056_2,step,pitch,15961191.8,15961213.6,21.8,1.85
S056_2,step,roll,15961206.0,15961220.2,14.2,3.62
S056_2,step,yaw,15961209.9,15961229.5,19.6,1.51
S056_2,step,roll,15961220.2,15961224.2,4.0,1.48
S056_2,step,pitch,15961222.2,15961236.0,13.8,2.12
S056_2,step,roll,15961236.4,15961264.75,28.35,3.45
S056_2,step,yaw,15961238.4,15961243.2,4.8,1.07
S056_2,step,pitch,15961242.3,15961272.8,30.5,1.79
S056_2,step,yaw,15961246.5,15961251.7,5.2,1.02
S056_2,step,yaw,15961252.2,15961270.7,18.5,1.0
S056_2,step,roll,15961266.78,15961326.0,59.22,1.92
S056_2,step,pitch,15961287.5,15961293.0,5.5,1.61
S056_2,step,roll,15961327.4,15961331.8,4.4,1.51
S056_2,step,roll,15961335.6,15961355.3,19.7,1.65
S056_2,step,roll,15961359.89,15961404.4,44.51,1.84
S056_2,step,roll,15961406.4,15961429.0,22.6,1.58
S056_2,step,roll,15961430.7,15961519.0,88.3,1.88
S056_2,step,pitch,15961497.5,15961582.5,85.0,2.49
S056_2,step,roll,15961519.82,15961523.8,3.98,1.1
S056_2,step,roll,15961527.9,15961540.0,12.1,1.44
S056_2,step,roll,15961541.2,15961600.7,59.5,2.27
S056_2,step,pitch,15961586.2,15961606.6,20.4,1.95
S056_2,step,roll,15961606.4,15961685.7,79.3,4.33
S056_2,step,pitch,15961610.9,15961666.8,55.9,2.02
S056_2,step,pitch,15961772.8,15961789.0,16.2,1.86
S056_2,step,yaw,15961785.0,15961807.1,22.1,1.49
S056_2,step,pitch,15961792.8,15961873.6,80.8,2.55
S056_2,step,roll,15961815.3,15961821.4,6.1,1.24
S056_2,step,pitch,15961875.8,15961916.5,40.7,2.01
S056_2,step,roll,15961940.87,15961977.3,36.43,1.58
S056_2,step,yaw,15961942.8,15961983.0,40.2,1.28
S056_2,step,roll,15961979.3,15961983.3,4.0,0.95
S056_2,step,roll,15961986.6,15961994.3,7.7,1.33
S056_2,step,roll,15961997.5,15962007.6,10.1,1.07
S056_2,step,roll,15962011.7,15962017.7,6.0,1.42
S056_2,step,roll,15962019.8,15962108.8,89.0,1.93
S056_2,step,roll,15962112.2,15962116.9,4.7,1.1
S056_2,step,roll,15962118.9,15962193.9,75.0,2.86
S056_2,step,pitch,15962147.3,15962187.8,40.5,2.15
S056_2,step,yaw,15962195.7,15962231.9,36.2,2.12
S056_2,step,roll,15962206.7,15962210.6,3.9,0.92
S056_2,doublet,roll,15962216.0,15962231.3,11.5,1.61|3.46
S056_2,step,pitch,15962218.0,15962228.3,10.3,1.9
S056_2,step,yaw,15962232.37,15962247.8,15.43,1.43
S056_2,step,roll,15962243.6,15962249.3,5.7,0.97
S056_2,step,roll,15962250.5,15962255.5,5.0,1.32
S056_2,step,roll,15962521.2,15962528.9,7.7,1.53
S056_2,step,roll,15962529.95,15962533.9,3.95,1.5
S056_2,step,roll,15962535.9,15962597.1,61.2,1.75
S056_2,step,roll,15962597.7,15962607.2,9.5,1.22
S056_2,step,roll,15962608.7,15962618.9,10.2,3.14
S056_2,step,yaw,15962612.6,15962622.3,9.7,1.27
S056_2,step,roll,15962620.5,15962625.0,4.5,1.64
S056_2,step,yaw,15962623.06,15962661.3,38.24,1.42
S056_2,step,pitch,15962625.0,15962631.1,6.1,1.86
S056_2,step,roll,15962661.0,15962671.6,10.6,2.88
S056_2,step,yaw,15962663.5,15962669.3,5.8,1.19
S056_2,step,roll,15962688.0,15962693.7,5.7,1.09
S056_2,step,roll,15962695.9,15962700.5,4.6,2.17
S056_2,step,roll,15962702.0,15962707.2,5.2,1.06
S056_2,step,roll,15962708.8,15962734.3,25.5,1.29
S056_2,step,roll,15962744.5,15962750.5,6.0,2.74
S056_2,step,roll,15962754.5,15962762.7,8.2,1.6
S056_2,step,roll,15962763.7,15962772.1,8.4,2.46
S056_2,step,roll,15962885.8,15962934.8,49.0,2.76
S056_2,step,roll,15962948.3,15962990.2,41.9,2.66
S056_2,step,roll,15962992.5,15962996.4,3.9,2.17
S056_2,step,roll,15962997.56,15963005.8,8.24,1.72
S056_2,step,roll,15963007.6,15963088.6,81.0,1.61
S056_2,step,roll,15963096.0,15963102.8,6.8,1.33
S056_2,step,roll,15963117.5,15963124.7,7.2,1.81
S056_2,step,roll,15963127.1,15963136.0,8.9,1.4
S056_2,step,roll,15963250.5,15963256.6,6.1,1.03
S056_2,step,pitch,15963254.6,15963260.7,6.1,2.27
S056_2,step,pitch,15963262.7,15963310.0,47.3,2.52
S056_2,step,roll,15963262.7,15963268.2,5.5,1.44
S056_2,step,roll,15963305.2,15963310.3,5.1,1.21
S056_2,step,pitch,15963311.1,15963375.0,63.9,2.34
S056_2,step,roll,15963314.6,15963319.4,4.8,1.06
S056_2,step,roll,15963321.4,15963328.4,7.0,1.08
S056_2,step,roll,15963331.5,15963337.6,6.1,3.66
S056_2,step,roll,15963341.6,15963347.7,6.1,3.99
S056_2,step,roll,15963347.7,15963354.4,6.7,3.71
S056_2,step,roll,15963355.86,15963367.9,12.04,2.57
S056_2,step,roll,15963370.0,15963374.0,4.0,2.09
S056_2,step,pitch,15963375.6,15963396.3,20.7,2.12
S056_2,step,roll,15963394.3,15963398.3,4.0,6.5
S056_2,step,roll,15963408.49,15963419.5,11.01,8.3
S056_2,step,pitch,15963410.0,15963415.2,5.2,2.26
S056_2,step,roll,15963438.8,15963442.8,4.0,1.18
S056_2,step,roll,15963443.8,15963448.9,5.1,1.02
S056_2,step,roll,15963450.9,15963454.4,3.5,1.36
S056_2,step,roll,15963463.1,15963472.3,9.2,1.37
S056_2,step,roll,15963473.9,15963477.5,3.6,1.0
S056_2,step,roll,15963488.9,15963495.5,6.6,1.85
S056_2,step,roll,15963502.7,15963507.6,4.9,6.75
S056_2,step,roll,15963519.8,15963523.8,4.0,1.23
S056_2,step,roll,15963527.8,15963531.6,3.8,1.77
S056_2,step,roll,15963538.06,15963543.6,5.54,1.12
S056_2,step,roll,15963558.9,15963562.0,3.1,1.53
S056_2,step,roll,15963576.5,15963582.2,5.7,2.08
S056_2,step,roll,15963592.7,15963601.8,9.1,1.78
S056_2,step,roll,15963603.5,15963608.7,5.2,2.27
S056_2,step,roll,15963632.8,15963637.2,4.4,1.64
S056_2,step,pitch,15963647.36,15963652.3,4.94,2.02
S056_2,step,roll,15963652.3,15963657.4,5.1,1.55
S056_2,step,pitch,15963655.3,15963658.7,3.4,1.85
S056_2,step,roll,15963659.5,15963669.6,10.1,4.03
S056_2,step,roll,15963683.7,15963687.8,4.1,3.12
S056_2,step,pitch,15963699.2,15963703.3,4.1,2.14
S056_2,step,roll,15963712.3,15963715.5,3.2,1.8
S056_2,step,pitch,15963715.7,15963721.4,5.7,2.03
S056_2,step,roll,15963734.7,15963738.4,3.7,2.87
S056_2,step,roll,15963740.4,15963750.9,10.5,2.78
S056_2,step,roll,15963771.8,15963786.7,14.9,2.32
S056_2,step,roll,15963788.0,15963795.1,7.1,3.49
S056_2,step,roll,15963805.2,15963808.6,3.4,3.47
S056_2,step,yaw,15963831.5,15963837.6,6.1,1.9
S056_2,step,yaw,15963847.4,15963857.1,9.7,13.02
S056_2,step,roll,15963859.92,15963912.1,52.18,10.98
S056_2,step,yaw,15963861.7,15963877.9,16.2,11.3
S056_2,step,yaw,15963878.5,15963882.1,3.6,2.38
S056_2,step,yaw,15963885.2,15963912.2,27.0,14.48
S056_2,step,roll,15963912.1,15963916.5,4.4,2.5
S056_2,step,yaw,15963920.6,15963924.6,4.0,3.0
S056_2,step,yaw,15963930.7,15963934.6,3.9,3.7
S056_2,step,yaw,15963936.2,15963941.0,4.8,5.42
S056_2,step,yaw,15963949.1,15963953.0,3.9,2.81
S056_2,step,yaw,15963959.1,15963962.8,3.7,3.49
S056_2,step,yaw,15963969.23,15963973.2,3.97,5.02
S056_2,step,yaw,15963982.8,15963987.4,4.6,8.78
S056_2,step,yaw,15964005.4,15964011.7,6.3,5.87
S056_2,step,yaw,15964013.2,15964017.1,3.9,8.65
S056_2,step,yaw,15964020.6,15964024.9,4.3,4.76
S056_2,step,yaw,15964033.5,15964040.0,6.5,3.69
S056_2,step,yaw,15964040.0,15964048.1,8.1,14.53
S056_2,step,yaw,15964048.1,15964052.2,4.1,20.09
S056_2,step,yaw,15964060.32,15964067.2,6.88,5.87
S056_2,step,yaw,15964072.46,15964080.2,7.74,5.89
S056_2,step,yaw,15964081.2,15964086.6,5.4,3.84
S056_2,step,yaw,15964094.0,15964097.9,3.9,12.2
S056_2,step,yaw,15964108.8,15964116.5,7.7,24.41
S057_2,step,roll,16375215.6,16375219.7,4.1,1.73
S057_2,step,roll,16375220.3,16375231.7,11.4,1.85
S057_2,step,roll,16375236.1,16375242.7,6.6,2.61
S057_2,step,roll,16375251.5,16375254.6,3.1,3.28
S057_2,step,roll,16375255.9,16375259.7,3.8,1.48
S057_2,step,roll,16375266.9,16375276.4,9.5,2.67
S057_2,doublet,roll,16375376.8,16375383.1,5.7,3.6|3.0
S057_2,step,roll,16375440.0,16375452.3,12.3,1.19
S057_2,step,roll,16375460.8,16375466.2,5.4,3.33
S057_2,step,roll,16375466.5,16375476.2,9.7,4.15
S057_2,step,roll,16375489.8,16375495.8,6.0,3.78
S057_2,step,roll,16375496.1,16375503.0,6.9,3.26
S057_2,step,roll,16375540.8,16375551.0,10.2,2.07
S057_2,step,roll,16375594.0,16375600.6,6.6,1.75
S057_2,step,roll,16375606.0,16375611.3,5.3,0.87
S057_2,step,roll,16375689.4,16375693.5,4.1,1.51
S057_2,step,roll,16375731.2,16375741.9,10.7,1.84
S057_2,doublet,roll,16375742.9,16375749.8,6.6,0.96|1.95
S057_2,step,roll,16375757.9,16375786.6,28.7,3.67
S057_2,step,roll,16375834.2,16375838.6,4.4,2.33
S057_2,step,roll,16375862.8,16375876.4,13.6,3.08
S057_2,doublet,roll,16375906.3,16375913.2,3.8,1.14|1.97
S057_2,step,roll,16375949.4,16375952.6,3.2,1.1
S057_2,step,roll,16375960.1,16375964.5,4.4,0.88
S057_2,step,roll,16375980.6,16375984.0,3.4,0.93
S057_2,step,roll,16375990.3,16375994.7,4.4,1.48
S057_2,step,roll,16375997.6,16376001.0,3.4,0.96
S057_2,step,roll,16376010.2,16376016.8,6.6,1.29
S057_2,step,roll,16376018.7,16376022.8,4.1,1.21
S057_2,step,roll,16376025.0,16376041.5,16.5,2.01
S057_2,step,roll,16376058.9,16376064.0,5.1,1.33
S057_2,step,roll,16376139.8,16376143.9,4.1,1.0
S057_2,step,yaw,16376268.3,16376328.2,59.9,1.59
S057_2,step,pitch,16376382.2,16376439.7,57.5,2.41
S057_2,step,pitch,16376440.1,16376463.5,23.4,2.54
S057_2,step,pitch,16376466.0,16376470.6,4.6,2.14
S057_3,step,roll,16376547.2,16376551.2,4.0,0.9
S057_3,step,pitch,16376547.3,16376630.1,82.8,2.07
S057_3,step,roll,16376554.0,16376562.1,8.1,0.86
S057_3,step,roll,16376566.8,16376586.4,19.6,2.72
S057_3,step,roll,16376600.1,16376604.0,3.9,0.94
S057_3,step,roll,16376608.9,16376624.2,15.3,1.12
S057_3,step,roll,16376624.8,16376644.8,20.0,1.74
S057_3,step,roll,16376645.1,16376720.8,75.7,2.62
S057_3,step,roll,16376738.0,16376820.7,82.7,2.57
S057_3,step,roll,16376821.0,16376863.6,42.6,1.32
S057_3,step,roll,16376864.4,16376887.3,22.9,1.5
S057_3,step,pitch,16376869.0,16376879.2,10.2,2.05
S057_3,step,pitch,16376882.1,16376886.1,4.0,1.68
S057_3,step,pitch,16376886.6,16376890.4,3.8,1.68
S057_3,step,roll,16377034.4,16377072.7,38.3,3.92
S057_3,step,roll,16377073.1,16377094.2,21.1,2.46
S057_3,step,roll,16377099.5,16377111.5,12.0,1.42
S057_3,step,roll,16377113.2,16377116.4,3.2,1.16
S057_3,step,yaw,16377238.2,16377242.4,4.2,0.98
S057_3,step,roll,16377243.1,16377281.2,38.1,2.68
S057_3,step,yaw,16377244.5,16377249.4,4.9,0.95
S057_3,step,yaw,16377255.1,16377261.2,6.1,0.93
S057_3,step,roll,16377284.2,16377326.2,42.0,2.76
S057_3,step,roll,16377333.9,16377369.3,35.4,1.54
S057_3,step,roll,16377369.5,16377400.1,30.6,1.42
S057_3,step,roll,16377401.1,16377404.3,3.2,1.67
S057_3,step,roll,16377418.4,16377451.1,32.7,2.19
S057_3,step,roll,16377465.9,16377488.7,22.8,3.92
S057_3,step,roll,16377490.2,16377500.7,10.5,2.44
S057_3,step,roll,16377502.1,16377521.9,19.8,3.78
S057_3,step,roll,16377523.6,16377526.7,3.1,1.4
S057_3,step,roll,16377531.3,16377541.5,10.2,2.27
S057_3,step,roll,16377543.3,16377561.6,18.3,2.47
S057_3,step,roll,16377563.4,16377570.7,7.3,1.45
S057_3,step,roll,16377573.6,16377580.6,7.0,2.58
S057_3,step,roll,16377589.8,16377594.7,4.9,3.22
S057_3,step,yaw,16377618.3,16377687.3,69.0,10.47
S057_3,step,yaw,16377692.4,16377695.7,3.3,2.56
S057_3,doublet,yaw,16377698.4,16377702.0,3.6,1.86|3.51
S057_3,step,yaw,16377703.3,16377715.2,11.9,14.08
S057_3,step,yaw,16377715.8,16377730.9,15.1,18.26
S057_3,doublet,yaw,16377740.0,16377745.6,2.8,4.33|1.38
S057_3,doublet,yaw,16377751.8,16377755.2,3.4,5.75|1.33
S057_3,doublet,yaw,16377761.2,16377764.7,2.8,4.47|1.58
S057_3,doublet,yaw,16377766.1,16377769.6,3.5,1.16|4.3
S057_3,doublet,yaw,16377770.1,16377773.0,2.9,0.97|4.56
S057_3,doublet,yaw,16377774.4,16377777.3,2.9,5.4|2.49
S057_3,doublet,yaw,16377780.2,16377784.4,2.8,3.2|1.77
S057_3,doublet,yaw,16377786.8,16377791.9,4.3,2.46|2.51
S057_3,doublet,yaw,16377793.8,16377796.9,3.1,2.02|5.39
S057_3,doublet,yaw,16377799.9,16377802.7,2.8,4.01|2.82
S057_3,step,yaw,16377802.7,16377807.6,4.9,3.95
S057_3,step,yaw,16377811.1,16377816.8,5.7,5.64
S057_3,doublet,yaw,16377818.1,16377823.6,5.5,1.61|2.31
S057_3,step,yaw,16377825.2,16377829.0,3.8,6.01
S057_3,step,yaw,16377829.4,16377840.0,10.6,14.87
S057_3,step,yaw,16377840.0,16377849.8,9.8,27.37
S057_3,doublet,yaw,16377849.8,16377853.4,3.6,7.72|3.35
S057_3,step,yaw,16377857.9,16377862.2,4.3,4.42
S057_3,step,yaw,16377862.4,16377882.7,20.3,16.5
S057_3,step,yaw,16377882.7,16377889.5,6.8,20.75
S057_3,doublet,yaw,16377889.5,16377894.2,4.7,6.16|3.76
S057_3,step,yaw,16377897.0,16377921.9,24.9,23.35
S057_3,step,yaw,16377923.8,16377932.0,8.2,10.58
S057_3,step,yaw,16377932.4,16377937.8,5.4,19.33
S057_3,step,yaw,16377937.8,16377954.2,16.4,11.62
S057_4,step,roll,16379979.2,16379996.7,17.5,2.68
S057_4,doublet,yaw,16380242.2,16380248.6,6.4,1.9|3.11
S057_4,step,yaw,16380250.9,16380309.1,58.2,11.08
S057_4,step,yaw,16380313.9,16380323.1,9.2,10.56
S057_4,step,yaw,16380324.3,16380333.4,9.1,23.53
S057_4,step,yaw,16380334.6,16380337.9,3.3,7.53
S057_4,doublet,yaw,16380344.8,16380349.4,4.6,5.78|9.38
S057_4,step,yaw,16380359.8,16380378.7,18.9,12.31
S057_4,step,pitch,16380374.2,16380409.1,34.9,6.37
S057_4,doublet,roll,16380383.9,16380390.6,4.1,6.29|2.17
S057_4,step,yaw,16380384.5,16380390.1,5.6,1.36
S057_4,step,roll,16380390.6,16380401.1,10.5,4.27
S057_4,step,yaw,16380396.2,16380401.1,4.9,1.16
S057_4,step,roll,16380401.1,16380405.7,4.6,4.03
S057_4,step,roll,16380409.1,16380416.6,7.5,2.89
S057_4,step,roll,16380419.2,16380426.1,6.9,3.18
S057_4,step,roll,16380430.4,16380435.0,4.6,1.97
S057_4,step,roll,16380445.6,16380449.2,3.6,6.92
S057_4,step,roll,16380460.7,16380465.2,4.5,2.95
S057_4,step,roll,16380469.6,16380473.3,3.7,2.32
S057_4,step,roll,16380487.1,16380491.6,4.5,3.0
S057_4,doublet,roll,16380507.7,16380516.9,7.4,1.44|1.6
S057_4,step,roll,16380520.3,16380525.5,5.2,3.59
S057_4,step,roll,16380527.9,16380536.3,8.4,2.51
S057_4,doublet,roll,16380537.2,16380543.2,4.9,2.41|2.08
S057_4,step,roll,16380551.2,16380560.2,9.0,4.11
S057_4,step,yaw,16380555.6,16380561.5,5.9,1.09
S057_4,step,roll,16380563.9,16380568.1,4.2,3.02
S057_4,step,roll,16380581.1,16380591.4,10.3,1.58
S057_4,step,roll,16380592.9,16380602.3,9.4,2.13
S057_4,step,roll,16380605.1,16380612.0,6.9,3.08
S057_4,step,roll,16380625.5,16380631.2,5.7,1.55
S057_4,step,roll,16380632.1,16380650.9,18.8,2.31
S057_4,step,roll,16380652.8,16380668.2,15.4,1.83
S057_4,step,roll,16380676.2,16380687.2,11.0,1.69
S057_4,step,roll,16380692.2,16380695.2,3.0,0.93
S057_4,step,pitch,16380704.6,16380713.8,9.2,2.03
S057_4,step,pitch,16380715.1,16380722.8,7.7,1.93
S057_4,step,roll,16380718.6,16380731.2,12.6,1.95
S057_4,step,pitch,16380723.25,16380730.1,6.85,1.75
S057_4,step,pitch,16380739.29,16380743.4,4.11,1.87
S057_4,step,pitch,16380744.6,16380751.4,6.8,1.9
S057_4,step,roll,16380750.7,16380754.1,3.4,1.07
S057_4,step,pitch,16380756.4,16380762.1,5.7,1.74
S057_4,step,roll,16380783.6,16380796.4,12.8,1.0
S057_4,step,roll,16380900.6,16380904.5,3.9,2.45
S057_4,step,roll,16380905.53,16380910.1,4.57,2.35
S057_4,step,roll,16380912.3,16380921.2,8.9,1.99
S057_4,step,roll,16380922.6,16380928.3,5.7,1.79
S057_4,step,roll,16380929.2,16380951.1,21.9,1.34
S057_4,step,roll,16380958.2,16380962.8,4.6,1.43
S057_4,step,roll,16380991.4,16380994.9,3.5,0.87
S057_4,step,roll,16381002.9,16381044.2,41.3,2.56
S057_4,step,yaw,16381057.9,16381069.4,11.5,1.16
S057_4,step,roll,16381063.7,16381098.4,34.7,2.26
S057_4,step,yaw,16381074.0,16381085.1,11.1,0.95
S057_4,step,roll,16381108.0,16381119.0,11.0,1.13
S057_4,step,roll,16381124.4,16381166.8,42.4,1.23
S057_4,step,roll,16381169.1,16381197.8,28.7,1.27
S057_4,doublet,roll,16381199.0,16381207.0,5.7,1.13|1.08
S057_4,step,pitch,16381201.2,16381208.1,6.9,1.75
S057_4,step,roll,16381211.3,16381243.6,32.3,3.65
S057_4,step,roll,16381247.1,16381258.3,11.2,2.85
S057_4,step,roll,16381259.7,16381264.3,4.6,2.43
S057_4,step,roll,16381267.7,16381275.7,8.0,2.64
S057_4,doublet,roll,16381281.4,16381292.3,10.9,6.19|2.96
S057_4,step,roll,16381312.4,16381328.3,15.9,4.51
S057_4,step,roll,16381333.1,16381336.5,3.4,3.68
S057_4,step,roll,16381343.4,16381346.8,3.4,2.98
S057_4,step,roll,16381352.6,16381357.5,4.9,1.79
S057_4,step,roll,16381358.33,16381382.8,24.47,2.82
S057_4,step,roll,16381383.55,16381437.7,54.15,2.95
S057_4,step,pitch,16381428.2,16381431.9,3.7,1.78
S057_4,step,pitch,16381432.8,16381438.1,5.3,2.11
S057_4,step,roll,16381438.5,16381445.3,6.8,2.38
S057_4,step,roll,16381456.5,16381461.2,4.7,1.29
S057_4,step,roll,16381536.0,16381539.4,3.4,0.86
S057_4,step,roll,16381543.7,16381547.0,3.3,0.82
S057_4,step,roll,16381571.2,16381579.1,7.9,0.83
S057_4,step,roll,16381580.7,16381584.7,4.0,0.93
S057_4,step,roll,16381586.4,16381600.7,14.3,0.96
S057_4,step,roll,16381603.6,16381612.8,9.2,0.89
S057_4,step,roll,16381633.4,16381641.4,8.0,0.83
S057_4,step,roll,16381644.9,16381648.0,3.1,0.83
S057_4,step,roll,16381652.9,16381660.9,8.0,0.92
S057_4,step,roll,16381664.3,16381667.8,3.5,0.96
S057_4,step,roll,16381673.5,16381686.6,13.1,0.98
S057_4,step,roll,16381687.34,16381703.3,15.96,1.05
S057_4,step,roll,16381707.9,16381715.9,8.0,0.89
S057_4,step,roll,16381722.8,16381731.8,9.0,0.84
S057_4,step,roll,16381732.04,16381764.1,32.06,0.95
S057_4,step,roll,16381769.7,16381781.0,11.3,1.16
S057_4,doublet,roll,16381782.4,16381792.7,6.9,1.04|0.92
S057_4,step,roll,16381795.0,16381859.2,64.2,2.99
S057_4,step,roll,16381883.3,16381887.9,4.6,2.48
S057_4,step,roll,16381894.8,16381917.7,22.9,1.01
S057_4,step,roll,16381920.0,16381952.5,32.5,1.28
S057_4,step,roll,16381953.2,16381968.1,14.9,1.19
S057_4,step,roll,16381971.6,16381978.5,6.9,1.04
S057_4,step,roll,16381987.6,16381991.8,4.2,1.11
S057_4,step,roll,16381992.2,16382020.9,28.7,2.36
S057_4,step,roll,16382027.7,16382031.2,3.5,0.92
S057_4,step,roll,16382036.9,16382062.1,25.2,2.97
S057_4,step,roll,16382069.0,16382076.9,7.9,1.74
S057,step,yaw,16374050.2,16374062.4,12.2,27.2
S057,step,yaw,16374062.4,16374066.4,4.0,8.48
S057,doublet,yaw,16374068.8,16374073.2,2.4,4.81|4.54
S057,doublet,yaw,16374074.6,16374079.3,3.9,3.53|8.61
S057,doublet,yaw,16374079.3,16374083.8,4.3,2.77|5.23
S057,doublet,yaw,16374085.0,16374087.9,2.6,8.2|3.77
S057,doublet,yaw,16374090.0,16374094.1,3.0,3.07|8.67
S057,doublet,yaw,16374096.9,16374100.2,3.0,3.21|11.04
S057,doublet,yaw,16374103.0,16374106.9,2.5,2.23|5.55
S057,doublet,yaw,16374106.9,16374111.1,4.0,1.94|2.25
S057,step,yaw,16374111.7,16374121.3,9.6,22.16
S057,step,yaw,16374125.1,16374132.9,7.8,6.53
S057,doublet,yaw,16374132.9,16374138.4,5.2,2.38|4.07
S057,doublet,yaw,16374138.4,16374142.8,4.4,4.01|4.12
S057,doublet,yaw,16374143.4,16374146.9,3.2,3.53|5.89
S057,doublet,yaw,16374147.1,16374150.3,3.2,5.71|6.54
S057,doublet,yaw,16374150.6,16374153.8,2.9,3.67|3.18
S057,step,yaw,16374172.4,16374176.2,3.8,7.43
S057,doublet,yaw,16374182.8,16374186.6,3.8,5.4|9.17
S057,doublet,yaw,16374186.6,16374189.8,3.2,6.34|3.36
S057,doublet,yaw,16374206.7,16374211.0,4.0,3.63|4.06
S057,doublet,yaw,16374226.4,16374230.2,3.2,5.63|2.73
S057,step,yaw,16374236.3,16374243.2,6.9,20.07
S057,step,yaw,16374243.2,16374250.0,6.8,17.77
S057,step,yaw,16374253.4,16374256.6,3.2,9.25
S057,doublet,yaw,16374266.7,16374270.0,3.3,7.55|3.54
S057,step,yaw,16374279.2,16374282.7,3.5,3.61
S057,doublet,yaw,16374285.9,16374288.5,2.3,2.32|3.24
S057,doublet,yaw,16374288.5,16374291.9,3.4,4.63|2.93
S057,doublet,yaw,16374292.6,16374295.5,2.9,1.77|2.87
S057,doublet,yaw,16374295.5,16374298.4,2.9,2.57|4.63
S057,doublet,yaw,16374298.4,16374300.7,2.3,2.1|6.87
S057,doublet,yaw,16374300.7,16374306.4,3.7,2.5|1.48
S057,doublet,yaw,16374315.0,16374324.3,9.3,5.67|2.6
S057,step,yaw,16374325.1,16374337.0,11.9,25.44
S058_1,step,yaw,17073795.0,17073799.9,4.9,8.97
S058_1,step,yaw,17073806.3,17073812.5,6.2,10.74
S058_1,step,yaw,17073816.3,17073824.1,7.8,27.23
S058_1,step,yaw,17073858.5,17073912.699,54.2,4.21
S058_1,step,yaw,17073920.5,17073924.5,4.0,4.96
S058_1,step,yaw,17073930.699,17073935.699,5.0,17.85
S058_1,step,yaw,17073980.1,17073999.199,19.1,4.25
S058_1,step,yaw,17074008.3,17074016.8,8.5,5.97
S058_1,step,yaw,17074031.8,17074039.8,8.0,16.94
S058_1,step,yaw,17074039.8,17074047.4,7.6,22.21
S058_1,step,yaw,17074053.6,17074060.0,6.4,6.1
S058_1,step,yaw,17074098.199,17074115.3,17.1,14.5
S058_1,step,yaw,17074116.8,17074146.4,29.6,6.04
S058_1,doublet,yaw,17074146.4,17074156.0,9.6,16.58|5.62
S058_1,step,yaw,17074161.5,17074176.4,14.9,10.93
S058_1,step,yaw,17074178.9,17074197.8,18.9,6.59
S058_1,step,yaw,17074203.1,17074209.6,6.5,5.72
S058_1,step,roll,17074209.88,17074222.4,12.52,3.55
S058_1,step,pitch,17074217.4,17074221.5,4.1,4.38
S058_1,step,roll,17074242.8,17074255.5,12.7,3.3
S058_1,step,pitch,17074244.6,17074249.9,5.3,2.44
S058_1,step,pitch,17074265.5,17074285.699,20.2,3.44
S058_1,step,roll,17074316.4,17074321.3,4.9,1.37
S058_1,step,roll,17074334.199,17074339.199,5.0,2.51
S058_1,step,roll,17074402.75,17074408.8,6.05,0.84
S058_1,step,roll,17074422.9,17074428.1,5.2,2.71
S058_1,step,roll,17074448.4,17074453.5,5.1,1.07
S058_1,step,roll,17074463.6,17074478.8,15.2,3.05
S058_1,step,roll,17074488.6,17074492.5,3.9,4.14
S058_1,step,roll,17074499.1,17074510.8,11.7,2.29
S058_1,step,roll,17074527.0,17074538.1,11.1,2.08
S058_1,step,roll,17074542.3,17074549.9,7.6,2.09
S058_1,step,roll,17074554.9,17074561.8,6.9,2.02
S058_1,step,roll,17074567.6,17074572.6,5.0,2.05
S058_1,step,roll,17074575.199,17074589.3,14.1,2.52
S058_1,step,roll,17074592.8,17074599.699,6.9,2.02
S058_1,step,roll,17074618.4,17074653.4,35.0,1.51
S058_1,step,roll,17074657.8,17074698.9,41.1,2.02
S058_1,step,roll,17074702.1,17074740.199,38.1,2.76
S058_1,step,roll,17074747.5,17074765.6,18.1,2.69
S058_1,step,roll,17074768.1,17074788.4,20.3,2.19
S058_1,step,roll,17074793.4,17074815.3,21.9,2.6
S058_1,step,roll,17074938.1,17074968.5,30.4,2.05
S058_1,step,roll,17074975.4,17074991.4,16.0,2.7
S058_1,doublet,roll,17075057.4,17075070.1,10.2,2.65|3.03
S058_1,step,roll,17075080.199,17075085.3,5.1,2.33
S058_1,step,roll,17075087.8,17075095.5,7.7,3.53
S058_1,step,pitch,17075171.6,17075180.199,8.6,2.05
S058_1,step,roll,17075179.199,17075189.1,9.9,1.17
S058_1,step,pitch,17075182.0,17075191.8,9.8,1.87
S058_1,step,yaw,17075190.699,17075201.699,11.0,1.03
S058_1,step,pitch,17075206.8,17075217.199,10.4,2.34
S058_1,step,roll,17075214.199,17075226.0,11.8,1.31
S058_1,step,roll,17075227.9,17075247.699,19.8,2.87
S058_1,step,pitch,17075229.6,17075233.9,4.3,1.65
S058_1,step,roll,17075252.8,17075257.199,4.4,2.67
S058_1,step,roll,17075265.3,17075269.199,3.9,1.91
S058_1,step,roll,17075279.699,17075287.3,7.6,1.88
S058_1,step,roll,17075288.359,17075293.4,5.04,0.83
S058_1,step,roll,17075323.8,17075328.0,4.2,0.88
S058_1,step,roll,17075334.0,17075339.1,5.1,0.99
S058_1,step,pitch,17075374.6,17075379.4,4.8,2.22
S058_1,step,roll,17075376.699,17075389.5,12.8,1.1
S058_1,step,pitch,17075381.9,17075450.699,68.8,1.78
S058_1,step,yaw,17075389.8,17075471.0,81.2,1.51
S058_1,step,roll,17075504.0,17075521.8,17.8,1.73
S058_1,step,yaw,17075514.0,17075594.199,80.2,1.99
S058_1,step,roll,17075595.4,17075608.0,12.6,4.42
S058_1,step,roll,17075625.8,17075633.4,7.6,1.39
S058_1,step,roll,17075636.0,17075641.5,5.5,1.55
S058_1,step,roll,17075643.6,17075653.699,10.1,1.05
S058_1,step,roll,17075656.199,17075686.1,29.9,2.97
S058_1,step,roll,17075689.3,17075696.9,7.6,1.08
S058_1,step,roll,17075831.4,17075846.1,14.7,1.06
S058_1,step,roll,17075881.8,17075906.4,24.6,0.96
S058_1,step,pitch,17075899.1,17075952.9,53.8,1.96
S058_1,step,yaw,17075907.3,17075973.4,66.1,1.53
S058_1,step,roll,17076006.3,17076014.1,7.8,1.16
S058_1,step,roll,17076036.9,17076054.699,17.8,2.81
S058_1,step,roll,17076075.0,17076085.1,10.1,2.64
S058_1,step,roll,17076092.699,17076153.6,60.9,3.26
S058_1,step,roll,17076290.699,17076295.699,5.0,1.16
S058_1,step,roll,17076297.5,17076302.4,4.9,1.17
S058_1,step,roll,17076303.3,17076308.0,4.7,1.34
S058_1,step,roll,17076323.3,17076330.8,7.5,1.09
S058_1,step,roll,17076358.9,17076365.699,6.8,1.13
S058_1,step,roll,17076402.199,17076427.699,25.5,0.99
S058_1,step,roll,17076432.8,17076448.0,15.2,1.17
S058_1,step,pitch,17076470.699,17076491.1,20.4,5.85
S058_1,step,roll,17076470.8,17076511.4,40.6,1.55
S058_1,step,roll,17076514.0,17076521.6,7.6,2.57
S058_1,step,roll,17076531.699,17076536.87,5.17,1.29
S058_1,step,roll,17076539.41,17076544.4,4.99,1.37
S058_1,step,yaw,17076541.9,17076596.3,54.4,2.0
S058_1,step,roll,17076597.4,17076610.4,13.0,4.16
S058_1,step,roll,17076611.699,17076625.5,13.8,2.68
S058_1,step,roll,17076656.1,17076663.6,7.5,1.41
S058_1,step,roll,17076787.9,17076861.6,73.7,2.54
S058_1,step,roll,17076876.8,17076899.699,22.9,2.49
S058_1,step,roll,17076904.6,17076993.6,89.0,1.16
S058_1,step,roll,17077001.1,17077078.3,77.2,2.94
S058_1,step,pitch,17077058.9,17077067.1,8.2,1.65
S058_1,step,pitch,17077077.5,17077084.1,6.6,1.58
S058_1,step,yaw,17077078.699,17077153.5,74.8,1.44
S058_1,step,pitch,17077090.0,17077130.199,40.2,1.75
S058_1,step,roll,17077172.3,17077229.6,57.3,1.11
S058_1,step,pitch,17077232.1,17077282.9,50.8,5.96
S058_1,step,yaw,17077262.3,17077279.699,17.4,0.97
S058_1,step,yaw,17077374.199,17077435.5,61.3,1.39
S058_1,step,pitch,17077376.8,17077414.8,38.0,1.8
S058_1,step,roll,17077486.1,17077491.0,4.9,1.05
S058_1,step,roll,17077496.0,17077500.9,4.9,0.99
S058_1,step,roll,17077506.199,17077541.699,35.5,2.49
S058_1,step,pitch,17077665.3,17077670.0,4.7,1.62
S058_1,step,pitch,17077675.8,17077765.0,89.2,2.16
S058_1,step,roll,17077790.4,17077795.5,5.1,1.05
S058_1,step,roll,17077798.0,17077874.1,76.1,2.78
S058_1,step,roll,17077885.8,17077919.8,34.0,1.11
S058_1,step,pitch,17077922.3,17077970.6,48.3,6.0
S058_1,step,roll,17077922.3,17077987.8,65.5,1.66
S058_1,step,roll,17077990.5,17078047.5,57.0,1.19
S058_1,step,roll,17078049.199,17078056.9,7.7,2.33
S058_1,step,roll,17078061.9,17078082.199,20.3,3.1
S058_1,step,roll,17078084.8,17078088.9,4.1,0.86
S058_1,step,pitch,17078089.8,17078093.699,3.9,2.07
S058_1,step,roll,17078117.8,17078125.9,8.1,1.04
S058_1,step,roll,17078127.9,17078138.1,10.2,1.31
S058_1,step,roll,17078143.1,17078148.199,5.1,0.92
S058_1,step,roll,17078155.8,17078168.5,12.7,1.19
S058_1,step,roll,17078186.3,17078206.199,19.9,2.69
S058_1,step,roll,17078209.1,17078216.0,6.9,1.87
S058_1,step,roll,17078254.8,17078259.4,4.6,1.56
S058_1,step,roll,17078264.9,17078271.9,7.0,1.22
S058_1,step,roll,17078275.1,17078284.199,9.1,1.77
S058_1,step,pitch,17078284.199,17078293.699,9.5,2.23
S058_1,step,roll,17078287.8,17078292.4,4.6,2.39
S058_1,step,roll,17078295.429,17078302.199,6.77,1.82
S058_1,step,roll,17078346.1,17078352.8,6.7,1.7
S058_1,step,roll,17078358.8,17078362.8,4.0,1.8
S058_1,step,roll,17078370.6,17078376.6,6.0,1.38
S058_1,step,roll,17078407.0,17078411.6,4.6,2.49
S058_1,step,roll,17078414.699,17078428.3,13.6,2.56
S058_1,step,roll,17078430.8,17078438.6,7.8,2.16
S058_1,step,roll,17078440.4,17078445.1,4.7,1.53
S058_1,step,roll,17078449.3,17078457.0,7.7,2.47
S058_1,step,roll,17078475.6,17078480.6,5.0,4.7
S058_1,step,roll,17078483.199,17078488.6,5.4,4.03
S058_1,step,pitch,17078484.0,17078506.5,22.5,4.14
S058_1,step,yaw,17078488.0,17078493.9,5.9,1.2
S058_1,step,roll,17078490.0,17078498.4,8.4,5.53
S058_1,step,yaw,17078502.5,17078507.9,5.4,1.69
S058_1,step,roll,17078518.699,17078523.8,5.1,3.94
S058_1,step,yaw,17078521.199,17078526.3,5.1,4.65
S058_1,step,pitch,17078523.5,17078527.6,4.1,10.96
S058_1,step,pitch,17078527.6,17078616.4,88.8,9.83
S058_1,step,yaw,17078602.1,17078614.5,12.4,4.35
S058_1,step,pitch,17078617.8,17078669.199,51.4,19.99
S058_1,step,yaw,17078622.1,17078635.4,13.3,8.0
S058_1,step,yaw,17078644.8,17078653.1,8.3,6.46
S058_1,step,yaw,17078658.0,17078670.9,12.9,25.46
S058_2,step,yaw,17081209.6,17081222.699,13.1,20.87
S058_2,step,yaw,17081225.3,17081230.1,4.8,14.06
S058_2,step,yaw,17081230.1,17081244.8,14.7,22.35
S058_2,step,yaw,17081312.1,17081320.4,8.3,19.35
S058_2,step,yaw,17081320.4,17081328.5,8.1,16.03
S058_2,step,yaw,17081383.199,17081390.4,7.2,4.04
S058_2,step,yaw,17081390.4,17081398.8,8.4,16.06
S058_2,step,yaw,17081409.9,17081425.699,15.8,8.87
S058_2,step,yaw,17081426.769,17081437.9,11.13,6.91
S058_2,step,yaw,17081440.699,17081448.199,7.5,18.15
S058_2,step,yaw,17081449.15,17081457.5,8.35,13.55
S058_2,step,yaw,17081460.199,17081470.4,10.2,7.55
S058_2,step,yaw,17081474.199,17081485.4,11.2,7.3
S058_2,step,roll,17081496.0,17081510.6,14.6,3.73
S058_2,step,pitch,17081504.0,17081509.4,5.4,6.01
S058_2,step,roll,17081513.1,17081523.699,10.6,4.77
S058_2,step,roll,17081526.8,17081534.699,7.9,3.16
S058_2,step,pitch,17081541.3,17081595.9,54.6,5.36
S058_2,step,roll,17081541.3,17081549.6,8.3,2.18
S058_2,step,roll,17081561.9,17081569.3,7.4,1.39
S058_2,step,roll,17081672.699,17081685.4,12.7,1.69
S058_2,step,roll,17081689.1,17081693.9,4.8,1.35
S058_2,step,roll,17081700.3,17081746.9,46.6,2.25
S058_2,step,roll,17081753.699,17081773.3,19.6,1.74
S058_2,step,roll,17081775.9,17081804.0,28.1,1.82
S058_2,step,roll,17081811.4,17081829.199,17.8,2.09
S058_2,step,roll,17081862.699,17081867.3,4.6,1.54
S058_2,doublet,roll,17081946.6,17081957.699,11.1,2.77|4.86
S058_2,step,pitch,17081949.4,17081956.8,7.4,2.66
S058_2,doublet,roll,17081968.9,17081980.1,11.2,3.58|3.59
S058_2,doublet,roll,17082038.8,17082050.0,11.2,2.81|4.43
S058_2,step,pitch,17082041.6,17082047.199,5.6,2.11
S058_2,doublet,roll,17082055.5,17082066.699,11.2,3.43|3.53
S058_2,step,pitch,17082103.1,17082131.0,27.9,1.99
S058_2,step,pitch,17082254.0,17082259.6,5.6,2.37
S058_2,step,pitch,17082273.5,17082281.9,8.4,3.05
S058_2,step,pitch,17082287.5,17082351.8,64.3,3.34
S058_2,doublet,roll,17082332.199,17082346.199,11.2,2.7|3.92
S058_2,step,roll,17082349.0,17082357.4,8.4,2.95
S058_2,step,pitch,17082354.6,17082385.199,30.6,2.77
S058_2,step,roll,17082357.4,17082363.0,5.6,3.08
S058_2,step,pitch,17082435.6,17082466.4,30.8,2.14
S058_2,step,roll,17082625.699,17082631.3,5.6,2.91
S058_2,step,roll,17082634.1,17082669.699,35.6,4.04
S058_2,step,roll,17082690.0,17082698.4,8.4,1.06
S058_2,step,pitch,17082709.4,17082726.0,16.6,2.44
S058_2,doublet,roll,17082709.5,17082723.5,11.2,3.33|3.9
S058_2,step,roll,17082729.1,17082737.5,8.4,2.73
S058_2,step,pitch,17082734.699,17082745.5,10.8,2.15
S058_2,step,roll,17082737.5,17082743.1,5.6,3.98
S058_2,step,pitch,17082787.8,17082815.699,27.9,2.71
S058_2,step,roll,17082787.8,17082804.6,16.8,1.76
S058_2,step,pitch,17082820.8,17082829.699,8.9,2.16
S058_2,step,pitch,17082829.699,17082849.199,19.5,7.82
S058_2,step,roll,17082860.5,17082866.1,5.6,3.55
S058_2,step,roll,17082868.8,17082877.199,8.4,2.98
S058_2,doublet,roll,17082877.199,17082890.8,10.8,2.72|1.62
S058_2,step,yaw,17082882.699,17082891.1,8.4,1.24
S058_2,step,roll,17082896.8,17082920.4,23.6,1.51
S058_2,step,roll,17082921.9,17083011.4,89.5,3.31
S058_2,step,yaw,17082927.1,17083003.0,75.9,1.18
S058_2,step,yaw,17083005.8,17083019.6,13.8,1.11
S058_2,step,roll,17083017.0,17083022.6,5.6,1.46
S058_2,step,yaw,17083022.6,17083056.0,33.4,1.31
S058_2,step,yaw,17083093.6,17083139.6,46.0,1.0
S058_2,step,yaw,17083165.1,17083171.4,6.3,1.07
S058_2,step,roll,17083170.699,17083215.0,44.3,3.16
S058_2,step,yaw,17083181.9,17083195.699,13.8,0.96
S058_2,step,roll,17083217.9,17083307.5,89.6,1.67
S058_2,step,pitch,17083290.9,17083311.0,20.1,2.99
S058_2,step,pitch,17083327.199,17083341.0,13.8,2.3
S058_2,step,roll,17083377.5,17083385.9,8.4,1.26
S058_2,step,roll,17083411.0,17083419.4,8.4,3.8
S058_2,step,roll,17083436.199,17083475.3,39.1,4.11
S058_2,step,pitch,17083447.4,17083458.4,11.0,2.05
S058_2,step,roll,17083475.3,17083480.9,5.6,2.52
S058_2,step,roll,17083480.9,17083500.3,19.4,3.02
S058_2,step,pitch,17083486.5,17083494.6,8.1,3.59
S058_2,step,yaw,17083492.1,17083539.5,47.4,3.97
S058_2,step,roll,17083506.1,17083511.6,5.5,1.46
S058_2,doublet,roll,17083517.199,17083530.9,10.9,3.56|3.82
S058_2,step,roll,17083534.0,17083539.3,5.3,2.7
S058_2,step,roll,17083539.3,17083564.8,25.5,6.98
S058_2,step,roll,17083575.9,17083584.199,8.3,1.96
S058_2,step,roll,17083587.1,17083592.699,5.6,1.97
S058_2,step,pitch,17083589.9,17083595.5,5.6,3.17
S058_2,step,roll,17083595.5,17083601.1,5.6,1.54
S058_2,step,yaw,17083595.5,17083648.199,52.7,4.1
S058_2,step,roll,17083606.699,17083612.1,5.4,0.97
S058_2,doublet,roll,17083620.6,17083634.6,11.2,3.34|3.99
S058_2,step,pitch,17083626.199,17083631.6,5.4,2.31
S058_2,step,roll,17083640.199,17083648.1,7.9,2.9
S058_2,step,roll,17083648.1,17083665.4,17.3,6.99
S058_2,step,roll,17083676.5,17083687.699,11.2,1.94
S058_2,step,pitch,17083687.0,17083697.9,10.9,2.19
S058_2,step,roll,17083690.5,17083698.9,8.4,1.21
S058_2,step,pitch,17083740.8,17083757.4,16.6,2.07
S058_2,step,roll,17083760.3,17083766.0,5.7,0.86
S058_2,step,roll,17083770.6,17083785.5,14.9,1.51
S058_2,doublet,roll,17083835.9,17083847.0,11.1,3.67|3.61
S058_2,step,roll,17083852.6,17083858.199,5.6,2.7
S058_2,step,roll,17083858.199,17083880.3,22.1,7.15
S058_2,step,roll,17083886.199,17083901.6,15.4,2.58
S058_2,step,roll,17083905.699,17083921.4,15.7,0.98
S058_2,step,roll,17083922.5,17083934.9,12.4,1.12
S058_2,step,roll,17083939.3,17084011.9,72.6,1.35
S058_2,step,roll,17084014.699,17084034.3,19.6,2.88
S058_2,step,yaw,17084039.9,17084046.8,6.9,1.03
S058_2,step,yaw,17084049.199,17084053.6,4.4,0.92
S058_2,step,yaw,17084056.5,17084069.1,12.6,0.93
S058_2,step,pitch,17084171.1,17084193.6,22.5,3.11
S058_2,step,roll,17084171.199,17084196.4,25.2,1.28
S058_2,step,yaw,17084196.1,17084201.8,5.7,0.99
S058_2,step,roll,17084202.0,17084260.0,58.0,4.03
S058_2,step,roll,17084266.0,17084274.6,8.6,2.12
S058_2,step,roll,17084294.199,17084299.8,5.6,1.11
S058_2,step,roll,17084316.6,17084324.9,8.3,3.33
S058_2,step,roll,17084324.9,17084330.5,5.6,2.9
S058_2,step,roll,17084338.9,17084344.5,5.6,2.28
S058_2,step,roll,17084344.5,17084358.5,14.0,3.7
S058_2,step,roll,17084375.199,17084380.8,5.6,1.18
S058_2,step,roll,17084425.5,17084443.4,17.9,1.26
S058_2,step,roll,17084445.1,17084467.5,22.4,2.93
S058_2,step,yaw,17084457.8,17084463.1,5.3,0.99
S058_2,step,roll,17084478.6,17084484.199,5.6,1.1
S058_2,step,roll,17084484.199,17084509.4,25.2,3.03
S058_2,step,pitch,17084514.9,17084559.3,44.4,3.48
S058_2,step,roll,17084517.5,17084539.1,21.6,2.59
S058_2,step,yaw,17084531.3,17084595.699,64.4,1.67
S058_2,step,roll,17084540.199,17084545.699,5.5,1.23
S058_2,step,roll,17084578.6,17084597.1,18.5,0.92
S058_2,step,roll,17084601.5,17084626.4,24.9,1.09
S058_2,step,roll,17084628.699,17084661.1,32.4,1.05
S058_2,step,roll,17084663.1,17084667.3,4.2,0.84
S058_2,step,roll,17084676.9,17084688.3,11.4,0.93
S058_2,step,roll,17084691.1,17084708.9,17.8,1.35
S058_2,step,pitch,17084699.199,17084721.699,22.5,2.12
S058_2,step,roll,17084716.199,17084735.8,19.6,1.68
S058_2,step,roll,17084746.9,17084760.3,13.4,0.93
S058_2,step,roll,17084761.0,17084771.199,10.2,0.97
S058_2,step,roll,17084772.15,17084779.0,6.85,1.31
S058_2,step,roll,17084780.9,17084800.0,19.1,1.0
S058_2,step,roll,17084802.8,17084808.0,5.2,0.97
S058_2,step,roll,17084811.199,17084816.8,5.6,1.06
S058_2,step,roll,17084819.6,17084830.8,11.2,2.81
S058_2,step,roll,17084847.6,17084861.5,13.9,2.83
S058_2,step,roll,17084869.9,17084920.199,50.3,3.19
S058_2,step,roll,17084925.0,17084934.199,9.2,3.13
S058_2,step,roll,17084942.6,17084965.0,22.4,1.88
S058_2,step,roll,17084981.699,17084990.1,8.4,3.22
S058_2,step,roll,17084990.1,17084995.699,5.6,2.79
S058_2,doublet,roll,17085001.3,17085014.9,10.8,2.3|3.04
S058_2,step,roll,17085112.6,17085194.1,81.5,2.61
S058_2,step,roll,17085208.1,17085233.199,25.1,2.48
S058_2,step,roll,17085236.0,17085314.3,78.3,1.23
S058_2,step,pitch,17085317.0,17085367.4,50.4,5.72
S058_2,step,roll,17085317.1,17085402.0,84.9,1.62
S058_2,step,yaw,17085342.199,17085364.4,22.2,1.01
S058_2,step,roll,17085406.5,17085425.1,18.6,2.47
S058_2,step,pitch,17085414.9,17085498.699,83.8,6.86
S058_2,step,roll,17085428.8,17085434.199,5.4,1.53
S058_2,step,roll,17085470.8,17085476.4,5.6,1.07
S058_2,step,roll,17085523.9,17085532.3,8.4,1.53
S058_2,step,roll,17085535.1,17085540.699,5.6,1.14
S058_2,step,roll,17085714.0,17085719.5,5.5,2.4
S058_2,step,roll,17085730.699,17085757.1,26.4,1.62
S058_2,step,yaw,17085764.0,17085781.0,17.0,1.66
S058_2,step,roll,17085781.0,17085786.6,5.6,1.78
S058_2,step,roll,17085786.6,17085795.0,8.4,2.55
S058_2,step,roll,17085819.8,17085825.1,5.3,0.9
S058_2,step,roll,17085828.5,17085834.0,5.5,0.89
S058_2,step,roll,17085845.1,17085850.9,5.8,0.86
S058_2,step,roll,17085890.0,17085895.6,5.6,2.83
S058_2,step,roll,17085901.199,17085906.699,5.5,2.68
S058_2,step,roll,17085942.9,17085948.6,5.7,0.83
S058_2,step,roll,17085956.5,17085961.699,5.2,0.83
S058_2,step,roll,17085968.3,17085973.9,5.6,2.65
S058_2,step,roll,17085995.199,17086001.8,6.6,0.85
S058_2,step,roll,17086007.199,17086014.4,7.2,0.96
S058_2,step,roll,17086015.85,17086020.1,4.25,0.92
S058_2,step,roll,17086021.44,17086028.5,7.06,0.87
S058_2,step,roll,17086054.9,17086074.5,19.6,1.02
S058_2,step,roll,17086080.1,17086090.699,10.6,2.28
S058_2,step,roll,17086094.0,17086106.0,12.0,1.45
S058_2,step,roll,17086145.5,17086149.9,4.4,0.92
S058_2,step,roll,17086172.3,17086177.9,5.6,2.96
S058_2,step,pitch,17086180.6,17086228.0,47.4,4.24
S058_2,step,roll,17086183.53,17086191.8,8.27,3.29
S058_2,step,roll,17086200.199,17086204.8,4.6,3.05
S058_2,step,roll,17086261.8,17086267.3,5.5,2.3
S058_2,step,yaw,17086297.0,17086302.8,5.8,1.44
S058_2,step,roll,17086303.4,17086309.4,6.0,3.81
S058_2,step,roll,17086311.699,17086316.0,4.3,2.77
S058_2,step,roll,17086333.199,17086338.3,5.1,4.64
S058_2,step,roll,17086340.05,17086351.199,11.15,3.64
S058_2,step,roll,17086376.3,17086381.8,5.5,2.7
S058_2,step,pitch,17086383.199,17086399.3,16.1,3.06
S058_2,step,roll,17086390.35,17086397.3,6.95,2.43
S058_2,step,roll,17086404.3,17086409.9,5.6,3.57
S058_2,step,pitch,17086417.199,17086422.1,4.9,2.05
S058_2,step,roll,17086421.0,17086432.199,11.2,2.48
S058_2,step,pitch,17086428.9,17086439.4,10.5,1.91
S058_2,step,roll,17086435.0,17086443.1,8.1,4.1
S058_2,step,pitch,17086465.1,17086490.9,25.8,3.26
S058_2,step,yaw,17086467.4,17086479.6,12.2,1.73
S058_2,step,roll,17086476.9,17086482.5,5.6,5.11
S058_2,step,yaw,17086482.0,17086509.9,27.9,8.96
S058_2,step,roll,17086493.75,17086498.8,5.05,6.26
S058_2,step,roll,17086499.339,17086504.8,5.46,6.9
S058_2,step,pitch,17086504.4,17086509.9,5.5,10.59
S058_2,step,roll,17086506.4,17086518.8,12.4,6.83
S058_2,step,yaw,17086532.8,17086549.6,16.8,11.49
S058_2,step,yaw,17086554.1,17086563.199,9.1,10.36
S058_2,step,yaw,17086632.3,17086638.1,5.8,4.91
S058_2,step,yaw,17086640.3,17086646.1,5.8,6.05
S058_2,step,yaw,17086646.4,17086654.699,8.3,10.54
S058_2,step,yaw,17086658.6,17086683.8,25.2,12.09
S058_3,step,yaw,17090269.199,17090286.8,17.6,20.74
S058_3,step,yaw,17090292.0,17090297.199,5.2,3.58
S058_3,step,yaw,17090310.699,17090314.699,4.0,2.77
S058_3,step,yaw,17090316.8,17090321.6,4.8,5.41
S058_3,step,yaw,17090324.199,17090330.6,6.4,3.64
S058_3,step,yaw,17090350.94,17090354.8,3.86,1.96
S058_3,step,yaw,17090363.3,17090368.8,5.5,2.56
S058_3,step,yaw,17090374.199,17090381.0,6.8,18.3
S058_3,step,yaw,17090381.0,17090390.6,9.6,18.55
S058_3,step,yaw,17090453.4,17090458.199,4.8,3.62
S058_3,step,yaw,17090458.199,17090474.0,15.8,11.29
S058_3,step,yaw,17090476.6,17090488.6,12.0,7.38
S058_3,step,roll,17090486.199,17090532.9,46.7,3.44
S058_3,step,yaw,17090497.4,17090502.6,5.2,14.55
S058_3,step,yaw,17090511.9,17090525.1,13.2,9.21
S058_3,step,roll,17090555.0,17090571.6,16.6,6.1
S058_3,step,roll,17090577.28,17090585.5,8.22,5.63
S058_3,step,pitch,17090586.6,17090631.699,45.1,4.74
S058_3,step,roll,17090586.609,17090597.199,10.59,3.58
S058_3,step,roll,17090613.4,17090626.199,12.8,2.81
S058_3,step,roll,17090630.9,17090637.3,6.4,1.87
S058_3,step,pitch,17090633.0,17090640.199,7.2,3.09
S058_3,step,roll,17090640.1,17090655.5,15.4,2.58
S058_3,step,roll,17090690.4,17090697.0,6.6,1.5
S058_3,step,roll,17090700.9,17090707.9,7.0,2.3
S058_3,step,roll,17090711.9,17090735.9,24.0,2.65
S058_3,step,roll,17090738.199,17090782.5,44.3,2.93
S058_3,step,roll,17090784.5,17090833.1,48.6,2.92
S058_3,step,pitch,17090833.9,17090842.6,8.7,3.1
S058_3,step,roll,17090833.949,17090842.6,8.65,1.96
S058_3,step,roll,17090847.9,17090852.6,4.7,1.24
S058_3,step,roll,17090859.6,17090864.199,4.6,1.14
S058_3,step,roll,17090959.9,17090964.6,4.7,1.1
S058_3,step,pitch,17091006.6,17091058.199,51.6,2.67
S058_3,step,roll,17091012.6,17091032.199,19.6,1.38
S058_3,doublet,roll,17091041.5,17091055.5,11.6,2.76|2.33
S058_3,step,roll,17091062.5,17091067.199,4.7,2.02
S058_3,step,pitch,17091067.199,17091076.1,8.9,2.01
S058_3,step,roll,17091069.5,17091080.699,11.2,2.98
S058_3,step,roll,17091090.5,17091097.5,7.0,2.75
S058_3,step,pitch,17091092.8,17091102.199,9.4,2.49
S058_3,step,roll,17091137.199,17091155.8,18.6,1.31
S058_3,step,pitch,17091165.0,17091223.6,58.6,4.22
S058_3,step,roll,17091174.6,17091188.6,14.0,1.77
S058_3,step,yaw,17091176.9,17091253.9,77.0,1.84
S058_3,step,pitch,17091272.3,17091280.9,8.6,2.25
S058_3,step,roll,17091277.199,17091286.6,9.4,1.14
S058_3,step,pitch,17091340.199,17091370.5,30.3,2.61
S058_3,step,roll,17091344.9,17091428.9,84.0,1.81
S058_3,step,pitch,17091375.1,17091384.5,9.4,1.81
S058_3,step,pitch,17091398.5,17091410.199,11.7,3.81
S058_3,step,yaw,17091421.699,17091459.1,37.4,1.74
S058_3,step,pitch,17091424.199,17091433.5,9.3,3.79
S058_3,step,pitch,17091473.199,17091531.6,58.4,2.31
S058_3,step,roll,17091473.199,17091549.0,75.8,1.33
S058_3,step,roll,17091550.269,17091557.199,6.93,1.25
S058_3,step,roll,17091580.6,17091591.8,11.2,0.99
S058_3,step,pitch,17091587.5,17091608.5,21.0,2.19
S058_3,step,roll,17091603.9,17091615.5,11.6,1.48
S058_3,step,roll,17091636.5,17091641.269,4.77,0.85
S058_3,step,pitch,17091645.9,17091687.9,42.0,5.7
S058_3,step,roll,17091645.9,17091719.5,73.6,1.81
S058_3,step,roll,17091722.9,17091727.5,4.6,0.88
S058_3,step,roll,17091734.5,17091740.4,5.9,0.88
S058_3,step,roll,17091743.9,17091750.9,7.0,2.82
S058_3,step,pitch,17091748.5,17091753.0,4.5,1.94
S058_3,step,roll,17091757.9,17091764.9,7.0,3.05
S058_3,step,pitch,17091762.5,17091813.9,51.4,2.03
S058_3,step,yaw,17091773.5,17091813.8,40.3,0.97
S058_3,doublet,roll,17091813.6,17091827.8,11.9,1.67|2.81
S058_3,step,pitch,17091818.6,17091851.199,32.6,2.35
S058_3,step,pitch,17091858.199,17091862.8,4.6,1.74
S058_3,step,pitch,17091873.4,17091881.5,8.1,1.9
S058_3,step,yaw,17091939.8,17091955.5,15.7,0.92
S058_3,step,yaw,17092000.5,17092037.9,37.4,1.05
S058_3,step,yaw,17092074.8,17092163.6,88.8,1.12
S058_3,step,roll,17092170.6,17092177.9,7.3,1.45
S058_3,step,roll,17092180.0,17092193.0,13.0,2.15
S058_3,step,roll,17092194.0,17092214.4,20.4,1.53
S058_3,step,roll,17092216.699,17092231.3,14.6,1.27
S058_3,step,roll,17092232.4,17092238.5,6.1,0.86
S058_3,step,roll,17092242.0,17092246.5,4.5,0.84
S058_3,step,roll,17092250.199,17092266.5,16.3,2.52
S058_3,step,roll,17092292.199,17092312.199,20.0,2.49
S058_3,step,roll,17092315.199,17092319.5,4.3,0.88
S058_3,step,roll,17092324.3,17092343.5,19.2,1.08
S058_3,step,roll,17092349.9,17092353.6,3.7,0.87
S058_3,step,roll,17092354.5,17092364.5,10.0,0.89
S058_3,step,roll,17092369.199,17092380.9,11.7,0.98
S058_3,step,pitch,17092392.5,17092454.4,61.9,2.57
S058_3,step,roll,17092404.199,17092408.9,4.7,1.26
S058_3,step,yaw,17092413.1,17092459.4,46.3,1.36
S058_3,step,pitch,17092460.0,17092518.1,58.1,4.46
S058_3,step,roll,17092464.9,17092502.199,37.3,3.8
S058_3,step,roll,17092506.8,17092511.3,4.5,3.71
S058_3,step,pitch,17092523.199,17092527.9,4.7,1.75
S058_3,step,roll,17092523.199,17092527.9,4.7,2.84
S058_3,step,roll,17092553.6,17092565.199,11.6,1.08
S058_3,step,yaw,17092562.9,17092575.4,12.5,1.36
S058_3,step,roll,17092574.5,17092581.5,7.0,2.37
S058_3,step,yaw,17092576.929,17092627.199,50.27,1.6
S058_3,step,roll,17092581.6,17092623.5,41.9,3.95
S058_3,doublet,roll,17092625.9,17092637.5,11.6,2.29|2.15
S058_3,step,yaw,17092630.3,17092658.4,28.1,1.46
S058_3,step,yaw,17092672.199,17092676.1,3.9,0.96
S058_3,step,roll,17092672.5,17092677.199,4.7,1.25
S058_3,step,yaw,17092677.3,17092754.1,76.8,1.51
S058_3,step,roll,17092751.9,17092756.5,4.6,1.78
S058_3,step,roll,17092756.5,17092770.4,13.9,3.05
S058_3,step,yaw,17092756.5,17092793.699,37.2,1.59
S058_3,step,pitch,17092916.8,17092975.5,58.7,4.26
S058_3,step,roll,17092917.5,17092959.3,41.8,4.3
S058_3,step,roll,17092968.9,17092975.9,7.0,1.52
S058_3,step,roll,17093013.25,17093029.3,16.05,1.43
S058_3,step,pitch,17093029.5,17093094.9,65.4,5.88
S058_3,step,yaw,17093078.5,17093089.4,10.9,0.94
S058_3,step,pitch,17093139.199,17093143.1,3.9,2.07
S058_3,step,pitch,17093143.91,17093173.8,29.89,3.69
S058_3,step,pitch,17093174.3,17093255.9,81.6,4.57
S058_3,step,roll,17093274.5,17093290.9,16.4,2.1
S058_3,step,roll,17093293.199,17093342.199,49.0,2.64
S058_3,step,yaw,17093351.5,17093356.0,4.5,0.99
S058_3,step,roll,17093358.5,17093397.5,39.0,2.43
S058_3,step,yaw,17093370.1,17093376.8,6.7,0.88
S058_3,step,roll,17093398.24,17093456.5,58.26,1.2
S058_3,step,roll,17093458.9,17093501.1,42.2,2.6
S058_3,step,pitch,17093473.5,17093489.9,16.4,2.53
S058_3,step,roll,17093598.8,17093614.199,15.4,3.13
S058_3,step,roll,17093626.9,17093640.9,14.0,2.06
S058_3,step,roll,17093645.5,17093661.9,16.4,2.66
S058_3,step,roll,17093666.5,17093694.5,28.0,2.5
S058_3,step,roll,17093699.199,17093734.199,35.0,2.4
S058_3,step,roll,17093741.199,17093755.199,14.0,2.57
S058_3,step,yaw,17093762.199,17093767.6,5.4,0.98
S058_3,step,yaw,17093780.699,17093787.5,6.8,0.89
S058_3,step,pitch,17093952.199,17093957.699,5.5,1.73
S058_3,step,roll,17093967.1,17093974.5,7.4,2.11
S058_3,step,pitch,17093974.3,17094063.199,88.9,5.76
S058_3,step,roll,17093986.0,17094075.6,89.6,1.58
S058_3,step,roll,17094077.1,17094107.5,30.4,1.31
S058_3,step,pitch,17094077.199,17094112.199,35.0,3.19
S058_3,step,yaw,17094109.6,17094114.5,4.9,0.93
S058_3,step,roll,17094114.5,17094160.8,46.3,1.74
S058_3,step,pitch,17094121.5,17094163.5,42.0,3.39
S058_3,step,roll,17094171.6,17094210.199,38.6,2.87
S058_3,step,pitch,17094213.8,17094249.1,35.3,2.29
S058_3,step,roll,17094216.5,17094265.0,48.5,1.15
S058_3,step,pitch,17094251.9,17094263.6,11.7,2.05
S058_3,step,roll,17094265.699,17094269.4,3.7,1.04
S058_3,step,roll,17094275.5,17094298.8,23.3,1.68
S058_3,step,pitch,17094277.6,17094287.199,9.6,1.78
S058_3,step,pitch,17094291.9,17094298.5,6.6,1.95
S058_3,step,pitch,17094301.199,17094320.4,19.2,2.16
S058_3,step,roll,17094301.199,17094312.3,11.1,1.01
S058_3,step,roll,17094323.9,17094344.4,20.5,1.62
S058_3,step,roll,17094345.6,17094355.6,10.0,1.55
S058_3,step,roll,17094370.699,17094377.0,6.3,1.47
S058_3,step,roll,17094390.9,17094408.8,17.9,1.76
S058_3,step,roll,17094423.3,17094448.0,24.7,2.09
S058_3,step,roll,17094448.23,17094473.8,25.57,1.7
S058_3,step,roll,17094490.199,17094500.6,10.4,2.82
S058_3,step,roll,17094508.8,17094522.699,13.9,1.77
S058_3,step,pitch,17094513.199,17094517.4,4.2,2.1
S058_3,step,roll,17094525.199,17094552.199,27.0,2.8
S058_3,step,pitch,17094540.699,17094592.9,52.2,4.86
S058_3,step,roll,17094553.22,17094559.3,6.08,1.33
S058_3,step,roll,17094562.199,17094565.9,3.7,1.76
S058_3,step,roll,17094574.199,17094578.9,4.7,2.35
S058_3,step,roll,17094597.5,17094602.6,5.1,3.05
S058_3,step,roll,17094604.5,17094609.199,4.7,2.37
S058_3,step,pitch,17094611.5,17094618.1,6.6,3.15
S058_3,step,roll,17094611.5,17094618.3,6.8,3.34
S058_3,step,pitch,17094620.5,17094627.699,7.2,2.85
S058_3,step,roll,17094624.199,17094629.9,5.7,4.74
S058_3,step,roll,17094637.24,17094645.9,8.66,1.66
S058_3,step,pitch,17094648.8,17094655.199,6.4,2.53
S058_3,doublet,roll,17094648.9,17094657.699,8.8,3.1|7.13
S058_3,step,yaw,17094656.5,17094692.5,36.0,11.46
S058_3,step,pitch,17094656.8,17094663.9,7.1,4.19
S058_3,step,roll,17094660.5,17094684.1,23.6,8.99
S058_3,step,pitch,17094666.0,17094673.9,7.9,3.58
S058_3,step,roll,17094684.8,17094688.9,4.1,5.26
S058_3,step,roll,17094690.8,17094697.8,7.0,3.96
S058_3,step,pitch,17094692.199,17094702.1,9.9,7.79
S058_3,step,roll,17094700.199,17094739.8,39.6,3.69
S058_3,step,pitch,17094702.1,17094774.3,72.2,10.64
S058_3,step,yaw,17094735.1,17094744.5,9.4,4.56
S058_3,step,roll,17094744.5,17094749.1,4.6,1.88
S058_3,step,yaw,17094749.199,17094753.8,4.6,2.61
S058_3,step,yaw,17094758.5,17094774.8,16.3,8.67
S058_4,step,roll,17096643.1,17096661.3,18.2,1.45
S058_4,step,yaw,17096818.3,17096836.5,18.2,18.14
S058_4,step,yaw,17096841.9,17096857.0,15.1,18.56
S058_4,step,yaw,17096862.5,17096866.6,4.1,2.08
S058_4,step,yaw,17096893.9,17096898.199,4.3,4.07
S058_4,step,yaw,17096921.5,17096928.4,6.9,17.69
S058_4,step,yaw,17096929.699,17096939.3,9.6,13.58
S058_4,step,yaw,17096958.4,17096964.699,6.3,3.6
S058_4,doublet,yaw,17096975.0,17096980.5,5.5,1.61|6.01
S058_4,step,yaw,17096986.0,17096991.9,5.9,4.66
S058_4,step,yaw,17097004.9,17097020.1,15.2,15.49
S058_4,step,yaw,17097020.6,17097034.4,13.8,15.8
S058_4,doublet,yaw,17097035.4,17097043.5,6.39,8.16|7.0
S058_4,step,yaw,17097057.3,17097080.4,23.1,10.68
S058_4,step,roll,17097076.5,17097114.9,38.4,10.4
S058_4,step,pitch,17097101.199,17097105.1,3.9,4.53
S058_4,step,roll,17097116.3,17097119.8,3.5,3.85
S058_4,step,roll,17097121.1,17097166.9,45.8,4.63
S058_4,step,pitch,17097132.5,17097139.199,6.7,2.74
S058_4,step,pitch,17097150.6,17097184.9,34.3,4.76
S058_4,step,roll,17097171.199,17097176.6,5.4,2.1
S058_4,step,roll,17097183.5,17097188.6,5.1,2.38
S058_4,step,roll,17097195.9,17097204.1,8.2,2.12
S058_4,step,roll,17097205.5,17097213.699,8.2,2.64
S058_4,step,roll,17097215.1,17097219.199,4.1,2.99
S058_4,step,roll,17097221.3,17097227.8,6.5,3.24
S058_4,step,roll,17097228.6,17097242.5,13.9,2.5
S058_4,step,pitch,17097231.199,17097243.8,12.6,2.55
S058_4,step,roll,17097245.199,17097260.9,15.7,2.48
S058_4,step,roll,17097267.199,17097275.4,8.2,3.87
S058_4,step,roll,17097383.8,17097431.8,48.0,4.92
S058_4,step,roll,17097435.0,17097456.5,21.5,2.04
S058_4,step,roll,17097457.9,17097479.0,21.1,2.61
S058_4,step,roll,17097479.88,17097497.6,17.72,1.81
S058_4,step,roll,17097499.0,17097527.8,28.8,1.77
S058_4,step,roll,17097532.0,17097542.9,10.9,2.82
S058_4,step,roll,17097548.4,17097559.4,11.0,2.46
S058_4,step,roll,17097562.1,17097566.199,4.1,1.44
S058_4,step,roll,17097570.199,17097588.1,17.9,2.64
S058_4,step,yaw,17097593.4,17097637.4,44.0,1.94
S058_4,step,pitch,17097662.3,17097674.4,12.1,2.33
S058_4,step,roll,17097669.1,17097679.9,10.8,1.31
S058_4,step,yaw,17097887.6,17097965.699,78.1,1.08
S058_4,step,pitch,17098168.8,17098172.6,3.8,1.72
S058_4,step,pitch,17098188.9,17098194.199,5.3,2.2
S058_4,step,roll,17098202.8,17098220.6,17.8,2.74
S058_4,step,yaw,17098332.8,17098338.5,5.7,0.94
S058_4,step,yaw,17098346.8,17098360.4,13.6,0.97
S058_4,step,roll,17098462.0,17098526.5,64.5,1.24
S058_4,step,roll,17098529.3,17098533.4,4.1,0.92
S058_4,step,roll,17098536.1,17098574.5,38.4,1.31
S058_4,step,roll,17098578.6,17098582.8,4.2,0.93
S058_4,step,roll,17098586.9,17098590.9,4.0,1.48
S058_4,step,roll,17098593.699,17098652.699,59.0,2.01
S058_4,step,roll,17098655.5,17098671.9,16.4,1.37
S058_4,step,roll,17098674.699,17098678.8,4.1,1.13
S058_4,step,roll,17098681.5,17098695.199,13.7,1.42
S058_4,step,roll,17098696.6,17098713.699,17.1,1.55
S058_4,step,pitch,17098700.199,17098714.5,14.3,1.99
S058_4,step,roll,17098715.0,17098752.9,37.9,1.64
S058_4,step,roll,17098754.199,17098762.4,8.2,1.48
S058_4,step,roll,17098765.199,17098770.3,5.1,1.3
S058_4,step,roll,17098772.1,17098785.6,13.5,1.22
S058_4,step,roll,17098788.5,17098803.6,15.1,1.23
S058_4,step,roll,17098805.0,17098837.9,32.9,1.48
S058_4,step,roll,17098842.0,17098862.5,20.5,1.37
S058_4,step,roll,17098864.0,17098869.0,5.0,1.7
S058_4,step,roll,17098872.199,17098887.3,15.1,2.44
S058_4,step,roll,17098891.4,17098899.1,7.7,1.68
S058_4,step,roll,17098900.4,17098909.199,8.8,2.41
S058_4,step,roll,17098912.0,17098922.4,10.4,1.36
S058_4,step,roll,17098933.9,17098951.5,17.6,1.83
S058_4,step,pitch,17098934.0,17098938.199,4.2,1.83
S058_4,step,pitch,17098938.9,17098944.9,6.0,1.71
S058_4,step,roll,17098953.1,17098973.699,20.6,1.46
S058_4,step,pitch,17098965.0,17098968.1,3.1,1.71
S058_4,step,pitch,17098969.6,17098974.1,4.5,1.94
S058_4,step,roll,17098984.699,17099007.5,22.8,1.59
S058_4,step,roll,17099012.1,17099065.6,53.5,2.61
S058_4,step,pitch,17099034.1,17099037.9,3.8,1.6
S058_4,step,pitch,17099051.98,17099056.0,4.02,1.81
S058_4,step,roll,17099068.4,17099077.6,9.2,2.1
S058_4,step,roll,17099080.699,17099084.699,4.0,2.96
S058_4,step,roll,17099086.199,17099089.8,3.6,1.48
S058_4,step,roll,17099094.4,17099101.3,6.9,2.01
S058_4,step,roll,17099105.4,17099131.5,26.1,2.19
S058_4,step,roll,17099133.4,17099138.0,4.6,2.11
S058_4,step,roll,17099139.699,17099157.5,17.8,2.67
S058_4,step,roll,17099169.5,17099191.8,22.3,3.77
S058_4,step,roll,17099193.199,17099200.1,6.9,2.76
S058_4,step,roll,17099200.9,17099207.5,6.6,2.0
S058_4,step,roll,17099211.0,17099223.199,12.2,3.86
S058_4,step,pitch,17099219.33,17099223.4,4.07,1.9
S058_4,doublet,roll,17099223.199,17099234.3,7.0,2.81|2.48
S058_4,step,pitch,17099224.8,17099234.3,9.5,2.25
S058_4,step,pitch,17099234.41,17099237.9,3.49,2.04
S058_4,doublet,roll,17099236.3,17099248.1,11.7,1.7|5.08
S058_4,step,pitch,17099240.5,17099264.3,23.8,3.07
S058_4,step,roll,17099250.8,17099260.4,9.6,4.79
S058_4,step,pitch,17099264.589,17099269.1,4.51,2.58
S058_4,step,roll,17099267.3,17099276.6,9.3,4.02
S058_4,step,yaw,17099274.0,17099293.1,19.1,2.99
S058_4,step,roll,17099280.699,17099286.4,5.7,7.49
S058_4,step,pitch,17099288.6,17099293.3,4.7,8.35
S058_4,step,yaw,17099303.199,17099306.8,3.6,5.62
S058_4,step,yaw,17099332.699,17099356.1,23.4,6.93
S058_4,step,yaw,17099363.3,17099383.9,20.6,8.36
S059,step,roll,17176509.0,17176531.199,22.2,1.39
S059,step,yaw,17176511.4,17176514.6,3.2,2.17
S059,step,yaw,17176516.1,17176521.0,4.9,1.69
S059,step,yaw,17176521.0,17176533.1,12.1,22.45
S059,step,roll,17176532.9,17176545.0,12.1,18.89
S059,doublet,yaw,17176534.4,17176550.0,10.4,9.06|27.26
S059,step,yaw,17176556.6,17176561.3,4.7,4.59
S059,step,yaw,17176572.8,17176577.8,5.0,2.43
S059,step,yaw,17176582.0,17176586.699,4.7,2.44
S059,step,yaw,17176592.0,17176600.699,8.7,21.29
S059,step,yaw,17176606.9,17176611.4,4.5,6.89
S059,step,yaw,17176614.9,17176618.6,3.7,5.27
S059,step,yaw,17176623.92,17176628.6,4.68,6.63
S059,step,yaw,17176652.3,17176655.6,3.3,4.95
S059,step,yaw,17176657.4,17176661.1,3.7,7.64
S059,step,yaw,17176666.1,17176669.3,3.2,3.64
S059,step,yaw,17176685.699,17176693.3,7.6,6.49
S059,step,yaw,17176698.31,17176705.3,6.99,16.63
S059,step,yaw,17176705.3,17176712.4,7.1,17.32
S059,step,yaw,17176713.8,17176717.699,3.9,3.6
S059,step,yaw,17176728.42,17176731.5,3.08,5.91
S059,step,yaw,17176744.3,17176749.6,5.3,3.67
S059,step,yaw,17176775.9,17176786.8,10.9,11.41
S059,step,yaw,17176787.3,17176793.6,6.3,2.46
S059,step,roll,17176792.1,17176816.8,24.7,10.91
S059,step,yaw,17176809.9,17176854.1,44.2,6.05
S059,step,yaw,17176856.1,17176861.1,5.0,4.17
S059,step,yaw,17176868.3,17176880.699,12.4,10.95
S059,step,yaw,17176880.699,17176885.3,4.6,14.7
S059,step,yaw,17176887.699,17176891.0,3.3,8.25
S059,step,roll,17176889.5,17176903.699,14.2,10.49
S059,step,yaw,17176892.4,17176923.199,30.8,6.47
S059,step,pitch,17176907.3,17176921.4,14.1,5.68
S059,step,roll,17176908.0,17176944.4,36.4,7.7
S059,step,roll,17176946.199,17176969.3,23.1,5.01
S059,step,roll,17176971.0,17176978.699,7.7,2.89
S059,step,roll,17176987.0,17176991.4,4.4,1.93
S059,step,roll,17176992.199,17176997.1,4.9,1.76
S059,step,roll,17176998.699,17177013.0,14.3,1.96
S059,step,pitch,17177014.199,17177018.9,4.7,1.94
S059,step,roll,17177019.6,17177033.9,14.3,2.88
S059,step,roll,17177037.9,17177041.9,4.0,3.65
S059,step,roll,17177043.6,17177063.1,19.5,2.44
S059,step,roll,17177064.6,17177070.199,5.6,1.7
S059,step,roll,17177072.0,17177077.3,5.3,1.72
S059,step,roll,17177079.1,17177085.5,6.4,3.41
S059,step,roll,17177086.21,17177132.199,45.99,4.5
S059,step,roll,17177133.5,17177148.1,14.6,4.31
S059,step,pitch,17177143.3,17177146.6,3.3,1.91
S059,step,roll,17177149.9,17177192.3,42.4,3.33
S059,step,roll,17177192.9,17177216.1,23.2,2.69
S059,step,roll,17177222.6,17177226.1,3.5,1.34
S059,step,pitch,17177396.0,17177410.199,14.2,1.66
S059,step,roll,17177417.4,17177422.699,5.3,1.47
S059,step,roll,17177424.5,17177440.4,15.9,3.21
S059,step,roll,17177442.199,17177445.699,3.5,2.77
S059,step,roll,17177461.699,17177465.199,3.5,2.12
S059,step,pitch,17177466.9,17177472.3,5.4,1.6
S059,step,pitch,17177482.699,17177488.199,5.5,1.57
S059,step,roll,17177498.699,17177506.6,7.9,1.28
S059,step,pitch,17177518.3,17177525.1,6.8,1.73
S059,step,roll,17177530.699,17177534.3,3.6,0.94
S059,step,roll,17177555.6,17177566.199,10.6,1.22
S059,step,pitch,17177568.0,17177576.8,8.8,2.07
S059,step,roll,17177585.699,17177589.199,3.5,0.98
S059,step,roll,17177606.9,17177612.199,5.3,0.94
S059,step,roll,17177752.199,17177759.0,6.8,1.21
S059,step,roll,17177787.6,17177792.9,5.3,1.1
S059,step,roll,17177835.4,17177840.5,5.1,1.59
S059,step,pitch,17177837.199,17177840.699,3.5,2.34
S059,step,roll,17177846.0,17177849.6,3.6,1.22
S059,step,roll,17177885.0,17177888.5,3.5,1.28
S059,step,roll,17177908.0,17177911.6,3.6,1.11
S059,step,yaw,17177968.3,17178042.6,74.3,1.34
S059,step,yaw,17178048.0,17178051.5,3.5,0.94
S059,step,roll,17178065.72,17178075.3,9.58,1.29
S059,step,roll,17178076.3,17178079.8,3.5,1.26
S059,doublet,roll,17178095.699,17178111.699,10.7,1.88|3.53
S059,step,roll,17178127.71,17178180.8,53.09,3.08
S059,step,yaw,17178148.9,17178170.199,21.3,0.98
S059,step,yaw,17178180.8,17178187.8,7.0,0.96
S059,step,yaw,17178189.6,17178203.8,14.2,1.18
S059,step,yaw,17178205.6,17178225.1,19.5,1.05
S059,step,pitch,17178228.4,17178239.3,10.9,1.92
S059,step,yaw,17178240.9,17178261.9,21.0,1.13
S059,step,yaw,17178273.9,17178313.5,39.6,1.02
S059,step,yaw,17178355.8,17178362.1,6.3,1.09
S059,step,pitch,17178359.4,17178369.3,9.9,1.69
S059,step,pitch,17178377.4,17178395.1,17.7,2.22
S059,step,yaw,17178405.699,17178428.8,23.1,1.12
S059,step,roll,17178437.5,17178444.6,7.1,0.88
S059,step,roll,17178448.1,17178457.17,9.07,0.89
S059,step,roll,17178462.4,17178513.839,51.44,1.38
S059,step,yaw,17178478.1,17178492.5,14.4,0.98
S059,step,roll,17178517.3,17178520.4,3.1,1.07
S059,step,roll,17178520.9,17178573.5,52.6,1.42
S059,step,yaw,17178527.699,17178547.199,19.5,0.93
S059,step,yaw,17178552.6,17178566.4,13.8,0.98
S059,step,yaw,17178687.3,17178692.5,5.2,0.94
S059,step,yaw,17178696.199,17178708.6,12.4,1.16
S059,step,roll,17178703.3,17178717.5,14.2,2.73
S059,step,roll,17178855.6,17178880.4,24.8,2.18
S059,step,roll,17178884.0,17178891.1,7.1,2.85
S059,step,yaw,17178887.5,17178894.6,7.1,0.93
S059,step,yaw,17178907.0,17178938.9,31.9,0.95
S059,step,yaw,17179057.5,17179061.0,3.5,1.05
S059,step,roll,17179062.5,17179067.199,4.7,0.97
S059,step,roll,17179075.0,17179143.9,68.9,1.85
S059,step,yaw,17179082.4,17179107.0,24.6,1.07
S059,step,yaw,17179127.5,17179131.1,3.6,0.86
S059,step,yaw,17179131.5,17179134.9,3.4,0.87
S059,step,roll,17179147.9,17179158.1,10.2,1.47
S059,step,roll,17179259.56,17179293.199,33.64,2.97
S059,step,roll,17179296.699,17179317.699,21.0,3.04
S059,step,roll,17179319.699,17179331.9,12.2,2.49
S059,step,roll,17179333.5,17179357.5,24.0,3.31
S059,step,roll,17179367.5,17179376.3,8.8,3.01
S059,step,roll,17179378.199,17179392.199,14.0,3.43
S059,step,roll,17179394.1,17179402.199,8.1,2.02
S059,step,roll,17179404.699,17179408.6,3.9,2.58
S059,step,roll,17179416.0,17179432.6,16.6,4.06
S059,step,roll,17179433.13,17179438.4,5.27,3.88
S059,step,roll,17179443.699,17179453.4,9.7,2.89
S059,step,roll,17179454.699,17179471.699,17.0,4.01
S059,step,roll,17179474.5,17179486.9,12.4,2.07
S059,step,roll,17179491.3,17179505.699,14.4,3.16
S059,step,roll,17179507.5,17179519.5,12.0,3.24
S059,step,roll,17179521.6,17179554.0,32.4,2.32
S059,step,roll,17179558.199,17179567.699,9.5,4.9
S059,step,roll,17179581.4,17179585.4,4.0,1.8
S059,step,roll,17179585.4,17179596.0,10.6,3.61
S059,step,roll,17179597.8,17179604.199,6.4,4.88
S059,step,roll,17179605.3,17179612.5,7.2,4.51
S059,step,roll,17179615.5,17179620.699,5.2,3.67
S059,step,roll,17179624.0,17179631.5,7.5,4.47
S059,step,roll,17179635.0,17179638.6,3.6,1.8
S059,step,roll,17179645.199,17179649.199,4.0,4.72
S059,step,roll,17179656.3,17179659.8,3.5,3.15
S059,step,roll,17179669.5,17179674.0,4.5,1.38
S059,step,roll,17179675.699,17179681.699,6.0,9.05
S059,step,yaw,17179681.1,17179733.9,52.8,18.52
S059,step,roll,17179682.8,17179696.8,14.0,9.78
S059,step,roll,17179698.8,17179708.8,10.0,10.96
S059,step,roll,17179733.9,17179741.3,7.4,8.49
S059,step,yaw,17179741.3,17179792.6,51.3,10.69
S059,step,yaw,17179796.199,17179808.5,12.3,4.2
S059,step,yaw,17179812.1,17179840.5,28.4,15.33
S059,step,yaw,17179840.5,17179849.9,9.4,8.49
S059,step,roll,17179859.9,17179902.5,42.6,1.77
S059,doublet,yaw,17179861.769,17179872.1,6.03,1.76|3.58
S059,step,yaw,17179875.9,17179880.1,4.2,5.97
S059,step,yaw,17179882.8,17179891.199,8.4,4.21
S059,step,yaw,17179893.6,17179901.8,8.2,18.2
S059,step,roll,17179902.5,17179934.5,32.0,20.14
S059,step,yaw,17179911.3,17179922.6,11.3,23.22
S061_1,step,yaw,18299770.8,18299781.5,10.7,1.03
S061_1,step,yaw,18299790.5,18299793.8,3.3,0.99
S061_1,step,yaw,18299873.5,18299886.9,13.4,1.66
S061_1,step,yaw,18299886.9,18299933.7,46.8,14.28
S061_1,step,pitch,18299919.6,18299941.5,21.9,7.01
S061_1,step,pitch,18299942.5,18299994.0,51.5,7.98
S061_1,step,pitch,18299994.8,18299998.1,3.3,6.79
S061_1,step,pitch,18300034.8,18300039.3,4.5,6.22
S061_2,doublet,yaw,18302386.8,18302393.0,5.1,20.55|10.88
S061_2,step,yaw,18302399.5,18302408.2,8.7,27.17
S061_2,step,yaw,18302408.2,18302412.5,4.3,17.95
S061_2,step,yaw,18302414.7,18302420.4,5.7,10.59
S061_2,step,yaw,18302421.7,18302424.9,3.2,3.47
S061_2,step,yaw,18302425.57,18302428.8,3.23,6.33
S061_2,step,yaw,18302440.6,18302447.2,6.6,5.36
S061_2,doublet,yaw,18302452.3,18302464.5,9.07,3.69|23.56
S061_2,doublet,yaw,18302466.3,18302475.3,9.0,7.68|18.91
S061_2,step,yaw,18302485.3,18302490.2,4.9,7.36
S061_2,step,yaw,18302490.53,18302494.7,4.17,7.49
S061_2,step,yaw,18302495.9,18302502.4,6.5,6.07
S061_2,step,yaw,18302503.5,18302507.3,3.8,10.27
S061_2,step,yaw,18302507.8,18302530.5,22.7,9.37
S061_2,step,yaw,18302531.6,18302541.3,9.7,9.54
S061_2,step,yaw,18302543.5,18302555.9,12.4,12.39
S061_2,step,yaw,18302556.4,18302564.3,7.9,7.4
S061_2,step,yaw,18302570.8,18302584.7,13.9,4.99
S061_2,step,yaw,18302585.6,18302591.2,5.6,9.58
S061_2,doublet,yaw,18302591.2,18302604.2,10.8,23.11|11.16
S061_2,step,yaw,18302604.2,18302614.3,10.1,8.99
S061_2,step,yaw,18302614.8,18302617.8,3.0,5.7
S061_2,step,yaw,18302621.3,18302629.1,7.8,8.31
S061_2,step,yaw,18302630.0,18302646.4,16.4,13.49
S061_2,step,yaw,18302647.5,18302651.8,4.3,8.59
S061_2,step,yaw,18302652.9,18302655.9,3.0,9.25
S061_2,step,yaw,18302657.2,18302670.3,13.1,8.25
S061_2,step,roll,18302763.3,18302768.6,5.3,1.78
S061_2,step,roll,18302770.9,18302798.0,27.1,3.91
S061_2,doublet,yaw,18302773.6,18302779.6,4.6,2.75|8.74
S061_2,step,yaw,18302785.0,18302798.0,13.0,18.37
S061_2,step,roll,18302798.0,18302822.1,24.1,7.56
S061_2,doublet,yaw,18302799.5,18302808.6,6.0,5.09|7.86
S061_2,step,yaw,18302810.9,18302817.5,6.6,8.4
S061_2,step,pitch,18302814.0,18302817.7,3.7,3.35
S061_2,step,pitch,18302819.6,18302853.7,34.1,7.18
S061_2,step,roll,18302822.9,18302827.7,4.8,2.63
S061_2,step,roll,18302830.5,18302842.2,11.7,5.25
S061_2,step,roll,18302843.4,18302860.8,17.4,4.37
S061_2,step,roll,18302864.0,18302872.7,8.7,2.26
S061_2,step,roll,18302877.9,18302891.1,13.2,4.61
S061_2,step,roll,18302893.2,18302900.2,7.0,2.63
S061_2,step,pitch,18302901.5,18302905.4,3.9,1.98
S061_2,step,pitch,18302905.6,18302926.0,20.4,2.26
S061_2,step,roll,18302906.28,18302909.5,3.22,4.62
S061_2,doublet,roll,18302921.1,18302933.0,9.0,2.47|3.19
S061_2,step,pitch,18302927.9,18302961.4,33.5,2.42
S061_2,step,roll,18302934.1,18302938.4,4.3,2.71
S061_2,step,roll,18302939.1,18302943.0,3.9,2.41
S061_2,step,roll,18302951.3,18302956.5,5.2,2.9
S061_2,step,pitch,18302961.8,18302972.7,10.9,1.73
S061_2,step,roll,18302970.1,18302973.4,3.3,1.84
S061_2,step,roll,18302974.4,18302977.5,3.1,1.31
S061_2,step,roll,18302984.1,18302991.5,7.4,1.16
S061_2,step,yaw,18302998.9,18303004.4,5.5,0.95
S061_2,step,roll,18303001.5,18303006.4,4.9,1.14
S061_2,step,roll,18303006.97,18303022.1,15.13,0.94
S061_2,step,roll,18303026.4,18303029.6,3.2,1.0
S061_2,step,roll,18303067.4,18303070.8,3.4,1.34
S061_2,step,pitch,18303075.1,18303080.8,5.7,1.59
S061_2,step,roll,18303079.4,18303082.7,3.3,0.84
S061_2,step,pitch,18303081.15,18303105.5,24.35,1.61
S061_2,step,roll,18303118.4,18303121.7,3.3,0.87
S061_2,step,pitch,18303133.2,18303137.0,3.8,1.57
S061_2,step,pitch,18303137.6,18303199.4,61.8,1.61
S061_2,step,roll,18303198.6,18303205.1,6.5,2.78
S061_2,doublet,roll,18303211.6,18303217.0,5.4,1.91|2.27
S061_2,doublet,roll,18303218.0,18303228.9,6.6,1.42|2.45
S061_2,step,pitch,18303220.8,18303225.6,4.8,1.59
S061_2,step,yaw,18303364.26,18303369.0,4.74,0.99
S061_2,step,roll,18303376.1,18303382.6,6.5,1.32
S061_2,step,roll,18303572.1,18303584.0,11.9,4.46
S061_2,step,pitch,18303578.6,18303583.3,4.7,2.9
S061_2,step,roll,18303589.4,18303597.7,8.3,2.48
S061_2,step,pitch,18303596.6,18303610.0,13.4,2.76
S061_2,step,roll,18303602.4,18303608.4,6.0,1.29
S061_2,step,roll,18303608.96,18303618.6,9.64,3.62
S061_2,doublet,roll,18303620.7,18303628.4,5.6,0.99|1.24
S061_2,step,pitch,18303622.5,18303673.5,51.0,4.18
S061_2,step,roll,18303631.6,18303638.1,6.5,1.62
S061_2,step,yaw,18303651.1,18303664.7,13.6,1.05
S061_2,step,roll,18303667.4,18303676.0,8.6,5.24
S061_2,step,pitch,18303676.6,18303689.6,13.0,3.18
S061_2,step,roll,18303680.4,18303698.8,18.4,2.66
S061_2,step,roll,18303700.9,18303706.3,5.4,3.48
S061_2,step,roll,18303761.6,18303764.8,3.2,1.06
S061_2,doublet,roll,18303790.8,18303806.7,10.6,3.61|1.04
S061_2,step,pitch,18303797.9,18303803.31,5.41,2.99
S061_2,step,roll,18303809.2,18303817.6,8.4,1.74
S061_2,step,yaw,18303835.1,18303840.5,5.4,1.12
S061_2,step,roll,18303847.1,18303850.3,3.2,1.3
S061_2,step,roll,18303872.9,18303924.0,51.1,2.62
S061_2,step,yaw,18303933.3,18303938.0,4.7,0.92
S061_2,step,roll,18303940.2,18303992.2,52.0,2.4
S061_2,step,roll,18303993.3,18303997.8,4.5,0.87
S061_2,step,roll,18304021.3,18304026.8,5.5,0.87
S061_2,step,roll,18304030.1,18304039.8,9.7,0.93
S061_2,step,roll,18304042.0,18304046.3,4.3,0.94
S061_2,step,roll,18304050.6,18304127.2,76.6,1.39
S061_2,step,roll,18304130.8,18304137.3,6.5,5.36
S061_2,step,yaw,18304131.9,18304141.4,9.5,1.39
S061_2,step,roll,18304140.5,18304150.7,10.2,3.97
S061_2,step,roll,18304153.5,18304158.8,5.3,1.12
S061_2,step,roll,18304164.3,18304168.2,3.9,1.03
S061_2,step,roll,18304173.0,18304180.6,7.6,1.01
S061_2,step,roll,18304206.6,18304210.9,4.3,0.95
S061_2,step,roll,18304228.0,18304231.5,3.5,1.23
S061_2,step,roll,18304234.7,18304237.9,3.2,1.11
S061_2,step,roll,18304239.0,18304242.3,3.3,1.1
S061_2,step,roll,18304243.4,18304248.4,5.0,1.04
S061_2,step,roll,18304250.9,18304254.2,3.3,1.2
S061_2,step,roll,18304259.6,18304263.1,3.5,1.51
S061_2,step,roll,18304265.08,18304281.3,16.22,1.19
S061_2,step,roll,18304284.2,18304287.2,3.0,1.6
S061_2,step,roll,18304291.0,18304295.1,4.1,1.36
S061_2,step,roll,18304296.4,18304302.7,6.3,1.08
S061_2,step,roll,18304310.5,18304313.7,3.2,1.61
S061_2,step,roll,18304315.8,18304322.9,7.1,1.41
S061_2,step,roll,18304323.6,18304331.6,8.0,1.52
S061_2,step,roll,18304336.2,18304339.7,3.5,0.9
S061_2,step,roll,18304341.1,18304345.1,4.0,1.44
S061_2,step,roll,18304346.9,18304351.6,4.7,1.36
S061_2,step,roll,18304360.9,18304364.4,3.5,1.36
S061_2,step,roll,18304365.2,18304371.1,5.9,1.01
S061_2,step,roll,18304372.0,18304377.6,5.6,1.0
S061_2,step,roll,18304383.0,18304391.7,8.7,3.45
S061_2,step,roll,18304399.3,18304402.5,3.2,3.85
S061_2,step,roll,18304406.8,18304414.4,7.6,2.46
S061_2,step,roll,18304416.4,18304419.8,3.4,2.21
S061_2,step,roll,18304431.7,18304446.4,14.7,3.16
S061_2,step,roll,18304446.98,18304458.8,11.82,4.09
S061_2,step,roll,18304467.5,18304476.2,8.7,3.03
S061_2,3211,roll,18304478.3,18304501.1,17.4,8.1|5.67|3.44|3.83
S061_2,step,yaw,18304482.7,18304490.2,7.5,1.24
S061_2,step,roll,18304521.5,18304551.8,30.3,11.32
S061_2,step,yaw,18304521.679,18304525.7,4.02,7.86
S061_2,doublet,yaw,18304527.0,18304534.4,5.1,7.35|9.82
S061_2,doublet,yaw,18304543.2,18304551.9,6.5,3.72|6.33
S063_2,step,yaw,18823091.7,18823101.5,9.8,10.02
S063_2,step,yaw,18823103.0,18823119.7,16.7,18.86
S063_2,step,yaw,18823122.1,18823134.8,12.7,18.57
S063_2,doublet,yaw,18823134.8,18823140.2,5.4,9.49|6.81
S063_2,doublet,yaw,18823173.9,18823180.5,5.3,3.38|3.14
S063_2,doublet,yaw,18823183.7,18823194.0,7.0,1.51|2.32
S063_2,step,yaw,18823200.3,18823207.3,7.0,19.01
S063_2,step,yaw,18823208.3,18823212.9,4.6,7.75
S063_2,step,yaw,18823219.5,18823224.1,4.6,8.26
S063_2,step,yaw,18823224.9,18823239.4,14.5,5.01
S063_2,step,yaw,18823242.1,18823261.1,19.0,13.39
S063_2,step,yaw,18823261.769,18823265.9,4.13,4.19
S063_2,step,yaw,18823265.9,18823279.8,13.9,15.64
S063_2,step,yaw,18823281.1,18823286.8,5.7,4.81
S063_2,step,yaw,18823293.7,18823301.0,7.3,12.65
S063_2,step,roll,18823302.0,18823334.1,32.1,10.87
S063_2,doublet,yaw,18823303.5,18823309.9,4.8,6.23|4.42
S063_2,step,pitch,18823324.429,18823359.6,35.17,6.43
S063_2,step,yaw,18823326.6,18823329.6,3.0,2.14
S063_2,step,yaw,18823345.2,18823353.3,8.1,2.61
S063_2,step,roll,18823346.6,18823351.6,5.0,5.4
S063_2,step,roll,18823351.6,18823362.0,10.4,9.73
S063_2,step,pitch,18823360.6,18823367.4,6.8,3.62
S063_2,step,roll,18823364.8,18823372.3,7.5,5.13
S063_2,step,roll,18823374.5,18823383.4,8.9,2.51
S063_2,step,roll,18823384.31,18823398.5,14.19,3.44
S063_2,step,roll,18823405.1,18823412.6,7.5,3.12
S063_2,step,roll,18823417.7,18823423.2,5.5,2.28
S063_2,step,roll,18823437.1,18823449.7,12.6,3.03
S063_2,step,roll,18823451.1,18823464.9,13.8,2.19
S063_2,step,roll,18823469.2,18823514.7,45.5,3.15
S063_2,step,pitch,18823512.1,18823515.1,3.0,2.06
S063_2,step,roll,18823516.5,18823526.1,9.6,3.49
S063_2,step,roll,18823527.7,18823550.0,22.3,3.47
S063_2,step,pitch,18823541.6,18823545.8,4.2,1.75
S063_2,step,pitch,18823551.4,18823560.8,9.4,2.23
S063_2,step,roll,18823551.4,18823558.1,6.7,3.32
S063_2,step,roll,18823561.1,18823590.4,29.3,2.98
S063_2,step,pitch,18823563.7,18823578.5,14.8,2.65
S063_2,step,pitch,18823579.2,18823591.8,12.6,1.98
S063_2,step,roll,18823593.1,18823611.2,18.1,2.96
S063_2,step,roll,18823613.9,18823628.7,14.8,2.83
S063_2,step,yaw,18823626.5,18823640.0,13.5,1.48
S063_2,step,roll,18823629.4,18823638.0,8.6,3.28
S063_2,step,roll,18823646.9,18823664.2,17.3,2.38
S063_2,step,roll,18823669.7,18823726.8,57.1,3.87
S063_2,step,roll,18823731.0,18823745.6,14.6,4.04
S063_2,step,roll,18823747.3,18823770.8,23.5,4.55
S063_2,step,pitch,18823758.2,18823781.0,22.8,2.56
S063_2,step,roll,18823776.9,18823804.5,27.6,3.32
S063_2,step,pitch,18823787.8,18823795.1,7.3,2.47
S063_2,step,pitch,18823821.56,18823825.4,3.84,2.65
S063_2,step,roll,18823825.5,18823829.9,4.4,2.79
S063_2,step,pitch,18823826.5,18823833.4,6.9,2.62
S063_2,step,roll,18823831.3,18823838.2,6.9,2.16
S063_2,step,pitch,18823834.9,18823840.5,5.6,2.57
S063_2,step,roll,18823841.0,18823847.6,6.6,2.55
S063_2,step,pitch,18823841.06,18823844.8,3.74,2.27
S063_2,step,pitch,18823845.24,18823849.4,4.16,2.07
S063_2,step,yaw,18823849.1,18823853.5,4.4,1.24
S063_2,step,roll,18823849.4,18823859.1,9.7,3.23
S063_2,step,pitch,18823857.3,18823861.8,4.5,1.78
S063_2,step,pitch,18823861.95,18823867.0,5.05,1.86
S063_2,step,pitch,18823868.5,18823874.1,5.6,1.89
S063_2,step,roll,18823868.6,18823880.7,12.1,3.81
S063_2,step,yaw,18823874.4,18823882.2,7.8,1.46
S063_2,step,pitch,18823877.2,18823882.2,5.0,2.37
S063_2,step,roll,18823881.46,18823891.2,9.74,3.3
S063_2,step,yaw,18823892.2,18823903.7,11.5,1.56
S063_2,step,roll,18823895.1,18823903.7,8.6,5.08
S063_2,step,roll,18823906.5,18823913.1,6.6,1.59
S063_2,step,roll,18823914.7,18823920.2,5.5,1.93
S063_2,step,roll,18823928.7,18823937.1,8.4,3.72
S063_2,step,roll,18823942.7,18823946.9,4.2,2.34
S063_2,step,roll,18823949.6,18823953.1,3.5,2.93
S063_2,step,roll,18823953.8,18823958.0,4.2,2.9
S063_2,step,roll,18823963.6,18823981.7,18.1,2.36
S063_2,step,roll,18823985.8,18823997.0,11.2,2.32
S063_2,step,pitch,18823991.4,18823994.8,3.4,1.73
S063_2,step,roll,18824000.9,18824010.9,10.0,2.27
S063_2,step,roll,18824017.9,18824020.9,3.0,1.79
S063_2,step,roll,18824023.3,18824027.6,4.3,1.37
S063_2,step,roll,18824030.4,18824033.9,3.5,1.53
S063_2,step,pitch,18824059.6,18824133.9,74.3,1.87
S063_2,step,roll,18824069.4,18824073.6,4.2,0.98
S063_2,step,pitch,18824136.2,18824147.1,10.9,1.87
S063_2,step,roll,18824147.4,18824151.5,4.1,2.29
S063_2,step,roll,18824157.0,18824171.0,14.0,2.28
S063_2,step,roll,18824172.4,18824182.1,9.7,1.62
S063_2,step,pitch,18824173.5,18824185.6,12.1,2.07
S063_2,step,roll,18824183.6,18824191.1,7.5,1.42
S063_2,step,pitch,18824186.9,18824198.3,11.4,2.14
S063_2,step,roll,18824194.7,18824206.8,12.1,1.8
S063_2,step,roll,18824210.0,18824218.4,8.4,1.44
S063_2,step,roll,18824221.2,18824231.7,10.5,1.33
S063_2,step,roll,18824232.38,18824253.2,20.82,1.36
S063_2,step,roll,18824256.0,18824267.1,11.1,2.32
S063_2,step,roll,18824268.5,18824275.5,7.0,0.95
S063_2,step,roll,18824276.9,18824285.0,8.1,0.95
S063_2,step,roll,18824293.6,18824296.8,3.2,0.88
S063_2,step,roll,18824301.9,18824306.1,4.2,0.94
S063_2,step,roll,18824307.5,18824320.1,12.6,0.91
S063_2,step,pitch,18824334.5,18824341.0,6.5,1.8
S063_2,step,roll,18824343.7,18824349.2,5.5,2.2
S063_2,step,roll,18824359.0,18824368.5,9.5,1.45
S063_2,step,roll,18824370.2,18824423.1,52.9,4.21
S063_2,step,pitch,18824404.2,18824410.6,6.4,2.96
S063_2,step,roll,18824432.9,18824436.5,3.6,1.82
S063_2,step,roll,18824437.08,18824445.2,8.12,1.7
S063_2,step,roll,18824450.9,18824463.5,12.6,1.88
S063_2,step,roll,18824469.7,18824477.8,8.1,1.87
S063_2,step,roll,18824493.7,18824509.3,15.6,2.1
S063_2,step,roll,18824513.6,18824520.6,7.0,1.36
S063_2,step,roll,18824524.7,18824533.1,8.4,1.8
S063_2,step,roll,18824538.7,18824545.6,6.9,1.3
S063_2,step,roll,18824549.8,18824558.2,8.4,2.26
S063_2,step,roll,18824569.3,18824595.8,26.5,2.02
S063_2,step,roll,18824597.2,18824608.8,11.6,1.51
S063_2,step,pitch,18824605.5,18824612.5,7.0,2.61
S063_2,step,pitch,18824615.0,18824624.2,9.2,2.48
S063_2,step,roll,18824625.1,18824628.6,3.5,0.92
S063_2,step,pitch,18824627.8,18824635.8,8.0,2.16
S063_2,step,roll,18824630.6,18824661.2,30.6,1.73
S063_2,step,roll,18824761.9,18824765.7,3.8,1.33
S063_2,step,roll,18824772.6,18824781.0,8.4,1.07
S063_2,step,roll,18824782.4,18824790.7,8.3,1.33
S063_2,step,roll,18824791.9,18824809.4,17.5,1.15
S063_2,step,yaw,18825081.7,18825107.1,25.4,0.89
S063_2,step,roll,18825089.4,18825126.3,36.9,2.95
S063_2,step,roll,18825129.1,18825158.4,29.3,3.09
S063_2,step,roll,18825162.5,18825172.3,9.8,3.54
S063_2,step,roll,18825182.0,18825186.2,4.2,4.18
S063_2,step,roll,18825189.7,18825205.5,15.8,2.86
S063_2,step,roll,18825207.1,18825241.9,34.8,2.53
S063_2,step,roll,18825244.7,18825264.2,19.5,2.09
S063_2,step,roll,18825268.4,18825293.5,25.1,2.64
S063_2,step,roll,18825300.4,18825307.9,7.5,3.07
S063_2,step,roll,18825308.8,18825312.7,3.9,2.07
S063_2,step,roll,18825319.2,18825329.7,10.5,2.27
S063_2,step,roll,18825335.2,18825346.4,11.2,2.92
S063_2,step,roll,18825354.5,18825357.8,3.3,4.21
S063_2,step,roll,18825360.2,18825367.3,7.1,1.82
S063_2,step,roll,18825370.089,18825379.3,9.21,3.01
S063_2,step,roll,18825384.0,18825387.8,3.8,2.17
S063_2,step,roll,18825388.19,18825400.7,12.51,3.68
S063_2,step,roll,18825408.1,18825414.2,6.1,3.08
S063_2,step,roll,18825416.0,18825425.4,9.4,2.02
S063_2,step,yaw,18825425.2,18825434.1,8.9,2.12
S063_2,step,roll,18825428.5,18825438.0,9.5,2.99
S063_2,step,roll,18825562.25,18825568.5,6.25,5.6
S063_2,step,pitch,18825566.3,18825631.7,65.4,19.07
S063_2,step,yaw,18825581.4,18825617.5,36.1,11.66
S063,step,yaw,18804618.2,18804639.6,21.4,15.16
S063,step,yaw,18804649.72,18804656.0,6.28,27.2
S063,step,yaw,18804659.1,18804665.3,6.2,13.01
S063,step,yaw,18804666.17,18804674.6,8.43,8.0
S063,step,roll,18804694.3,18804725.2,30.9,18.17
S063,step,yaw,18804712.9,18804720.8,7.9,17.95
S063,step,yaw,18804762.4,18804778.5,16.1,2.68
S063,step,yaw,18804781.3,18804788.7,7.4,27.15
S063,step,yaw,18804800.19,18804807.2,7.01,8.44
S063,step,yaw,18804813.9,18804832.9,19.0,12.07
S063,step,yaw,18804832.9,18804848.0,15.1,13.2
S063,step,roll,18804847.1,18804900.3,53.2,20.68
S063,step,yaw,18804853.4,18804867.1,13.7,7.04
S063,step,yaw,18804888.7,18804894.2,5.5,2.59
S063,step,pitch,18804889.5,18804959.5,70.0,6.12
S063,step,roll,18804902.4,18804906.2,3.8,3.12
S063,step,roll,18804908.33,18804912.6,4.27,2.56
S063,step,yaw,18804912.9,18804920.0,7.1,1.17
S063,step,roll,18804920.0,18804927.8,7.8,4.1
S063,step,yaw,18804921.0,18804926.2,5.2,1.16
S063,step,yaw,18804926.7,18804936.4,9.7,1.41
S063,step,roll,18804929.48,18804944.7,15.22,5.43
S063,step,roll,18804946.0,18804950.0,4.0,2.18
S063,step,roll,18804962.3,18804971.5,9.2,3.32
S063,step,roll,18804973.7,18804978.8,5.1,4.18
S063,step,roll,18804980.7,18804997.9,17.2,3.28
S063,step,roll,18805007.0,18805011.7,4.7,2.63
S063,step,roll,18805018.8,18805024.2,5.4,1.83
S063,step,roll,18805025.87,18805032.5,6.63,1.59
S063,step,roll,18805034.7,18805040.8,6.1,1.71
S063,step,roll,18805044.5,18805048.6,4.1,1.65
S063,step,roll,18805049.3,18805061.0,11.7,2.21
S063,step,roll,18805062.1,18805083.6,21.5,3.06
S063,step,roll,18805085.7,18805161.8,76.1,3.48
S063,step,roll,18805162.23,18805175.8,13.57,2.11
S063,step,roll,18805176.3,18805198.0,21.7,2.82
S063,step,roll,18805202.1,18805211.2,9.1,2.95
S063,step,roll,18805216.2,18805242.9,26.7,4.11
S063,step,roll,18805244.51,18805250.1,5.59,2.83
S063,step,roll,18805251.5,18805258.6,7.1,4.05
S063,step,pitch,18805253.3,18805260.0,6.7,2.07
S063,doublet,roll,18805272.7,18805284.4,11.7,2.51|4.09
S063,step,roll,18805293.7,18805302.2,8.5,1.63
S063,step,roll,18805310.3,18805315.5,5.2,4.62
S063,step,roll,18805323.1,18805328.4,5.3,2.0
S063,step,roll,18805330.6,18805345.5,14.9,2.12
S063,step,roll,18805347.9,18805362.0,14.1,1.92
S063,step,yaw,18805380.2,18805409.0,28.8,0.95
S063,step,yaw,18805410.4,18805434.9,24.5,0.96
S063,step,roll,18805436.8,18805445.7,8.9,3.08
S063,step,roll,18805457.8,18805465.2,7.4,2.5
S063,step,roll,18805465.5,18805469.3,3.8,2.57
S063,step,roll,18805470.21,18805475.4,5.19,2.76
S063,step,roll,18805477.0,18805496.0,19.0,3.23
S063,step,yaw,18805496.0,18805555.5,59.5,2.83
S063,step,pitch,18805500.7,18805578.3,77.6,5.67
S063,step,roll,18805536.0,18805543.0,7.0,3.47
S063,step,roll,18805557.1,18805594.7,37.6,5.13
S063,step,roll,18805595.8,18805611.2,15.4,2.02
S063,step,roll,18805613.6,18805622.8,9.2,2.28
S063,step,roll,18805625.3,18805646.4,21.1,2.54
S063,step,yaw,18805646.5,18805664.2,17.7,1.72
S063,step,roll,18805665.3,18805669.5,4.2,4.59
S063,step,roll,18805671.3,18805681.7,10.4,3.43
S063,step,roll,18805686.5,18805695.8,9.3,2.49
S063,step,roll,18805698.9,18805704.7,5.8,1.67
S063,step,roll,18805707.6,18805714.6,7.0,1.41
S063,step,pitch,18805714.7,18805718.9,4.2,1.9
S063,step,roll,18805717.0,18805728.7,11.7,1.38
S063,step,roll,18805738.2,18805745.0,6.8,1.58
S063,step,roll,18805745.26,18805752.3,7.04,1.8
S063,step,roll,18805759.3,18805771.1,11.8,1.39
S063,step,pitch,18805768.4,18805792.6,24.2,1.98
S063,step,roll,18805792.2,18805806.0,13.8,1.8
S063,step,pitch,18805793.2,18805803.1,9.9,1.94
S063,step,roll,18805813.1,18805834.6,21.5,1.82
S063,step,pitch,18805834.6,18805866.8,32.2,1.96
S063,step,roll,18805865.1,18805869.7,4.6,1.17
S063,step,pitch,18805867.3,18805876.0,8.7,1.94
S063,step,roll,18805871.9,18805881.6,9.7,2.17
S063,step,pitch,18805885.5,18805908.4,22.9,2.29
S063,step,roll,18805886.3,18805905.9,19.6,1.53
S063,step,roll,18805907.48,18805931.6,24.12,1.58
S063,step,roll,18805933.3,18805952.1,18.8,1.22
S063,step,roll,18805956.8,18806002.6,45.8,1.66
S063,step,roll,18806008.5,18806050.7,42.2,1.73
S063,step,roll,18806052.9,18806068.2,15.3,1.35
S063,step,roll,18806070.2,18806076.7,6.5,1.45
S063,step,roll,18806078.8,18806086.1,7.3,1.78
S063,step,roll,18806115.9,18806145.5,29.6,1.7
S063,step,roll,18806147.29,18806170.4,23.11,3.72
S063,step,roll,18806172.9,18806191.5,18.6,2.39
S063,step,roll,18806194.1,18806218.9,24.8,2.18
S063,step,roll,18806220.4,18806224.4,4.0,1.26
S063,step,roll,18806226.8,18806231.7,4.9,2.2
S063,step,roll,18806328.2,18806377.5,49.3,1.95
S063,step,roll,18806380.0,18806391.0,11.0,1.76
S063,step,roll,18806394.1,18806412.5,18.4,2.65
S063,step,roll,18806413.7,18806426.5,12.8,1.72
S063,step,roll,18806532.839,18806546.9,14.06,1.59
S063,step,roll,18806558.6,18806563.3,4.7,3.22
S063,step,roll,18806563.3,18806585.0,21.7,3.72
S063,step,roll,18806589.2,18806601.0,11.8,1.65
S063,step,yaw,18806605.5,18806611.2,5.7,1.15
S063,step,roll,18806612.7,18806622.6,9.9,2.59
S063,step,roll,18806626.8,18806632.6,5.8,1.77
S063,step,roll,18806638.0,18806660.6,22.6,1.4
S063,step,roll,18806662.1,18806668.9,6.8,2.46
S063,step,roll,18806671.3,18806675.3,4.0,1.1
S063,step,yaw,18806680.1,18806686.1,6.0,1.1
S063,step,roll,18806689.8,18806704.1,14.3,1.9
S063,step,roll,18806706.3,18806716.2,9.9,3.52
S063,step,roll,18806720.9,18806727.7,6.8,1.58
S063,step,roll,18806748.8,18806753.8,5.0,3.59
S063,step,roll,18806758.5,18806762.2,3.7,4.98
S063,step,roll,18806776.1,18806782.6,6.5,1.29
S063,step,roll,18806784.3,18806822.0,37.7,1.88
S063,step,roll,18806937.2,18806963.0,25.8,1.82
S063,step,roll,18807108.8,18807122.1,13.3,3.06
S063,step,roll,18807126.7,18807131.0,4.3,1.78
S063,step,roll,18807133.8,18807141.0,7.2,2.71
S063,step,roll,18807282.79,18807327.1,44.31,4.87
S063,step,roll,18807329.8,18807368.1,38.3,3.46
S063,step,roll,18807369.7,18807387.3,17.6,3.16
S063,step,roll,18807390.2,18807397.9,7.7,2.82
S063,step,roll,18807401.7,18807407.3,5.6,1.86
S063,step,roll,18807409.7,18807416.3,6.6,1.43
S063,step,roll,18807416.79,18807426.1,9.31,1.74
S063,step,roll,18807430.8,18807473.2,42.4,4.02
S063,step,roll,18807475.5,18807480.2,4.7,1.22
S063,step,roll,18807496.7,18807503.7,7.0,3.23
S063,step,roll,18807508.4,18807529.5,21.1,1.89
S063,step,roll,18807531.1,18807545.4,14.3,2.78
S063,step,yaw,18807545.5,18807555.5,10.0,1.16
S063,step,roll,18807555.5,18807560.2,4.7,2.24
S063,step,pitch,18807560.2,18807580.4,20.2,3.7
S063,step,yaw,18807560.2,18807567.1,6.9,1.2
S063,step,roll,18807564.9,18807604.1,39.2,4.54
S063,step,roll,18807609.5,18807620.3,10.8,4.93
S063,step,pitch,18807614.0,18807618.8,4.8,2.02
S063,step,pitch,18807626.4,18807712.9,86.5,2.28
S063,step,roll,18807628.1,18807634.1,6.0,2.04
S063,step,roll,18807641.0,18807657.8,16.8,1.31
S063,step,roll,18807675.3,18807681.2,5.9,1.7
S063,step,roll,18807682.45,18807697.5,15.05,1.57
S063,step,roll,18807713.0,18807724.7,11.7,2.03
S063,step,roll,18807725.9,18807735.0,9.1,1.61
S063,step,pitch,18807733.0,18807744.2,11.2,1.93
S063,step,roll,18807736.519,18807755.7,19.18,2.29
S063,step,pitch,18807745.9,18807771.7,25.8,2.74
S063,step,roll,18807757.2,18807774.1,16.9,1.83
S063,step,roll,18807778.839,18807783.0,4.16,1.8
S063,step,roll,18807792.9,18807870.8,77.9,1.7
S063,step,roll,18807872.89,18807878.5,5.61,1.49
S063,step,roll,18807879.94,18807902.4,22.46,2.97
S063,step,roll,18808018.64,18808022.6,3.96,1.16
S063,step,roll,18808044.4,18808059.0,14.6,2.8
S063,step,roll,18808060.95,18808148.8,87.85,3.06
S063,step,pitch,18808131.9,18808148.6,16.7,2.89
S063,step,pitch,18808152.64,18808159.6,6.96,3.13
S063,step,roll,18808157.3,18808171.4,14.1,1.58
S063,step,roll,18808177.2,18808182.9,5.7,4.05
S063,step,pitch,18808179.9,18808187.9,8.0,3.69
S063,step,roll,18808185.5,18808194.5,9.0,2.3
S063,step,pitch,18808188.8,18808243.6,54.8,6.14
S063,step,roll,18808197.3,18808204.3,7.0,1.29
S063,step,roll,18808213.1,18808220.8,7.7,2.05
S063,step,yaw,18808216.1,18808221.2,5.1,1.1
S063,step,yaw,18808223.1,18808241.9,18.8,1.16
S063,step,roll,18808241.9,18808306.7,64.8,5.0
S063,step,pitch,18808288.8,18808305.0,16.2,2.89
S063,step,roll,18808314.8,18808330.5,15.7,4.57
S063,step,roll,18808331.32,18808335.4,4.08,1.39
S063,step,roll,18808340.7,18808357.6,16.9,1.61
S063,step,roll,18808359.53,18808373.5,13.97,1.73
S063,step,roll,18808375.9,18808395.5,19.6,3.45
S063,step,roll,18808397.9,18808403.0,5.1,1.35
S063,step,roll,18808404.1,18808412.5,8.4,2.97
S063,step,pitch,18808415.95,18808436.3,20.35,4.27
S063,step,roll,18808431.5,18808439.4,7.9,2.74
S063,step,pitch,18808437.2,18808462.1,24.9,4.55
S063,step,roll,18808446.5,18808450.6,4.1,2.36
S063,step,roll,18808451.21,18808455.9,4.69,1.62
S063,step,roll,18808458.2,18808468.6,10.4,4.3
S063,step,roll,18808474.2,18808479.4,5.2,2.96
S063,step,roll,18808498.4,18808502.9,4.5,1.31
S063,step,roll,18808507.6,18808517.9,10.3,1.69
S063,step,roll,18808526.46,18808533.1,6.64,2.11
S063,step,roll,18808554.6,18808569.2,14.6,4.5
S063,step,roll,18808569.8,18808575.7,5.9,2.55
S063,step,roll,18808693.3,18808698.0,4.7,7.45
S063,step,roll,18808703.5,18808711.4,7.9,7.3
S063,step,pitch,18808708.5,18808777.4,68.9,20.0
S063,step,roll,18808714.519,18808777.8,63.28,0.97
S063,step,yaw,18808728.63,18808733.3,4.67,4.06
S063,step,yaw,18808734.8,18808760.2,25.4,16.58
S063,doublet,yaw,18808761.4,18808776.5,10.9,13.4|9.15
S067_1,step,roll,19430472.7,19430483.0,10.3,2.22
S067_1,step,roll,19430490.9,19430495.2,4.3,0.92
S067_1,step,roll,19430507.6,19430525.0,17.4,1.32
S067_1,step,roll,19430525.4,19430529.5,4.1,1.14
S067_1,step,roll,19430626.3,19430631.9,5.6,2.04
S067_1,step,yaw,19430653.26,19430688.8,35.54,12.57
S067_1,step,roll,19430658.7,19430663.4,4.7,1.01
S067_1,step,yaw,19430690.17,19430740.9,50.73,1.92
S067_1,step,roll,19430700.4,19430703.5,3.1,1.75
S067_1,step,yaw,19430741.44,19430745.5,4.06,1.23
S067_1,step,yaw,19430753.7,19430759.3,5.6,2.48
S067_1,step,yaw,19430770.1,19430796.8,26.7,12.79
S067_1,step,roll,19430777.7,19430804.5,26.8,13.44
S067_1,step,yaw,19430796.8,19430804.8,8.0,27.24
S067_1,step,yaw,19430811.1,19430815.2,4.1,9.07
S067_1,step,yaw,19430841.95,19430845.7,3.75,2.56
S067_1,step,yaw,19430848.0,19430857.3,9.3,16.6
S067_1,step,yaw,19430860.4,19430864.5,4.1,12.01
S067_1,step,yaw,19430866.1,19430869.7,3.6,6.42
S067_1,step,yaw,19430870.7,19430886.2,15.5,5.08
S067_1,step,yaw,19430887.0,19430891.1,4.1,4.39
S067_1,step,yaw,19430893.1,19430901.4,8.3,7.53
S067_1,step,yaw,19430925.5,19430929.5,4.0,8.17
S067_1,step,yaw,19430931.0,19430939.4,8.4,7.57
S067_1,step,yaw,19430940.1,19430958.8,18.7,6.87
S067_1,step,yaw,19430960.89,19430967.0,6.11,14.96
S067_1,step,yaw,19430967.0,19430977.2,10.2,18.94
S067_1,step,yaw,19430978.8,19430983.4,4.6,7.87
S067_1,step,yaw,19430993.5,19430997.4,3.9,3.95
S067_1,step,yaw,19430998.2,19431001.9,3.7,3.91
S067_1,step,yaw,19431014.21,19431019.4,5.19,4.25
S067_1,step,yaw,19431020.359,19431026.5,6.14,3.92
S067_1,step,yaw,19431039.3,19431085.9,46.6,10.39
S067_1,step,yaw,19431087.9,19431102.2,14.3,2.98
S067_1,step,yaw,19431102.2,19431108.5,6.3,9.49
S067_1,step,yaw,19431108.5,19431164.6,56.1,16.16
S067_1,step,yaw,19431165.9,19431178.2,12.3,13.16
S067_1,step,roll,19431184.3,19431207.5,23.2,10.51
S067_1,step,pitch,19431202.8,19431207.7,4.9,4.82
S067_1,step,roll,19431211.7,19431214.9,3.2,5.28
S067_1,step,roll,19431215.2,19431220.2,5.0,4.35
S067_1,step,roll,19431227.7,19431231.3,3.6,3.4
S067_1,step,roll,19431233.3,19431249.4,16.1,4.85
S067_1,step,pitch,19431239.3,19431248.8,9.5,3.31
S067_1,doublet,roll,19431254.0,19431264.4,10.4,3.03|1.69
S067_1,step,roll,19431270.5,19431273.9,3.4,2.44
S067_1,step,roll,19431276.7,19431289.0,12.3,1.5
S067_1,step,roll,19431291.0,19431297.1,6.1,1.94
S067_1,step,roll,19431300.7,19431312.3,11.6,1.92
S067_1,step,roll,19431315.69,19431325.3,9.61,2.17
S067_1,step,roll,19431653.9,19431668.0,14.1,3.35
S067_1,step,roll,19431668.44,19431693.0,24.56,2.83
S067_1,step,roll,19431696.8,19431700.7,3.9,3.87
S067_1,step,roll,19431705.3,19431719.7,14.4,2.28
S067_1,step,roll,19431721.3,19431802.0,80.7,3.88
S067_1,step,roll,19431803.79,19431809.9,6.11,1.27
S067_1,step,roll,19431820.1,19431823.2,3.1,0.9
S067_1,step,roll,19431826.3,19431881.4,55.1,3.28
S067_1,step,roll,19431885.8,19431895.5,9.7,2.64
S067_1,step,roll,19431901.3,19431906.3,5.0,1.56
S067_1,step,roll,19432250.8,19432268.7,17.9,4.9
S067_1,step,roll,19432271.2,19432282.2,11.0,2.69
S067_1,step,roll,19432283.7,19432293.2,9.5,2.07
S067_1,step,roll,19432300.1,19432306.2,6.1,1.98
S067_1,step,roll,19432308.0,19432314.4,6.4,1.71
S067_1,step,roll,19432322.3,19432328.2,5.9,1.56
S067_1,step,roll,19432332.7,19432337.6,4.9,1.5
S067_1,step,pitch,19432341.12,19432354.0,12.88,2.09
S067_1,step,roll,19432345.0,19432385.3,40.3,1.23
S067_1,step,pitch,19432354.9,19432365.6,10.7,2.21
S067_1,step,pitch,19432367.7,19432375.3,7.6,2.51
S067_1,step,roll,19432388.2,19432392.0,3.8,1.22
S067_1,step,roll,19432393.2,19432396.6,3.4,0.84
S067_1,step,roll,19432531.8,19432540.0,8.2,1.13
S067_1,step,roll,19432562.0,19432565.8,3.8,0.92
S067_1,step,roll,19432572.8,19432583.7,10.9,0.96
S067_1,step,roll,19432584.1,19432588.1,4.0,0.92
S067_1,step,roll,19432599.5,19432627.7,28.2,3.1
S067_1,step,roll,19432629.8,19432635.5,5.7,2.24
S067_1,step,pitch,19432631.3,19432636.4,5.1,2.14
S067_1,step,pitch,19432640.5,19432645.4,4.9,2.67
S067_1,step,roll,19432640.5,19432651.6,11.1,2.48
S067_1,step,pitch,19432649.7,19432659.0,9.3,2.23
S067_1,step,roll,19432654.2,19432657.5,3.3,0.91
S067_1,step,roll,19432658.1,19432663.1,5.0,1.3
S067_1,step,roll,19432664.7,19432670.4,5.7,2.25
S067_1,step,pitch,19432670.0,19432675.8,5.8,1.95
S067_1,step,roll,19432673.3,19432686.9,13.6,2.17
S067_1,step,roll,19432689.7,19432708.2,18.5,1.46
S067_1,step,roll,19432804.6,19432808.1,3.5,0.84
S067_1,step,roll,19432843.5,19432868.1,24.6,1.49
S067_1,doublet,roll,19432923.5,19432933.8,8.2,0.84|1.69
S067_1,step,roll,19432933.8,19432952.1,18.3,3.1
S067_1,step,roll,19432954.3,19432964.8,10.5,3.99
S067_1,step,roll,19432966.6,19432993.9,27.3,3.1
S067_1,step,roll,19432995.2,19433054.6,59.4,1.93
S067_1,step,roll,19433056.8,19433060.4,3.6,1.37
S067_1,step,roll,19433163.5,19433210.6,47.1,1.86
S067_1,step,pitch,19433176.4,19433207.8,31.4,1.77
S067_1,step,roll,19433212.7,19433247.5,34.8,2.3
S067_1,step,pitch,19433212.8,19433259.1,46.3,2.02
S067_1,step,roll,19433253.5,19433262.9,9.4,0.97
S067_1,step,roll,19433268.0,19433344.3,76.3,1.3
S067_1,step,pitch,19433272.1,19433291.2,19.1,1.61
S067_1,step,pitch,19433298.88,19433309.0,10.12,1.6
S067_1,step,roll,19433345.5,19433401.4,55.9,1.69
S067_1,step,roll,19433413.72,19433423.9,10.18,1.26
S067_1,step,pitch,19433415.1,19433423.8,8.7,1.89
S067_1,step,pitch,19433425.3,19433508.0,82.7,2.8
S067_1,step,roll,19433426.0,19433471.1,45.1,3.67
S067_1,step,roll,19433475.2,19433511.1,35.9,1.46
S067_1,step,roll,19433512.1,19433518.3,6.2,1.27
S067_1,step,roll,19433631.1,19433667.0,35.9,2.02
S067_1,step,roll,19433670.0,19433681.9,11.9,1.5
S067_1,step,roll,19433684.4,19433696.7,12.3,1.83
S067_1,step,roll,19433700.8,19433721.1,20.3,1.35
S067_1,step,roll,19433748.0,19433752.1,4.1,0.86
S067_1,step,roll,19433797.2,19433823.8,26.6,1.38
S067_1,step,yaw,19433809.5,19433897.3,87.8,2.05
S067_1,step,roll,19433899.2,19433903.8,4.6,3.63
S067_1,step,roll,19433914.1,19433926.2,12.1,4.41
S067_1,step,roll,19433928.0,19433936.0,8.0,2.36
S067_1,step,roll,19433944.8,19433961.3,16.5,2.1
S067_1,step,roll,19433969.5,19434058.9,89.4,2.11
S067_1,step,roll,19434069.4,19434092.5,23.1,1.83
S067_1,step,roll,19434093.7,19434104.8,11.1,1.48
S067_1,step,roll,19434113.0,19434134.3,21.3,1.54
S067_1,step,roll,19434139.6,19434149.2,9.6,1.58
S067_1,step,roll,19434149.9,19434176.6,26.7,1.59
S067_1,step,roll,19434181.9,19434207.3,25.4,1.53
S067_1,step,pitch,19434201.1,19434205.3,4.2,2.44
S067_1,step,roll,19434208.3,19434256.5,48.2,1.52
S067_1,step,roll,19434272.7,19434277.1,4.4,1.33
S067_1,step,roll,19434282.7,19434301.6,18.9,3.3
S067_1,step,roll,19434305.3,19434313.3,8.0,2.05
S067_1,step,roll,19434320.1,19434323.2,3.1,2.3
S067_1,step,roll,19434324.31,19434332.5,8.19,1.08
S067_1,step,roll,19434334.5,19434339.9,5.4,1.78
S067_1,step,roll,19434342.7,19434352.6,9.9,1.54
S067_1,step,pitch,19434346.8,19434426.4,79.6,4.41
S067_1,step,roll,19434353.9,19434360.9,7.0,2.75
S067_1,step,roll,19434363.0,19434373.5,10.5,2.07
S067_1,step,roll,19434385.3,19434402.5,17.2,3.26
S067_1,step,roll,19434403.9,19434410.4,6.5,2.25
S067_1,step,roll,19434414.2,19434418.6,4.4,3.4
S067_1,step,roll,19434420.69,19434424.7,4.01,2.77
S067_1,step,roll,19434430.3,19434440.9,10.6,7.1
S067_1,step,roll,19434442.9,19434452.6,9.7,2.71
S067_1,step,roll,19434455.5,19434459.6,4.1,7.39
S067_1,step,roll,19434461.7,19434471.9,10.2,3.46
S067_1,step,pitch,19434469.8,19434474.3,4.5,2.61
S067_1,step,roll,19434482.2,19434490.4,8.2,4.53
S067_1,step,yaw,19434490.1,19434494.5,4.4,2.73
S067_1,step,roll,19434492.2,19434499.7,7.5,10.16
S067_1,step,yaw,19434496.5,19434537.4,40.9,14.34
S067_1,step,roll,19434500.6,19434522.8,22.2,9.36
S067_1,step,roll,19434523.7,19434529.0,5.3,5.95
S067_1,step,roll,19434529.5,19434570.2,40.7,7.8
S067_1,step,pitch,19434530.7,19434538.4,7.7,12.92
S067_1,step,pitch,19434538.4,19434569.9,31.5,11.25
S067_1,step,yaw,19434562.9,19434566.7,3.8,3.25
S067_2,step,roll,19436356.6,19436387.4,30.8,1.13
S067_2,step,roll,19436387.4,19436394.6,7.2,1.09
S067_2,step,yaw,19436520.7,19436531.1,10.4,15.63
S067_2,doublet,yaw,19436532.3,19436543.9,7.3,5.52|9.37
S067_2,step,yaw,19436547.95,19436551.4,3.45,3.1
S067_2,step,yaw,19436565.5,19436569.2,3.7,7.74
S067_2,step,yaw,19436578.9,19436584.2,5.3,5.65
S067_2,step,yaw,19436584.8,19436589.8,5.0,7.38
S067_2,step,yaw,19436598.0,19436604.2,6.2,4.67
S067_2,step,yaw,19436610.0,19436617.8,7.8,11.96
S067_2,step,yaw,19436617.8,19436627.5,9.7,18.36
S067_2,step,yaw,19436629.4,19436632.9,3.5,7.57
S067_2,step,yaw,19436652.7,19436658.5,5.8,7.1
S067_2,step,yaw,19436663.3,19436666.3,3.0,5.26
S067_2,step,yaw,19436677.7,19436681.2,3.5,3.42
S067_2,step,yaw,19436695.2,19436712.8,17.6,12.16
S067_2,step,yaw,19436718.3,19436736.2,17.9,19.26
S067_2,step,roll,19436742.0,19436775.1,33.1,12.18
S067_2,step,yaw,19436759.5,19436762.7,3.2,3.84
S067_2,step,pitch,19436765.2,19436771.6,6.4,5.87
S067_2,step,yaw,19436767.1,19436773.7,6.6,2.46
S067_2,step,roll,19436776.4,19436784.2,7.8,4.86
S067_2,step,roll,19436784.8,19436787.9,3.1,3.89
S067_2,step,roll,19436791.7,19436821.6,29.9,5.05
S067_2,step,pitch,19436796.4,19436819.4,23.0,4.34
S067_2,step,pitch,19436821.2,19436826.3,5.1,2.31
S067_2,step,roll,19436825.3,19436839.7,14.4,3.11
S067_2,step,roll,19436842.9,19436856.0,13.1,2.3
S067_2,step,roll,19436860.4,19436947.7,87.3,2.64
S067_2,step,roll,19436949.7,19437013.7,64.0,4.05
S067_2,step,roll,19437015.7,19437027.3,11.6,1.76
S067_2,step,roll,19437029.9,19437042.9,13.0,1.69
S067_2,step,roll,19437044.8,19437089.5,44.7,3.12
S067_2,step,roll,19437091.4,19437128.2,36.8,4.27
S067_2,step,roll,19437132.2,19437149.6,17.4,2.21
S067_2,step,roll,19437151.6,19437155.4,3.8,3.09
S067_2,step,roll,19437275.8,19437285.5,9.7,1.03
S067_2,step,roll,19437332.1,19437336.0,3.9,1.66
S067_2,step,roll,19437337.9,19437365.1,27.2,4.44
S067_2,step,yaw,19437359.2,19437364.7,5.5,1.12
S067_2,step,roll,19437370.9,19437378.7,7.8,3.97
S067_2,step,roll,19437382.6,19437386.4,3.8,0.99
S067_2,step,yaw,19437473.6,19437485.3,11.7,4.51
S067_2,step,roll,19437477.1,19437484.9,7.8,1.96
S067_2,step,roll,19437487.2,19437496.4,9.2,3.03
S067_2,step,roll,19437501.01,19437532.6,31.59,2.26
S067_2,step,roll,19437534.01,19437549.5,15.49,1.67
S067_2,step,roll,19437551.4,19437557.3,5.9,2.84
S067_2,step,roll,19437565.0,19437568.9,3.9,1.89
S067_2,step,roll,19437656.2,19437677.6,21.4,1.41
S067_2,step,yaw,19437665.8,19437704.5,38.7,1.99
S067_2,step,roll,19437704.7,19437740.4,35.7,4.25
S067_2,step,roll,19437741.71,19437749.4,7.69,1.64
S067_2,step,roll,19437774.6,19437778.5,3.9,0.89
S067_2,step,roll,19437782.3,19437787.8,5.5,0.88
S067_2,step,roll,19437790.1,19437795.9,5.8,0.84
S067_2,step,roll,19437799.9,19437815.4,15.5,0.9
S067_2,step,roll,19437819.3,19437831.8,12.5,0.94
S067_2,step,roll,19437832.929,19437836.3,3.37,0.89
S067_2,step,roll,19437842.6,19437852.8,10.2,0.91
S067_2,step,roll,19437854.1,19437858.5,4.4,0.91
S067_2,step,roll,19437860.0,19437875.4,15.4,1.27
S067_2,step,roll,19437877.4,19437889.4,12.0,0.97
S067_2,step,roll,19437891.1,19437932.7,41.6,2.76
S067_2,step,roll,19438005.6,19438013.4,7.8,1.0
S067_2,step,roll,19438027.0,19438040.6,13.6,1.15
S067_2,step,roll,19438123.9,19438145.3,21.4,1.38
S067_2,step,yaw,19438135.6,19438198.1,62.5,1.62
S067_2,step,roll,19438197.8,19438219.1,21.3,4.49
S067_2,step,roll,19438221.1,19438236.0,14.9,2.43
S067_2,step,pitch,19438224.3,19438230.2,5.9,1.95
S067_2,step,roll,19438236.9,19438254.1,17.2,1.73
S067_2,step,roll,19438265.1,19438275.6,10.5,2.45
S067_2,step,roll,19438277.429,19438282.1,4.67,1.8
S067_2,step,roll,19438283.25,19438341.4,58.15,1.34
S067_2,step,roll,19438345.3,19438375.8,30.5,1.26
S067_2,step,pitch,19438351.1,19438421.0,69.9,1.67
S067_2,step,roll,19438378.3,19438399.6,21.3,0.92
S067_2,step,pitch,19438508.4,19438514.2,5.8,2.37
S067_2,step,roll,19438508.4,19438525.8,17.4,2.04
S067_2,step,roll,19438527.7,19438554.3,26.6,1.41
S067_2,step,pitch,19438538.9,19438544.4,5.5,1.84
S067_2,step,pitch,19438727.7,19438733.5,5.8,1.71
S067_2,step,pitch,19438735.4,19438768.5,33.1,1.61
S067_2,step,pitch,19438890.6,19438933.0,42.4,1.62
S067_2,step,roll,19438941.2,19438983.9,42.7,5.33
S067_2,step,yaw,19439206.9,19439254.6,47.7,1.49
S067_2,step,roll,19439251.8,19439257.6,5.8,2.07
S067_2,step,yaw,19439254.9,19439258.2,3.3,1.12
S067_2,step,roll,19439259.5,19439266.9,7.4,5.08
S067_2,step,roll,19439267.37,19439310.0,42.63,5.37
S067_2,step,roll,19439313.9,19439319.5,5.6,0.93
S067_2,step,roll,19439327.5,19439331.4,3.9,0.82
S067_2,step,roll,19439387.6,19439397.4,9.8,0.98
S067_2,step,roll,19439427.4,19439433.2,5.8,0.86
S067_2,step,roll,19439434.9,19439453.1,18.2,1.0
S067_2,step,roll,19439455.6,19439497.2,41.6,1.29
S067_2,step,roll,19439603.1,19439607.9,4.8,4.27
S067_2,step,roll,19439610.9,19439628.3,17.4,4.76
S067_2,step,roll,19439638.0,19439641.6,3.6,2.1
S067_2,step,roll,19439645.8,19439654.9,9.1,2.18
S067_2,step,roll,19439655.8,19439672.2,16.4,1.55
S067_2,step,pitch,19439667.1,19439670.8,3.7,2.03
S067_2,step,roll,19439684.6,19439687.9,3.3,0.94
S067_2,step,roll,19439690.4,19439709.9,19.5,1.56
S067_2,step,roll,19439849.6,19439861.3,11.7,2.01
S067_2,step,roll,19439871.7,19439917.6,45.9,2.09
S067_2,step,roll,19439921.4,19439925.3,3.9,1.34
S067_2,step,pitch,19439927.3,19440011.2,83.9,4.86
S067_2,step,roll,19439927.3,19439933.5,6.2,1.6
S067_2,step,roll,19439934.0,19439946.7,12.7,1.5
S067_2,step,roll,19439948.6,19439952.5,3.9,2.15
S067_2,step,roll,19439956.4,19439977.4,21.0,2.44
S067_2,step,roll,19439977.79,19439987.7,9.91,2.01
S067_2,step,roll,19439997.0,19440006.2,9.2,2.95
S067_2,step,roll,19440008.8,19440012.7,3.9,1.8
S067_2,step,roll,19440014.6,19440043.6,29.0,4.99
S067_2,step,yaw,19440027.9,19440032.1,4.2,1.85
S067_2,step,yaw,19440062.2,19440066.0,3.8,1.71
S067_2,step,roll,19440065.1,19440086.2,21.1,6.32
S067_2,step,yaw,19440067.8,19440080.0,12.2,2.25
S067_2,step,yaw,19440080.66,19440091.4,10.74,4.28
S067_2,step,roll,19440087.2,19440092.7,5.5,3.92
S067_2,step,yaw,19440092.5,19440105.3,12.8,3.77
S067_2,step,roll,19440094.2,19440097.8,3.6,5.38
S067_2,step,pitch,19440097.4,19440109.7,12.3,15.65
S067_2,step,roll,19440100.0,19440107.1,7.1,5.7
S067_2,step,yaw,19440111.2,19440114.2,3.0,9.74
S067_2,step,yaw,19440121.0,19440125.3,4.3,2.16
S067_2,step,yaw,19440131.14,19440150.5,19.36,11.11
S067_2,step,yaw,19440152.4,19440161.3,8.9,10.17
S067_2,step,yaw,19440229.6,19440237.7,8.1,1.93
S071_2,step,roll,20531676.5,20531751.0,74.5,3.22
S071_2,step,yaw,20531692.3,20531706.3,14.0,26.84
S071_2,step,yaw,20531707.9,20531713.3,5.4,7.94
S071_2,doublet,yaw,20531713.9,20531721.2,6.2,14.46|5.55
S071_2,step,yaw,20531721.9,20531734.7,12.8,16.89
S071_2,doublet,yaw,20531736.5,20531739.2,2.7,9.82|5.86
S071_2,step,yaw,20531768.8,20531778.5,9.7,19.0
S071_2,doublet,yaw,20531816.2,20531819.4,2.1,10.92|4.79
S071_2,step,yaw,20531830.8,20531840.4,9.6,18.36
S071_2,doublet,yaw,20531840.4,20531843.7,3.3,15.2|6.79
S071_2,step,yaw,20531845.6,20531856.1,10.5,23.45
S071_2,step,yaw,20531857.1,20531910.5,53.4,27.56
S071_2,step,yaw,20531912.1,20531920.7,8.6,9.83
S071_3,step,roll,20534603.9,20534693.1,89.2,2.65
S071_3,step,roll,20534694.9,20534698.3,3.4,8.64
S071_3,step,yaw,20534866.25,20534886.1,19.85,16.63
S071_3,doublet,yaw,20534886.72,20534899.3,10.78,13.83|27.33
S071_3,step,yaw,20534950.0,20534959.1,9.1,27.25
S071_3,step,yaw,20534962.6,20534966.7,4.1,22.87
S071_3,step,yaw,20535070.3,20535080.3,10.0,23.75
S071_3,step,yaw,20535080.3,20535087.1,6.8,19.95
S071_3,step,yaw,20535093.6,20535097.9,4.3,2.04
S071_3,step,roll,20535151.0,20535158.4,7.4,0.96
S071_3,step,yaw,20535154.7,20535165.7,11.0,15.29
S071_3,step,yaw,20535184.5,20535188.3,3.8,17.89
S071_3,step,yaw,20535190.1,20535193.8,3.7,17.73
S071_3,step,yaw,20535195.7,20535201.2,5.5,23.14
S071_3,step,yaw,20535203.1,20535222.9,19.8,3.48
S071_3,step,roll,20535215.2,20535238.5,23.3,1.06
S071_3,step,yaw,20535232.9,20535252.9,20.0,14.49
S071_3,step,pitch,20535247.6,20535265.9,18.3,5.1
S071_3,step,roll,20535253.4,20535258.2,4.8,3.7
S071_3,step,yaw,20535253.4,20535258.6,5.2,2.46
S071_3,step,yaw,20535264.1,20535274.4,10.3,2.21
S071_3,step,yaw,20535276.9,20535353.8,76.9,2.51
S071_3,step,roll,20535283.21,20535292.5,9.29,2.36
S071_3,step,roll,20535344.6,20535352.0,7.4,1.22
S071_3,step,roll,20535357.6,20535366.9,9.3,1.54
S071_3,step,pitch,20535363.7,20535368.8,5.1,1.96
S071_3,step,pitch,20535372.57,20535413.4,40.83,2.1
S071_3,step,roll,20535417.2,20535420.8,3.6,1.8
S071_3,step,roll,20535422.83,20535426.5,3.67,1.99
S071_3,step,roll,20535512.1,20535515.2,3.1,1.33
S071_3,step,roll,20535519.1,20535522.8,3.7,1.98
S071_3,step,roll,20535569.8,20535573.5,3.7,1.7
S071_3,step,roll,20535580.4,20535588.4,8.0,2.04
S071_3,step,roll,20535620.1,20535628.9,8.8,2.43
S071_3,step,roll,20535644.3,20535648.0,3.7,0.94
S071_3,step,roll,20535660.9,20535686.7,25.8,4.03
S071_3,step,roll,20535690.6,20535696.4,5.8,2.54
S071_3,step,roll,20535698.0,20535704.9,6.9,1.36
S071_3,step,roll,20535724.3,20535744.8,20.5,1.16
S071_3,step,roll,20535746.7,20535764.3,17.6,1.63
S071_3,step,roll,20535774.1,20535779.4,5.3,1.16
S071_3,step,roll,20535783.4,20535827.7,44.3,1.28
S071_3,step,roll,20535830.9,20535837.9,7.0,1.08
S071_3,step,roll,20535849.0,20535863.8,14.8,1.8
S071_3,step,pitch,20535856.9,20535862.9,6.0,1.65
S071_3,step,roll,20535864.9,20535868.7,3.8,1.1
S071_3,step,pitch,20535865.1,20535868.6,3.5,1.73
S071_3,step,pitch,20535873.3,20535892.2,18.9,1.96
S071_3,step,roll,20535875.8,20535893.7,17.9,1.75
S071_3,step,pitch,20535893.2,20535897.4,4.2,1.93
S071_3,step,roll,20535895.5,20535903.0,7.5,2.43
S071_3,step,roll,20535906.7,20535964.3,57.6,1.8
S071_3,step,roll,20535966.3,20535971.9,5.6,1.23
S071_3,step,roll,20535977.3,20535995.9,18.6,1.25
S071_3,step,roll,20535998.0,20536002.5,4.5,1.24
S071_3,step,roll,20536003.61,20536031.5,27.89,1.52
S071_3,step,pitch,20536040.7,20536057.4,16.7,1.56
S071_3,step,roll,20536132.0,20536146.9,14.9,1.06
S071_3,step,roll,20536154.3,20536210.2,55.9,1.07
S071_3,step,roll,20536215.7,20536230.5,14.8,1.06
S071_3,step,roll,20536230.5,20536234.4,3.9,1.94
S071_3,step,roll,20536241.8,20536248.1,6.3,1.5
S071_3,step,roll,20536250.5,20536254.0,3.5,1.69
S071_3,step,roll,20536258.1,20536261.4,3.3,1.3
S071_3,step,roll,20536262.3,20536266.0,3.7,1.36
S071_3,step,roll,20536271.6,20536275.3,3.7,1.15
S071_3,step,roll,20536284.67,20536308.8,24.13,1.91
S071_3,step,pitch,20536292.1,20536304.0,11.9,1.78
S071_3,step,roll,20536312.589,20536318.1,5.51,1.18
S071_3,step,roll,20536320.0,20536334.8,14.8,1.21
S071_3,step,roll,20536336.8,20536340.5,3.7,1.48
S071_3,step,roll,20536346.1,20536388.7,42.6,0.99
S071_3,step,roll,20536392.6,20536403.7,11.1,1.41
S071_3,step,roll,20536409.3,20536424.2,14.9,0.92
S071_3,step,roll,20536429.8,20536442.9,13.1,1.0
S071_3,step,roll,20536444.7,20536457.3,12.6,0.87
S071_3,step,roll,20536459.2,20536468.9,9.7,0.94
S071_3,step,roll,20536474.5,20536488.6,14.1,1.02
S071_3,step,roll,20536489.44,20536496.2,6.76,1.07
S071_3,step,roll,20536498.6,20536508.0,9.4,1.47
S071_3,step,roll,20536513.6,20536517.3,3.7,0.99
S071_3,step,roll,20536524.8,20536527.9,3.1,0.99
S071_3,step,roll,20536535.9,20536539.6,3.7,0.92
S071_3,step,roll,20536545.1,20536548.2,3.1,0.83
S071_3,step,roll,20536549.0,20536559.9,10.9,0.95
S071_3,step,roll,20536563.8,20536567.3,3.5,0.84
S071_3,step,roll,20536569.4,20536578.2,8.8,0.84
S071_3,step,roll,20536586.2,20536593.6,7.4,1.41
S071_3,step,roll,20536596.8,20536604.8,8.0,0.89
S071_3,step,roll,20536612.2,20536617.8,5.6,1.01
S071_3,step,roll,20536623.3,20536627.179,3.88,0.89
S071_3,step,roll,20536628.2,20536632.2,4.0,0.93
S071_3,step,roll,20536638.3,20536643.3,5.0,0.91
S071_3,step,roll,20536651.3,20536655.1,3.8,0.96
S071_3,step,roll,20536679.3,20536683.0,3.7,0.84
S071_3,step,roll,20536690.4,20536697.9,7.5,0.97
S071_3,step,roll,20536699.8,20536707.2,7.4,0.93
S071_3,step,roll,20536712.8,20536746.3,33.5,1.52
S071_3,step,roll,20536759.3,20536766.3,7.0,0.99
S071_3,step,roll,20536770.5,20536779.8,9.3,1.23
S071_3,step,roll,20536781.6,20536803.2,21.6,1.35
S071_3,step,roll,20536805.89,20536853.6,47.71,1.48
S071_3,step,roll,20536958.519,20536965.9,7.38,1.12
S071_3,step,roll,20536973.1,20537061.1,88.0,3.08
S071_3,step,roll,20537356.89,20537360.1,3.21,1.51
S071_3,step,roll,20537362.48,20537404.3,41.82,1.54
S071_3,step,roll,20537835.2,20537844.5,9.3,1.34
S071_3,step,roll,20537858.8,20537865.0,6.2,1.97
S071_3,step,roll,20537866.2,20537870.6,4.4,2.89
S071_3,step,yaw,20537868.5,20537873.0,4.5,1.06
S071_3,step,roll,20537898.5,20537907.1,8.6,2.25
S071_3,step,roll,20537908.6,20537927.6,19.0,2.09
S071_3,step,roll,20537956.2,20537959.7,3.5,1.11
S071_3,step,roll,20537963.7,20537968.7,5.0,1.19
S071_3,step,roll,20537971.1,20537984.1,13.0,2.01
S071_3,step,roll,20537989.7,20537993.3,3.6,1.12
S071_3,step,roll,20537993.49,20537996.5,3.01,1.31
S071_3,step,roll,20537997.9,20538000.9,3.0,1.11
S071_3,step,roll,20538013.8,20538017.4,3.6,1.72
S071_3,step,roll,20538026.2,20538032.0,5.8,2.12
S071_3,step,roll,20538034.4,20538037.6,3.2,1.63
S071_3,step,roll,20538047.4,20538050.9,3.5,2.79
S071_3,step,roll,20538077.1,20538080.9,3.8,1.8
S071_3,step,pitch,20538106.9,20538113.4,6.5,2.39
S071_3,step,roll,20538112.6,20538117.8,5.2,2.48
S071_3,step,pitch,20538114.1,20538120.4,6.3,2.37
S071_3,step,pitch,20538142.7,20538231.3,88.6,10.79
S071_3,step,roll,20538153.0,20538157.2,4.2,1.89
S071_3,step,roll,20538170.1,20538173.1,3.0,3.2
S071_3,step,roll,20538176.5,20538180.2,3.7,2.78
S071_3,step,roll,20538181.51,20538187.9,6.39,4.3
S071_3,step,yaw,20538181.51,20538195.9,14.39,2.05
S071_3,doublet,roll,20538189.9,20538201.3,7.7,2.82|5.31
S071_3,step,roll,20538233.5,20538244.7,11.2,9.18
S071_3,step,yaw,20538233.6,20538237.2,3.6,7.13
S071_3,step,pitch,20538237.3,20538326.6,89.3,18.44
S071_3,step,roll,20538254.0,20538326.3,72.3,3.45
S071_3,step,yaw,20538285.0,20538289.4,4.4,4.41
S071_3,step,yaw,20538289.4,20538302.4,13.0,17.07
S071_3,step,yaw,20538302.4,20538311.4,9.0,27.04
S071,step,yaw,20529016.2,20529022.4,6.2,10.49
S071,step,yaw,20529023.7,20529028.9,5.2,7.55
S071,step,yaw,20529029.3,20529045.8,16.5,15.38
S071,doublet,yaw,20529046.3,20529051.6,4.3,11.13|11.66
S071,doublet,yaw,20529051.8,20529054.7,2.8,4.54|12.81
S071,step,yaw,20529055.1,20529063.7,8.6,27.26
S071,doublet,yaw,20529072.4,20529075.1,2.41,8.63|4.23
S071,doublet,yaw,20529081.7,20529084.4,2.7,4.52|8.47
S071,doublet,yaw,20529084.4,20529087.0,2.6,10.83|4.49
S071,doublet,yaw,20529090.8,20529093.0,2.1,5.37|4.52
S071,doublet,yaw,20529097.7,20529100.4,2.2,9.69|5.76
S071,step,yaw,20529107.3,20529110.7,3.4,3.37
S071,step,yaw,20529112.0,20529115.6,3.6,7.0
S071,doublet,yaw,20529118.7,20529121.5,2.7,3.1|3.82
S071,doublet,yaw,20529121.9,20529124.6,2.2,4.13|2.03
S071,step,yaw,20529376.3,20529380.2,3.9,1.16
S071,step,yaw,20529380.4,20529460.0,79.6,2.32
S084,step,roll,26600510.2,26600573.9,63.7,5.73
S084,step,yaw,26600520.6,26600527.6,7.0,11.02
S084,step,yaw,26600529.3,26600542.7,13.4,25.27
S084,doublet,yaw,26600543.3,26600547.2,3.9,10.01|23.19
S084,step,yaw,26600547.43,26600555.9,8.47,19.19
S084,step,yaw,26600556.7,26600568.3,11.6,17.15
S084,step,yaw,26600569.5,26600575.1,5.6,9.96
S084,step,roll,26600574.1,26600617.5,43.4,12.97
S084,step,yaw,26600581.7,26600585.8,4.1,11.27
S084,step,yaw,26600588.7,26600617.2,28.5,25.13
S084,doublet,yaw,26600617.2,26600623.6,3.5,9.47|2.92
S084,doublet,yaw,26600624.1,26600627.6,2.9,4.34|4.25
S084,doublet,yaw,26600628.8,26600631.7,2.9,3.23|3.56
S084,doublet,yaw,26600634.6,26600638.3,2.5,1.93|5.44
S084,doublet,yaw,26600649.0,26600652.5,2.9,6.27|4.37
S084,step,yaw,26600656.8,26600666.1,9.3,8.04
S084,doublet,yaw,26600666.1,26600669.8,3.7,4.62|6.77
S084,doublet,yaw,26600672.51,26600675.8,2.29,4.35|5.53
S084,doublet,yaw,26600675.8,26600678.3,2.5,3.64|6.68
S084,doublet,yaw,26600681.2,26600683.5,2.3,2.09|7.08
S084,doublet,yaw,26600685.2,26600688.2,2.3,6.84|4.36
S084,step,yaw,26600692.2,26600696.2,4.0,6.87
S084,step,yaw,26600696.9,26600701.2,4.3,7.53
S084,step,yaw,26600701.5,26600706.8,5.3,10.65
S084,step,yaw,26600713.23,26600721.3,8.07,6.18
S084,step,yaw,26600721.3,26600726.6,5.3,13.09
S084,step,yaw,26600726.6,26600742.6,16.0,7.96
S084,step,yaw,26600744.0,26600750.4,6.4,1.36
S084,step,yaw,26600787.7,26600791.0,3.3,1.4
S084,step,yaw,26600791.3,26600794.7,3.4,1.34
S084,step,yaw,26600795.1,26600803.9,8.8,1.92
S084,doublet,yaw,26600805.1,26600808.0,2.9,4.3|9.02
S084,step,yaw,26600809.8,26600818.5,8.7,9.0
S084,doublet,yaw,26600818.5,26600821.4,2.9,15.26|6.41
S084,step,roll,26600818.8,26600840.0,21.2,15.06
S084,doublet,yaw,26600822.0,26600826.1,4.1,8.1|2.27
S084,step,yaw,26600828.4,26600840.0,11.6,23.69
S084,step,yaw,26600840.0,26600843.2,3.2,25.35
S084,step,roll,26600842.7,26600863.3,20.6,9.17
S084,step,pitch,26600860.7,26600864.8,4.1,5.95
S084,step,roll,26600888.9,26600892.2,3.3,1.86
S084,step,roll,26600892.4,26600895.6,3.2,2.37
S084,step,roll,26600896.8,26600902.0,5.2,5.93
S084,step,yaw,26600897.6,26600935.9,38.3,1.89
S084,step,pitch,26600903.2,26600971.5,68.3,6.75
S084,doublet,roll,26600905.2,26600910.1,2.8,1.35|1.19
S084,doublet,roll,26600927.6,26600932.3,4.1,2.65|1.74
S084,step,yaw,26600937.8,26600948.8,11.0,1.25
S084,step,roll,26600951.4,26600954.6,3.2,4.42
S084,step,roll,26600956.1,26600960.2,4.1,2.96
S084,step,roll,26600965.7,26600998.3,32.6,4.28
S084,step,roll,26600998.9,26601016.5,17.6,4.93
S084,step,roll,26601017.1,26601024.0,6.9,3.89
S084,step,roll,26601025.2,26601030.3,5.1,3.89
S084,step,roll,26601041.66,26601045.3,3.64,3.86
S084,step,roll,26601053.0,26601060.2,7.2,4.02
S084,doublet,roll,26601062.9,26601070.1,6.0,5.14|3.61
S084,step,roll,26601070.7,26601073.7,3.0,4.37
S084,step,roll,26601074.0,26601077.1,3.1,6.5
S084,doublet,roll,26601084.1,26601087.9,2.6,4.83|5.99
S084,step,pitch,26601117.2,26601122.8,5.6,9.7
S084,step,roll,26601121.0,26601127.8,6.8,10.05
S084,doublet,yaw,26601124.4,26601127.4,2.6,3.65|4.89
S084,step,pitch,26601127.4,26601131.5,4.1,7.55
S084,step,roll,26601135.0,26601139.0,4.0,6.17
S084,step,roll,26601142.3,26601145.5,3.2,4.59
S084,step,roll,26601153.0,26601164.7,11.7,5.06
S084,step,roll,26601167.6,26601174.6,7.0,3.88
S084,step,roll,26601175.4,26601183.0,7.6,1.72
S084,step,yaw,26601177.4,26601181.9,4.5,1.0
S084,step,yaw,26601182.7,26601186.2,3.5,0.99
S084,step,roll,26601185.3,26601191.2,5.9,7.41
S084,step,roll,26601195.2,26601198.7,3.5,3.1
S084,step,roll,26601201.6,26601207.1,5.5,2.96
S084,step,roll,26601212.7,26601218.8,6.1,2.48
S084,step,roll,26601219.4,26601226.6,7.2,2.67
S084,step,roll,26601227.8,26601233.6,5.8,1.45
S084,doublet,roll,26601240.3,26601251.1,6.5,1.77|1.89
S084,step,yaw,26601250.8,26601254.4,3.6,1.25
S084,step,roll,26601258.6,26601261.8,3.2,2.04
S084,step,roll,26601264.5,26601274.1,9.6,3.86
S084,step,roll,26601279.9,26601303.1,23.2,3.61
S084,step,pitch,26601287.4,26601292.2,4.8,2.71
S084,step,roll,26601304.0,26601317.7,13.7,2.36
S084,step,roll,26601321.5,26601328.2,6.7,2.34
S084,step,roll,26601328.7,26601333.1,4.4,2.73
S084,doublet,roll,26601334.6,26601340.1,4.0,1.34|4.32
S084,step,roll,26601340.4,26601348.2,7.8,4.96
S084,step,roll,26601351.7,26601361.0,9.3,4.47
S084,step,roll,26601363.1,26601366.3,3.2,4.34
S084,doublet,roll,26601368.0,26601372.7,4.2,2.15|5.34
S084,doublet,roll,26601373.2,26601376.2,2.7,2.65|1.58
S084,step,yaw,26601402.6,26601409.6,7.0,1.74
S084,step,yaw,26601410.2,26601413.7,3.5,1.89
S084,doublet,yaw,26601430.0,26601434.6,3.4,6.57|3.38
S084,doublet,yaw,26601443.6,26601448.6,3.9,1.64|2.16
S084,doublet,yaw,26601450.3,26601453.0,2.7,2.09|1.48
S084,doublet,yaw,26601464.35,26601469.0,2.95,1.49|3.2
S084,doublet,yaw,26601469.0,26601471.3,2.3,1.77|2.45
S084,doublet,yaw,26601471.9,26601478.2,5.2,3.68|7.52
S084,step,yaw,26601478.8,26601494.0,15.2,20.45
S084,step,yaw,26601494.0,26601508.5,14.5,24.37
S084,step,yaw,26601516.2,26601519.6,3.4,12.52
S084,step,yaw,26601526.0,26601535.3,9.3,18.79
S084,doublet,yaw,26601535.3,26601538.2,2.3,13.82|7.1
S084,doublet,yaw,26601541.5,26601544.0,2.5,3.99|4.94
S084,doublet,yaw,26601566.5,26601570.8,2.2,3.34|8.02
S084,step,yaw,26601581.8,26601590.0,8.2,24.2
S084,doublet,yaw,26601590.0,26601593.5,3.5,24.23|5.28
S084,step,yaw,26601593.8,26601597.5,3.7,24.41
S084,step,yaw,26601598.7,26601602.8,4.1,18.45
S084,step,yaw,26601605.7,26601622.0,16.3,25.12
S084,step,yaw,26601627.8,26601640.6,12.8,25.35
S084,step,yaw,26601645.8,26601650.5,4.7,1.71
S084,step,yaw,26601652.2,26601673.5,21.3,3.97
S089_1,step,roll,27354587.9,27354599.0,11.1,3.34
S089_1,step,yaw,27355014.6,27355025.2,10.6,2.45
S089_1,step,yaw,27355026.8,27355038.8,12.0,2.61
S089_1,step,yaw,27355042.7,27355067.4,24.7,17.35
S089_1,step,roll,27355059.6,27355064.1,4.5,0.83
S089_1,step,roll,27355065.4,27355076.4,11.0,1.26
S089_1,step,yaw,27355071.7,27355077.3,5.6,25.1
S089_1,step,yaw,27355107.8,27355112.6,4.8,4.66
S089_1,step,yaw,27355118.1,27355132.5,14.4,20.07
S089_1,step,yaw,27355132.5,27355145.7,13.2,17.66
S089_1,step,yaw,27355145.7,27355152.0,6.3,6.93
S089_1,step,yaw,27355198.3,27355215.6,17.3,25.45
S089_1,step,yaw,27355220.1,27355226.2,6.1,4.21
S089_1,step,roll,27355227.6,27355245.7,18.1,1.28
S089_1,step,roll,27355300.7,27355324.0,23.3,1.53
S089_1,step,roll,27355326.9,27355395.3,68.4,3.01
S089_1,step,yaw,27355378.6,27355387.3,8.7,9.2
S089_1,step,yaw,27355392.1,27355399.4,7.3,7.38
S089_1,step,yaw,27355400.7,27355407.4,6.7,5.64
S089_1,step,roll,27355402.3,27355411.0,8.7,1.73
S089_1,step,yaw,27355438.3,27355454.0,15.7,1.41
S089_1,step,pitch,27355445.8,27355474.1,28.3,5.05
S089_1,step,roll,27355457.3,27355469.0,11.7,3.54
S089_1,step,roll,27355471.1,27355477.7,6.6,1.7
S089_1,step,roll,27355494.5,27355499.3,4.8,1.71
S089_1,step,roll,27355509.6,27355515.4,5.8,1.74
S089_1,step,roll,27355559.8,27355568.5,8.7,3.64
S089_1,step,roll,27355590.83,27355598.6,7.77,3.04
S089_1,step,roll,27355601.6,27355621.8,20.2,1.53
S089_1,step,roll,27355637.2,27355656.2,19.0,4.1
S089_1,step,roll,27355657.52,27355663.1,5.58,1.8
S089_1,step,roll,27355674.9,27355691.9,17.0,2.82
S089_1,step,roll,27355695.2,27355709.7,14.5,2.42
S089_1,step,roll,27355721.3,27355748.4,27.1,4.33
S089_1,step,roll,27355750.0,27355754.8,4.8,2.18
S089_1,step,roll,27355764.7,27355781.2,16.5,2.48
S089_1,step,roll,27355785.1,27355795.2,10.1,1.57
S089_1,step,roll,27355799.3,27355837.3,38.0,1.95
S089_1,step,roll,27355840.2,27355848.9,8.7,1.89
S089_1,step,roll,27355854.7,27355860.4,5.7,2.41
S089_1,step,roll,27355863.4,27355871.0,7.6,1.4
S089_1,step,roll,27355872.1,27355912.7,40.6,3.61
S089_1,step,roll,27355915.6,27355921.4,5.8,2.74
S089_1,step,roll,27355923.0,27355930.1,7.1,1.8
S089_1,step,roll,27355941.7,27355947.5,5.8,3.4
S089_1,step,roll,27355967.3,27356008.3,41.0,1.58
S089_1,step,roll,27356028.2,27356034.2,6.0,3.06
S089_1,step,roll,27356037.2,27356042.2,5.0,1.39
S089_1,step,roll,27356046.0,27356067.9,21.9,1.69
S089_1,step,roll,27356071.4,27356075.8,4.4,1.21
S089_1,step,pitch,27356071.5,27356077.7,6.2,2.03
S089_1,step,roll,27356077.9,27356095.3,17.4,2.33
S089_1,step,roll,27356104.08,27356130.1,26.02,2.55
S089_1,step,pitch,27356109.7,27356130.1,20.4,2.25
S089_1,step,roll,27356132.8,27356138.8,6.0,3.07
S089_1,step,roll,27356140.6,27356164.4,23.8,2.01
S089_1,step,roll,27356166.7,27356173.0,6.3,1.21
S089_1,step,roll,27356176.5,27356211.3,34.8,1.86
S089_1,step,roll,27356215.6,27356221.2,5.6,1.94
S089_1,step,roll,27356234.5,27356243.2,8.7,2.1
S089_1,step,roll,27356244.7,27356257.0,12.3,1.32
S089_1,step,roll,27356265.9,27356286.3,20.4,3.55
S089_1,step,roll,27356289.4,27356295.4,6.0,1.2
S089_1,step,roll,27356297.9,27356325.7,27.8,1.74
S089_1,step,roll,27356333.17,27356343.6,10.43,2.09
S089_1,step,roll,27356353.1,27356373.0,19.9,1.78
S089_1,step,roll,27356375.0,27356384.9,9.9,2.09
S089_1,step,roll,27356388.2,27356393.0,4.8,2.03
S089_1,step,roll,27356394.06,27356399.2,5.14,2.15
S089_1,step,roll,27356402.7,27356408.5,5.8,2.26
S089_1,step,roll,27356409.5,27356426.5,17.0,2.15
S089_1,step,roll,27356427.8,27356440.3,12.5,1.91
S089_1,step,roll,27356454.9,27356459.3,4.4,1.66
S089_1,step,roll,27356460.77,27356468.0,7.23,1.22
S089_1,step,roll,27356481.0,27356495.5,14.5,2.09
S089_1,step,roll,27356498.4,27356556.2,57.8,2.38
S089_1,step,roll,27356559.3,27356568.0,8.7,1.13
S089_1,step,roll,27356590.9,27356620.2,29.3,1.67
S089_1,step,roll,27356640.2,27356648.3,8.1,1.39
S089_1,step,roll,27356652.1,27356657.6,5.5,1.91
S089_1,step,roll,27356657.95,27356669.4,11.45,1.74
S089_1,step,roll,27356678.25,27356683.2,4.95,1.64
S089_1,step,roll,27356689.8,27356698.5,8.7,1.87
S089_1,step,roll,27356707.2,27356730.3,23.1,2.35
S089_1,step,roll,27356738.8,27356745.8,7.0,1.94
S089_1,step,roll,27356750.7,27356764.8,14.1,1.37
S089_1,step,roll,27356782.6,27356791.3,8.7,1.84
S089_1,step,roll,27356800.0,27356846.0,46.0,4.69
S089_1,step,roll,27356850.6,27356890.1,39.5,2.17
S089_1,step,roll,27356892.8,27356908.3,15.5,1.7
S089_1,step,roll,27356916.0,27356924.7,8.7,1.96
S089_1,step,roll,27356927.6,27356938.3,10.7,1.58
S089_1,step,roll,27356939.23,27356964.0,24.77,2.87
S089_1,step,roll,27356971.0,27356976.8,5.8,1.83
S089_1,step,roll,27356982.7,27356988.5,5.8,3.37
S089_1,step,roll,27356991.0,27357005.0,14.0,1.44
S089_1,step,roll,27357010.4,27357017.5,7.1,1.24
S089_1,step,roll,27357019.9,27357036.6,16.7,1.22
S089_1,step,roll,27357040.7,27357050.2,9.5,1.52
S089_1,step,roll,27357060.5,27357066.8,6.3,0.83
S089_1,step,roll,27357068.8,27357081.1,12.3,2.62
S089_1,step,roll,27357104.4,27357110.0,5.6,1.43
S089_1,step,roll,27357145.0,27357156.7,11.7,1.66
S089_1,step,roll,27357200.2,27357211.4,11.2,3.47
S089_1,step,roll,27357228.3,27357234.5,6.2,1.29
S089_1,step,roll,27357287.1,27357292.9,5.8,1.31
S089_1,step,roll,27357298.8,27357310.4,11.6,1.43
S089_1,step,pitch,27357307.3,27357313.3,6.0,2.05
S089_1,step,roll,27357339.3,27357348.1,8.8,2.79
S089_1,step,pitch,27357343.8,27357349.6,5.8,2.29
S089_1,step,pitch,27357351.6,27357360.8,9.2,2.33
S089_1,step,roll,27357359.7,27357365.5,5.8,3.84
S089_1,step,pitch,27357362.2,27357383.9,21.7,2.85
S089_1,step,roll,27357388.7,27357397.4,8.7,2.66
S089_1,step,pitch,27357394.5,27357399.0,4.5,2.95
S089_1,step,roll,27357412.9,27357420.3,7.4,1.81
S089_1,step,roll,27357426.4,27357435.0,8.6,1.62
S089_1,step,pitch,27357452.4,27357460.9,8.5,2.63
S089_1,step,roll,27357475.6,27357490.0,14.4,2.42
S089_1,step,pitch,27357483.9,27357492.8,8.9,2.19
S089_1,step,roll,27357494.3,27357504.4,10.1,3.14
S089_1,step,roll,27357504.69,27357513.3,8.61,3.12
S089_1,step,roll,27357521.3,27357527.1,5.8,1.61
S089_1,step,roll,27357556.8,27357562.4,5.6,3.23
S089_1,step,pitch,27357565.5,27357570.2,4.7,2.22
S089_1,step,roll,27357605.7,27357611.9,6.2,1.76
S089_1,step,roll,27357620.5,27357625.2,4.7,2.13
S089_1,step,pitch,27357643.8,27357652.8,9.0,2.0
S089_1,step,pitch,27357653.9,27357658.7,4.8,2.65
S089_1,step,roll,27357655.0,27357663.5,8.5,1.62
S089_1,step,pitch,27357659.5,27357665.5,6.0,2.2
S089_1,step,pitch,27357667.0,27357672.0,5.0,2.4
S089_1,step,pitch,27357672.88,27357679.7,6.82,2.18
S089_1,step,roll,27357736.6,27357753.7,17.1,2.93
S089_1,step,roll,27357805.4,27357812.4,7.0,1.34
S089_1,step,roll,27357814.2,27357820.2,6.0,1.74
S089_1,step,roll,27357832.3,27357840.0,7.7,4.31
S089_1,step,roll,27357843.9,27357887.1,43.2,2.11
S089_1,step,roll,27357887.6,27357893.0,5.4,1.94
S089_1,step,roll,27357893.27,27357942.2,48.93,1.96
S089_1,step,roll,27357945.2,27358031.6,86.4,2.73
S089_1,step,roll,27358035.3,27358079.5,44.2,1.96
S089_1,step,roll,27358081.76,27358087.5,5.74,1.04
S089_1,step,roll,27358090.4,27358107.6,17.2,1.49
S089_1,step,roll,27358116.5,27358149.4,32.9,2.46
S089_1,step,roll,27358151.3,27358159.5,8.2,1.88
S089_1,step,roll,27358160.05,27358190.1,30.05,2.08
S089_1,step,roll,27358191.9,27358203.5,11.6,1.65
S089_1,step,roll,27358206.4,27358211.4,5.0,1.7
S089_1,step,roll,27358212.7,27358217.3,4.6,1.59
S089_1,step,roll,27358223.7,27358241.7,18.0,2.99
S089_1,step,roll,27358243.4,27358288.8,45.4,2.22
S089_1,step,roll,27358290.5,27358298.0,7.5,1.52
S089_1,step,roll,27358302.15,27358356.6,54.45,1.84
S089_1,step,roll,27358363.2,27358383.1,19.9,1.8
S089_1,step,roll,27358395.7,27358406.1,10.4,1.53
S089_1,step,roll,27358412.3,27358439.3,27.0,2.18
S089_1,step,roll,27358443.1,27358459.1,16.0,1.32
S089_1,step,roll,27358459.7,27358473.2,13.5,2.21
S089_1,step,roll,27358476.13,27358483.7,7.57,1.23
S089_1,step,roll,27358486.5,27358493.5,7.0,1.01
S089_1,step,roll,27358502.0,27358513.8,11.8,1.15
S089_1,step,roll,27358516.0,27358523.6,7.6,1.23
S089_1,step,roll,27358525.4,27358540.9,15.5,1.45
S089_1,step,roll,27358541.9,27358551.0,9.1,1.83
S089_1,step,roll,27358553.7,27358612.1,58.4,1.48
S089_1,step,roll,27358612.43,27358646.1,33.67,1.6
S089_1,step,roll,27358745.8,27358757.4,11.6,4.04
S089_1,step,roll,27358763.2,27358780.6,17.4,3.77
S089_1,step,roll,27358792.1,27358825.4,33.3,1.27
S089_1,step,roll,27358829.5,27358905.2,75.7,4.05
S089_1,step,yaw,27359044.4,27359050.0,5.6,1.72
S089_1,step,roll,27359050.2,27359068.8,18.6,4.12
S089_1,step,yaw,27359058.0,27359072.5,14.5,1.33
S089_1,step,roll,27359070.5,27359077.0,6.5,3.47
S089_1,step,roll,27359079.2,27359104.0,24.8,2.22
S089_1,step,pitch,27359109.7,27359119.2,9.5,2.58
S089_1,step,roll,27359113.6,27359156.1,42.5,3.93
S089_1,step,yaw,27359142.7,27359156.2,13.5,1.01
S089_1,step,roll,27359157.5,27359167.5,10.0,2.55
S089_1,step,yaw,27359157.6,27359166.6,9.0,1.02
S089_1,step,roll,27359169.18,27359209.7,40.52,5.59
S089_1,step,roll,27359224.2,27359238.7,14.5,5.49
S089_1,step,roll,27359241.6,27359290.9,49.3,3.34
S089_1,step,roll,27359293.8,27359302.5,8.7,4.33
S089_1,step,roll,27359311.2,27359326.1,14.9,2.87
S089_1,step,roll,27359328.6,27359338.5,9.9,2.17
S089_1,step,roll,27359351.8,27359360.5,8.7,2.07
S089_1,step,pitch,27359359.4,27359402.9,43.5,2.99
S089_1,step,roll,27359363.4,27359377.1,13.7,2.12
S089_1,step,roll,27359380.8,27359395.3,14.5,6.1
S089_1,doublet,roll,27359401.1,27359415.1,11.1,5.55|6.47
S089_1,step,pitch,27359404.07,27359417.2,13.13,2.66
S089_1,step,pitch,27359427.2,27359433.4,6.2,2.76
S089_1,step,roll,27359428.6,27359498.6,70.0,4.31
S089_1,step,pitch,27359451.6,27359510.3,58.7,3.96
S089_1,step,roll,27359499.7,27359507.1,7.4,3.46
S089_1,step,roll,27359537.4,27359543.2,5.8,2.97
S089_1,step,roll,27359580.9,27359587.1,6.2,2.01
S089_1,step,roll,27359588.3,27359597.8,9.5,1.81
S089_1,step,roll,27359607.0,27359611.9,4.9,1.98
S089_1,step,pitch,27359609.9,27359615.3,5.4,2.87
S089_1,step,roll,27359615.7,27359638.9,23.2,6.64
S089_1,step,roll,27359641.8,27359649.4,7.6,6.17
S089_1,step,yaw,27359650.3,27359667.9,17.6,3.1
S089_1,step,roll,27359653.3,27359659.2,5.9,6.26
S089_1,step,roll,27359673.7,27359685.0,11.3,4.6
S089_1,step,roll,27359687.5,27359693.6,6.1,2.41
S089_1,step,pitch,27359693.3,27359702.7,9.4,3.74
S089_1,step,roll,27359717.2,27359743.3,26.1,1.58
S089_1,step,roll,27359746.9,27359757.8,10.9,5.95
S089_1,step,roll,27359763.6,27359769.4,5.8,5.85
S089_1,step,roll,27359772.3,27359781.0,8.7,6.56
S089_1,step,roll,27359795.5,27359801.0,5.5,3.01
S089_1,step,roll,27359806.4,27359818.6,12.2,3.08
S089_1,step,pitch,27359810.0,27359831.4,21.4,5.16
S089_1,step,roll,27359821.6,27359827.7,6.1,1.77
S089_1,step,roll,27359830.2,27359835.3,5.1,1.49
S089_1,step,roll,27359839.0,27359846.2,7.2,1.16
S089_1,step,roll,27359870.9,27359876.2,5.3,1.37
S089_1,step,pitch,27359879.2,27359891.6,12.4,2.78
S089_1,step,roll,27359884.9,27359891.2,6.3,1.54
S089_1,step,pitch,27359893.1,27359902.0,8.9,3.06
S089_1,step,roll,27359902.8,27359910.3,7.5,1.24
S089_1,step,pitch,27359903.1,27359908.6,5.5,1.93
S089_1,step,roll,27359919.4,27359925.1,5.7,2.52
S089_1,step,roll,27359926.04,27359933.6,7.56,1.43
S089_1,step,roll,27359943.2,27359955.0,11.8,1.98
S089_1,step,roll,27359966.3,27359971.7,5.4,2.44
S089_1,step,yaw,27359974.1,27359978.8,4.7,1.07
S089_1,step,yaw,27359979.4,27359990.8,11.4,1.28
S089_1,step,yaw,27359991.1,27360003.8,12.7,1.01
S089_1,step,roll,27359993.5,27359999.1,5.6,2.07
S089_1,step,roll,27360015.9,27360020.5,4.6,2.25
S089_1,step,roll,27360030.4,27360036.2,5.8,2.42
S089_1,step,roll,27360039.1,27360045.7,6.6,3.68
S089_1,step,yaw,27360042.03,27360046.5,4.47,1.07
S089_1,step,roll,27360049.4,27360054.0,4.6,3.24
S089_1,step,yaw,27360050.2,27360099.2,49.0,1.41
S089_1,step,roll,27360062.33,27360068.1,5.77,1.66
S089_1,step,roll,27360076.8,27360081.7,4.9,4.1
S089_1,step,roll,27360091.3,27360099.6,8.3,5.71
S089_1,step,yaw,27360101.0,27360147.0,46.0,1.4
S089_1,step,roll,27360109.5,27360122.6,13.1,2.53
S089_1,step,roll,27360126.1,27360133.7,7.6,4.48
S089_1,step,pitch,27360133.0,27360143.4,10.4,2.87
S089_1,step,roll,27360135.7,27360143.5,7.8,4.9
S089_1,step,pitch,27360145.0,27360152.4,7.4,3.21
S089_1,step,yaw,27360148.4,27360160.4,12.0,1.49
S089_1,step,roll,27360152.22,27360157.5,5.28,6.05
S089_1,step,pitch,27360154.2,27360207.2,53.0,3.61
S089_1,step,roll,27360169.6,27360178.3,8.7,7.83
S089_1,step,yaw,27360175.4,27360244.4,69.0,10.14
S089_1,step,roll,27360181.2,27360191.6,10.4,7.47
S089_1,step,roll,27360192.8,27360206.4,13.6,7.09
S089_1,step,roll,27360207.4,27360226.4,19.0,8.03
S089_1,step,pitch,27360233.3,27360253.3,20.0,11.62
S089_1,step,roll,27360249.4,27360256.2,6.8,4.54
S089_1,step,yaw,27360259.5,27360265.7,6.2,7.69
S089_1,step,yaw,27360268.1,27360285.5,17.4,16.47
S089_1,step,yaw,27360285.5,27360296.4,10.9,14.39
S089_1,step,yaw,27360346.5,27360358.1,11.6,21.23
S089_1,step,yaw,27360368.9,27360375.5,6.6,16.7
S089_2,step,roll,27371070.2,27371083.8,13.6,1.1
S089_2,step,roll,27371126.9,27371142.4,15.5,7.79
S089_2,step,yaw,27371185.3,27371211.8,26.5,25.49
S089_2,step,roll,27371197.0,27371215.3,18.3,1.33
S089_2,step,roll,27371216.7,27371224.8,8.1,3.08
S089_2,step,roll,27371224.8,27371232.1,7.3,13.85
S089_2,step,yaw,27371238.4,27371287.9,49.5,9.45
S089_2,step,roll,27371253.4,27371268.7,15.3,18.26
S089_2,step,roll,27371268.7,27371279.3,10.6,14.08
S089_2,step,roll,27371284.8,27371293.2,8.4,4.32
S089_2,step,yaw,27371291.2,27371304.1,12.9,24.5
S089_2,step,roll,27371298.5,27371309.5,11.0,8.93
S089_2,step,roll,27371312.7,27371394.1,81.4,20.35
S089_2,step,yaw,27371312.7,27371323.3,10.6,23.2
S089_2,step,yaw,27371327.7,27371342.5,14.8,11.9
S089_2,step,yaw,27371343.5,27371351.6,8.1,12.24
S089_2,step,yaw,27371353.6,27371363.0,9.4,10.29
S089_2,step,yaw,27371365.1,27371407.7,42.6,24.27
S089_2,step,roll,27371394.1,27371406.56,12.46,6.88
S089_2,step,yaw,27371407.7,27371418.9,11.2,25.2
S089_2,step,roll,27371408.2,27371487.6,79.4,12.54
S089_2,step,yaw,27371450.81,27371461.4,10.59,4.73
S089_2,step,pitch,27371455.1,27371533.9,78.8,20.02
S089_2,step,yaw,27371461.4,27371467.4,6.0,9.54
S089_2,step,roll,27371507.45,27371513.9,6.45,1.75
S089_2,step,roll,27371523.38,27371529.7,6.32,12.78
S089_2,step,roll,27371565.8,27371597.8,32.0,21.51
S089_2,step,pitch,27371655.5,27371668.6,13.1,16.47
S089_2,step,roll,27371660.6,27371666.7,6.1,6.04
S089_2,step,roll,27371670.2,27371679.6,9.4,5.16
S089_2,step,pitch,27371680.2,27371686.7,6.5,4.88
S089_2,step,pitch,27371690.4,27371704.3,13.9,14.7
S089_2,step,yaw,27371691.8,27371700.1,8.3,24.3
S089_2,step,roll,27371696.839,27371703.4,6.56,3.77
S089_2,step,pitch,27371705.5,27371719.7,14.2,4.73
S089_2,step,roll,27371718.0,27371726.0,8.0,10.23
S089_2,step,pitch,27371723.1,27371775.3,52.2,7.76
S089_2,step,roll,27371726.9,27371737.2,10.3,9.73
S089_2,step,roll,27371742.2,27371749.9,7.7,6.42
S089_2,step,roll,27371751.2,27371769.4,18.2,5.24
S089_2,step,yaw,27371755.2,27371782.4,27.2,1.56
S089_2,step,roll,27371788.2,27371793.7,5.5,3.32
S089_2,step,pitch,27371795.3,27371828.6,33.3,2.96
S089_2,step,pitch,27371833.2,27371882.6,49.4,2.82
S089_2,step,roll,27371859.8,27371865.2,5.4,3.17
S089_2,step,roll,27371870.3,27371881.4,11.1,2.74
S089_2,step,pitch,27371885.9,27371899.6,13.7,2.34
S089_2,step,roll,27371916.2,27371930.0,13.8,2.77
S089_2,step,roll,27371931.9,27371944.3,12.4,2.87
S089_2,step,roll,27371955.2,27371962.3,7.1,1.45
S089_2,step,roll,27371982.6,27371989.7,7.1,2.33
S089_2,step,roll,27371991.6,27371997.7,6.1,1.98
S089_2,step,roll,27372016.9,27372024.2,7.3,2.39
S089_2,step,pitch,27372024.8,27372031.0,6.2,1.81
S089_2,step,roll,27372029.8,27372043.4,13.6,3.6
S089_2,step,pitch,27372036.9,27372047.3,10.4,1.76
S089_2,step,pitch,27372049.1,27372057.6,8.5,1.75
S089_2,step,pitch,27372058.8,27372068.0,9.2,1.67
S089_2,step,roll,27372063.8,27372069.8,6.0,1.39
S089_2,step,pitch,27372070.2,27372134.8,64.6,1.76
S089_2,step,roll,27372072.0,27372082.1,10.1,1.62
S089_2,step,roll,27372089.7,27372118.1,28.4,1.71
S089_2,step,roll,27372128.3,27372145.6,17.3,1.71
S089_2,step,pitch,27372350.3,27372412.0,61.7,2.4
S089_2,step,roll,27372356.9,27372362.7,5.8,0.97
S089_2,step,roll,27372397.0,27372409.2,12.2,1.11
S089_2,step,roll,27372409.9,27372421.4,11.5,1.25
S089_2,step,pitch,27372529.5,27372540.4,10.9,2.38
S089_2,step,roll,27372547.5,27372567.2,19.7,2.66
S089_2,step,roll,27372569.7,27372585.9,16.2,2.65
S089_2,step,roll,27372634.9,27372699.2,64.3,1.77
S089_2,step,roll,27372700.4,27372750.4,50.0,3.57
S089_2,step,roll,27372752.2,27372763.6,11.4,2.61
S089_2,step,roll,27372775.8,27372797.7,21.9,3.66
S089_2,step,roll,27372811.9,27372825.6,13.7,2.19
S089_2,step,pitch,27372840.7,27372884.3,43.6,2.2
S089_2,step,yaw,27372887.5,27372930.0,42.5,1.16
S089_2,step,roll,27372889.8,27372896.9,7.1,2.54
S089_2,step,roll,27372904.0,27372910.9,6.9,1.3
S089_2,step,yaw,27372930.53,27372956.6,26.07,0.96
S089_2,step,roll,27372948.4,27372955.31,6.91,1.18
S089_2,step,yaw,27372958.1,27372970.5,12.4,0.96
S089_2,step,yaw,27372971.8,27373001.6,29.8,2.85
S089_2,step,roll,27372981.8,27372988.1,6.3,1.04
S089_2,step,roll,27373003.0,27373013.7,10.7,2.01
S089_2,step,roll,27373017.3,27373036.0,18.7,1.37
S089_2,step,yaw,27373022.5,27373032.6,10.1,1.04
S089_2,step,roll,27373038.0,27373046.1,8.1,1.19
S089_2,step,roll,27373047.3,27373063.9,16.6,1.18
S089_2,step,roll,27373065.05,27373084.9,19.85,1.17
S089_2,step,roll,27373086.0,27373117.3,31.3,1.28
S089_2,step,roll,27373220.8,27373237.6,16.8,1.24
S089_2,step,roll,27373244.4,27373250.8,6.4,0.97
S089_2,step,roll,27373289.8,27373309.8,20.0,1.37
S089_2,step,roll,27373310.5,27373324.7,14.2,1.35
S089_2,step,roll,27373326.1,27373335.0,8.9,1.19
S089_2,step,roll,27373341.1,27373351.3,10.2,1.59
S089_2,step,roll,27373353.2,27373416.2,63.0,1.83
S089_2,step,roll,27373419.0,27373448.0,29.0,1.93
S089_2,step,roll,27373449.1,27373478.1,29.0,1.36
S089_2,step,roll,27373481.0,27373494.4,13.4,1.35
S089_2,step,roll,27373496.9,27373518.0,21.1,1.19
S089_2,step,roll,27373534.1,27373542.2,8.1,1.31
S089_2,step,roll,27373677.4,27373696.6,19.2,3.56
S089_2,step,roll,27373698.7,27373774.8,76.1,1.54
S089_2,step,roll,27373776.7,27373783.8,7.1,0.96
S089_2,step,roll,27373785.0,27373831.4,46.4,1.29
S089_2,step,roll,27373833.2,27373893.4,60.2,5.3
S089_2,step,roll,27373907.5,27373921.7,14.2,5.87
S089_2,step,roll,27373925.2,27373930.9,5.7,2.56
S089_2,step,roll,27373937.6,27373990.9,53.3,6.37
S089_2,step,roll,27373992.9,27374057.2,64.3,2.5
S089_2,step,roll,27374058.0,27374068.3,10.3,0.97
S089_2,step,roll,27374086.3,27374095.1,8.8,1.09
S089_2,step,roll,27374096.3,27374142.9,46.6,3.09
S089_2,step,roll,27374146.5,27374176.6,30.1,5.4
S089_2,step,roll,27374190.7,27374197.8,7.1,5.36
S089_2,step,roll,27374212.0,27374231.7,19.7,2.31
S089_2,step,roll,27374238.4,27374246.3,7.9,1.05
S089_2,step,roll,27374247.4,27374256.2,8.8,1.15
S089_2,step,roll,27374270.42,27374278.0,7.58,1.19
S089_2,step,roll,27374283.1,27374295.0,11.9,1.28
S089_2,step,roll,27374339.4,27374356.4,17.0,1.14
S089_2,step,roll,27374357.1,27374366.0,8.9,0.9
S089_2,step,roll,27374401.1,27374410.2,9.1,1.07
S089_2,step,roll,27374417.1,27374433.2,16.1,0.84
S089_2,step,roll,27374446.0,27374459.3,13.3,1.02
S089_2,step,roll,27374461.5,27374472.3,10.8,1.11
S089_2,step,pitch,27374477.5,27374483.8,6.3,2.47
S089_2,step,roll,27374504.1,27374509.7,5.6,1.43
S089_2,step,roll,27374510.8,27374516.4,5.6,2.07
S089_2,step,roll,27374520.9,27374529.8,8.9,2.37
S089_2,step,roll,27374533.7,27374580.1,46.4,2.8
S089_2,step,roll,27374592.7,27374599.6,6.9,3.58
S089_2,step,roll,27374601.4,27374616.0,14.6,3.53
S089_2,step,roll,27374646.8,27374652.7,5.9,5.42
S089_2,step,pitch,27374679.2,27374700.5,21.3,2.81
S089_2,step,roll,27374681.0,27374707.62,26.62,6.94
S089_2,step,roll,27374764.2,27374769.56,5.36,5.7
S089_2,step,roll,27374783.7,27374799.2,15.5,2.77
S089_2,step,roll,27374810.2,27374819.1,8.9,1.65
S089_2,step,roll,27374844.8,27374851.8,7.0,1.4
S089_2,step,roll,27374882.8,27374891.2,8.4,2.1
S089_2,step,roll,27374899.8,27374909.9,10.1,1.66
S089_2,step,roll,27374912.9,27374921.7,8.8,6.29
S089_2,step,roll,27374934.1,27374942.9,8.8,6.43
S089_2,step,roll,27374955.4,27374971.8,16.4,3.43
S089_2,step,roll,27374976.6,27374995.0,18.4,1.95
S089_2,step,roll,27374996.3,27375006.9,10.6,2.36
S089_2,step,roll,27375015.4,27375023.1,7.7,1.28
S089_2,step,roll,27375028.4,27375035.7,7.3,0.98
S089_2,step,roll,27375047.2,27375053.6,6.4,1.54
S089_2,step,roll,27375075.3,27375089.9,14.6,1.28
S089_2,step,roll,27375091.7,27375097.6,5.9,1.62
S089_2,step,roll,27375099.6,27375110.8,11.2,1.11
S089_2,step,roll,27375112.9,27375120.0,7.1,5.48
S089_2,step,roll,27375122.9,27375130.6,7.7,6.06
S089_2,step,roll,27375132.4,27375140.1,7.7,6.08
S089_2,step,roll,27375153.6,27375160.1,6.5,2.29
S089_2,step,roll,27375183.7,27375190.7,7.0,1.82
S089_2,step,roll,27375204.1,27375212.0,7.9,0.88
S089_2,step,roll,27375220.9,27375268.7,47.8,5.98
S089_2,step,roll,27375282.8,27375289.9,7.1,6.35
S089_2,step,roll,27375300.5,27375316.9,16.4,2.68
S089_2,step,roll,27375323.5,27375339.4,15.9,1.31
S089_2,step,roll,27375341.2,27375411.3,70.1,1.53
S089_2,step,roll,27375413.8,27375421.2,7.4,1.14
S089_2,step,roll,27375422.4,27375431.5,9.1,6.28
S089_2,step,roll,27375442.1,27375522.1,80.0,7.17
S089_2,step,roll,27375523.5,27375593.4,69.9,2.52
S089_2,step,roll,27375594.0,27375620.7,26.7,1.75
S089_2,step,roll,27375622.3,27375640.6,18.3,1.48
S089_2,step,roll,27375649.0,27375664.2,15.2,2.68
S089_2,step,roll,27375667.3,27375732.4,65.1,4.63
S089_2,step,roll,27375737.7,27375757.2,19.5,4.24
S089_2,step,yaw,27375747.6,27375762.3,14.7,1.42
S089_2,step,roll,27375758.9,27375768.1,9.2,2.3
S089_2,step,yaw,27375836.8,27375879.3,42.5,1.2
S089_2,step,roll,27375893.5,27375914.1,20.6,4.18
S089_2,step,yaw,27375904.0,27375909.6,5.6,1.03
S089_2,step,yaw,27375914.3,27375953.6,39.3,1.39
S089_2,step,roll,27376035.1,27376077.5,42.4,3.69
S089_2,step,roll,27376084.6,27376102.0,17.4,3.68
S089_2,step,roll,27376104.1,27376187.339,83.24,2.99
S089_2,step,roll,27376194.2,27376249.2,55.0,3.79
S089_2,step,roll,27376258.1,27376275.1,17.0,3.58
S089_2,step,roll,27376277.6,27376300.6,23.0,2.08
S089_2,step,roll,27376302.3,27376311.1,8.8,1.57
S089_2,step,roll,27376313.5,27376323.1,9.6,1.26
S089_2,step,roll,27376325.2,27376330.7,5.5,1.23
S089_2,step,roll,27376331.6,27376369.5,37.9,1.19
S089_2,step,roll,27376371.8,27376391.6,19.8,1.2
S089_2,step,pitch,27376631.9,27376638.2,6.3,2.11
S089_2,step,pitch,27376662.2,27376667.7,5.5,1.82
S089_2,step,pitch,27376675.85,27376682.2,6.35,1.75
S089_2,step,pitch,27376711.25,27376719.0,7.75,1.69
S089_2,step,pitch,27376722.1,27376736.9,14.8,1.8
S089_2,step,pitch,27376748.4,27376761.4,13.0,1.78
S089_2,step,yaw,27377123.7,27377148.4,24.7,2.71
S089_2,step,yaw,27377270.5,27377281.8,11.3,0.99
S089_2,step,yaw,27377426.2,27377433.0,6.8,3.26
S089_2,step,yaw,27377444.1,27377454.1,10.0,0.93
S089_2,step,yaw,27377468.3,27377521.8,53.5,0.93
S089_2,step,yaw,27377521.91,27377537.1,15.19,3.3
S089_2,step,yaw,27377542.5,27377578.9,36.4,3.41
S089_2,step,pitch,27377936.0,27377950.1,14.1,21.1
S089_2,step,yaw,27377936.1,27377941.9,5.8,18.92
S089_2,step,yaw,27377943.3,27377955.8,12.5,18.46
S089_2,step,yaw,27377959.0,27377966.1,7.1,14.17
S089_2,step,yaw,27377970.5,27377986.4,15.9,25.25
S089_2,step,yaw,27378091.2,27378107.4,16.2,3.31
S089_2,step,yaw,27378111.2,27378139.1,27.9,2.63
S089_2,step,yaw,27378141.42,27378148.0,6.58,1.35
S093_1,step,roll,28392475.51,28392563.4,87.89,1.22
S093_1,step,roll,28392569.8,28392593.2,23.4,1.54
S093_1,step,roll,28392595.8,28392656.0,60.2,1.63
S093_1,step,roll,28392705.1,28392710.0,4.9,11.64
S093_1,doublet,pitch,28392706.4,28392714.5,6.4,22.94|5.37
S093_1,step,roll,28392710.0,28392717.4,7.4,1.38
S093_1,step,pitch,28392717.9,28392725.6,7.7,7.75
S093_1,step,roll,28392725.4,28392729.7,4.3,3.8
S093_1,step,pitch,28392726.0,28392743.0,17.0,11.6
S093_1,step,roll,28392742.6,28392746.3,3.7,5.39
S093_1,step,yaw,28392848.9,28392858.6,9.7,25.41
S093_1,step,yaw,28392859.9,28392886.6,26.7,25.46
S093_1,step,yaw,28392888.2,28392895.4,7.2,17.83
S093_1,step,yaw,28392899.2,28392913.9,14.7,18.73
S093_1,step,yaw,28392918.9,28392931.1,12.2,24.7
S093_1,step,yaw,28392934.7,28392939.6,4.9,8.35
S093_1,step,yaw,28392943.4,28392950.5,7.1,8.37
S093_1,step,yaw,28392953.3,28392964.3,11.0,7.19
S093_1,step,yaw,28392965.4,28392988.9,23.5,6.17
S093_1,step,yaw,28392995.05,28393007.2,12.15,6.91
S093_1,doublet,yaw,28393008.4,28393019.6,8.6,6.07|14.82
S093_1,step,yaw,28393050.3,28393063.7,13.4,12.26
S093_1,doublet,yaw,28393063.7,28393069.1,5.4,6.28|2.01
S093_1,doublet,roll,28393163.9,28393169.5,5.6,20.82|1.9
S093_1,step,roll,28393319.3,28393327.4,8.1,2.17
S093_1,step,roll,28393328.5,28393336.2,7.7,2.29
S093_1,step,roll,28393344.4,28393421.2,76.8,18.01
S093_1,step,yaw,28393399.0,28393406.5,7.5,9.72
S093_1,step,yaw,28393415.2,28393424.5,9.3,13.3
S093_1,step,roll,28393423.2,28393426.7,3.5,1.52
S093_1,step,yaw,28393424.9,28393438.4,13.5,5.84
S093_1,step,pitch,28393428.6,28393467.6,39.0,7.92
S093_1,step,roll,28393428.6,28393432.3,3.7,5.27
S093_1,doublet,roll,28393434.1,28393440.9,6.8,2.51|3.75
S093_1,step,roll,28393441.5,28393456.8,15.3,5.14
S093_1,step,yaw,28393442.1,28393456.3,14.2,1.92
S093_1,step,roll,28393460.5,28393464.8,4.3,2.89
S093_1,step,roll,28393465.4,28393474.6,9.2,5.89
S093_1,step,roll,28393475.3,28393478.9,3.6,3.72
S093_1,step,yaw,28393475.31,28393478.9,3.59,1.34
S093_1,step,roll,28393483.1,28393501.7,18.6,5.04
S093_1,step,yaw,28393486.7,28393504.7,18.0,1.61
S093_1,step,yaw,28393506.4,28393510.7,4.3,1.03
S093_1,step,roll,28393509.0,28393512.1,3.1,1.65
S093_1,step,yaw,28393511.9,28393517.0,5.1,1.09
S093_1,step,roll,28393515.2,28393526.8,11.6,2.71
S093_1,step,yaw,28393517.7,28393521.2,3.5,1.03
S093_1,step,yaw,28393525.8,28393529.2,3.4,0.93
S093_1,step,roll,28393529.9,28393534.2,4.3,3.23
S093_1,step,roll,28393536.1,28393553.2,17.1,5.29
S093_1,step,yaw,28393539.1,28393543.6,4.5,1.27
S093_1,step,pitch,28393556.3,28393561.5,5.2,2.12
S093_1,step,pitch,28393562.2,28393567.3,5.1,2.23
S093_1,step,pitch,28393569.9,28393574.1,4.2,2.27
S093_1,step,roll,28393571.7,28393577.7,6.0,3.78
S093_1,step,pitch,28393574.6,28393615.2,40.6,2.53
S093_1,step,roll,28393584.0,28393587.2,3.2,1.61
S093_1,step,roll,28393587.6,28393591.4,3.8,2.06
S093_1,step,roll,28393605.2,28393611.6,6.4,1.66
S093_1,step,pitch,28393616.5,28393620.3,3.8,2.5
S093_1,step,roll,28393619.0,28393622.0,3.0,2.43
S093_1,step,pitch,28393621.1,28393630.0,8.9,2.34
S093_1,step,roll,28393626.9,28393630.4,3.5,2.6
S093_1,step,pitch,28393630.6,28393639.4,8.8,2.37
S093_1,step,roll,28393632.5,28393635.5,3.0,1.32
S093_1,step,roll,28393643.3,28393646.5,3.2,2.16
S093_1,step,pitch,28393644.5,28393660.7,16.2,2.68
S093_1,doublet,roll,28393657.7,28393667.5,8.6,6.32|2.79
S093_1,step,pitch,28393662.0,28393688.0,26.0,2.1
S093_1,step,roll,28393681.0,28393686.5,5.5,2.42
S093_1,step,roll,28393689.0,28393692.3,3.3,1.21
S093_1,step,pitch,28393689.02,28393701.1,12.08,1.93
S093_1,step,roll,28393693.3,28393701.0,7.7,2.16
S093_1,step,roll,28393703.7,28393716.5,12.8,2.4
S093_1,step,pitch,28393713.5,28393716.8,3.3,2.02
S093_1,step,pitch,28393717.2,28393721.3,4.1,1.96
S093_1,step,roll,28393726.4,28393730.7,4.3,4.05
S093_1,step,roll,28393748.5,28393754.1,5.6,1.29
S093_1,step,roll,28393756.5,28393761.4,4.9,2.42
S093_1,step,yaw,28393757.2,28393760.6,3.4,1.11
S093_1,step,roll,28393765.7,28393773.7,8.0,3.56
S093_1,doublet,roll,28393789.13,28393798.3,9.17,1.35|3.33
S093_1,step,roll,28393800.0,28393815.4,15.4,5.84
S093_1,step,yaw,28393801.9,28393808.3,6.4,2.3
S093_1,step,yaw,28393809.3,28393819.5,10.2,3.09
S093_1,doublet,roll,28393819.8,28393834.4,11.6,2.54|1.25
S093_1,step,pitch,28393819.9,28393826.5,6.6,2.12
S093_1,step,roll,28393835.8,28393843.7,7.9,2.95
S093_1,step,pitch,28393842.1,28393846.2,4.1,1.9
S093_1,step,roll,28393846.9,28393851.2,4.3,1.86
S093_1,step,roll,28393851.7,28393866.3,14.6,4.19
S093_1,step,pitch,28393863.8,28393872.6,8.8,2.05
S093_1,step,yaw,28393864.0,28393872.5,8.5,1.64
S093_1,step,pitch,28393875.71,28393880.0,4.29,1.82
S093_1,step,yaw,28393878.1,28393902.0,23.9,3.1
S093_1,step,yaw,28393902.73,28393922.3,19.57,3.25
S093_1,step,roll,28393903.3,28393906.3,3.0,5.29
S093_1,step,pitch,28393913.7,28393917.3,3.6,2.07
S093_1,step,pitch,28393918.7,28393921.8,3.1,2.03
S093_1,step,roll,28393921.7,28393926.0,4.3,2.23
S093_1,step,pitch,28393922.1,28393926.0,3.9,2.03
S093_1,step,roll,28393927.9,28393962.3,34.4,1.97
S093_1,step,roll,28393963.7,28393984.4,20.7,4.39
S093_1,step,yaw,28393991.17,28393994.8,3.63,1.18
S093_1,step,yaw,28393997.6,28394000.8,3.2,1.53
S093_1,step,roll,28394002.2,28394009.9,7.7,1.69
S093_1,step,yaw,28394007.1,28394011.8,4.7,1.32
S093_1,step,roll,28394010.8,28394014.5,3.7,3.13
S093_1,step,yaw,28394013.1,28394016.9,3.8,1.87
S093_1,step,roll,28394026.1,28394034.7,8.6,1.68
S093_1,step,yaw,28394034.0,28394037.8,3.8,1.4
S093_1,step,roll,28394042.1,28394047.6,5.5,2.4
S093_1,step,yaw,28394051.3,28394060.9,9.6,1.44
S093_1,step,roll,28394055.0,28394058.7,3.7,1.05
S093_1,step,roll,28394062.3,28394066.7,4.4,1.41
S093_1,step,roll,28394069.6,28394073.4,3.8,1.58
S093_1,step,yaw,28394073.4,28394076.4,3.0,1.12
S093_1,step,yaw,28394083.2,28394087.6,4.4,1.7
S093_1,step,roll,28394085.1,28394089.9,4.8,1.89
S093_1,step,yaw,28394087.9,28394093.9,6.0,1.96
S093_1,step,roll,28394097.4,28394104.9,7.5,5.03
S093_1,step,roll,28394109.7,28394113.3,3.6,1.46
S093_1,step,roll,28394143.2,28394150.2,7.0,3.31
S093_1,step,roll,28394182.7,28394186.8,4.1,1.48
S093_1,step,roll,28394206.7,28394212.1,5.4,2.6
S093_1,step,roll,28394228.2,28394231.3,3.1,3.32
S093_1,step,roll,28394233.7,28394237.6,3.9,2.81
S093_1,step,roll,28394249.1,28394255.8,6.7,2.38
S093_1,step,roll,28394269.3,28394272.4,3.1,1.07
S093_1,step,roll,28394283.5,28394286.57,3.07,1.63
S093_1,step,yaw,28394323.1,28394326.3,3.2,1.53
S093_1,step,pitch,28394348.3,28394353.5,5.2,1.9
S093_1,step,yaw,28394408.6,28394414.4,5.8,2.25
S093_1,step,pitch,28394443.17,28394447.8,4.63,1.81
S093_1,step,pitch,28394448.3,28394451.7,3.4,1.78
S093_1,step,pitch,28394468.6,28394472.4,3.8,2.0
S093_1,step,pitch,28394479.0,28394484.3,5.3,2.19
S093_1,step,pitch,28394492.2,28394498.1,5.9,2.22
S093_1,step,pitch,28394499.2,28394516.0,16.8,2.38
S093_1,step,pitch,28394521.7,28394533.9,12.2,2.61
S093_1,step,pitch,28394535.1,28394563.5,28.4,2.58
S093_1,step,pitch,28394564.1,28394574.9,10.8,2.41
S093_1,step,pitch,28394575.6,28394581.9,6.3,2.2
S093_1,step,pitch,28394583.1,28394586.8,3.7,2.12
S093_1,step,pitch,28394587.3,28394594.2,6.9,2.02
S093_1,step,pitch,28394595.1,28394612.3,17.2,2.36
S093_1,step,pitch,28394612.7,28394620.9,8.2,2.15
S093_1,step,yaw,28394685.1,28394688.8,3.7,1.48
S093_1,step,yaw,28394717.0,28394721.9,4.9,1.92
S093_1,step,yaw,28394729.3,28394733.0,3.7,1.63
S093_1,step,yaw,28394745.3,28394748.6,3.3,4.41
S093_1,step,yaw,28394760.0,28394769.8,9.8,13.73
S093_1,step,yaw,28394772.1,28394787.0,14.9,22.52
S093_1,step,yaw,28394811.6,28394819.0,7.4,20.44
S093_1,step,yaw,28394871.8,28394880.4,8.6,23.25
S093_1,step,yaw,28394890.2,28394901.3,11.1,21.06
S093_1,step,yaw,28394901.3,28394904.9,3.6,17.57
S093_5,step,roll,28416113.3,28416126.8,13.5,2.98
S093_5,step,roll,28416128.36,28416159.4,31.04,2.31
S093_5,step,roll,28416160.7,28416202.5,41.8,3.01
S093_5,step,roll,28416207.4,28416214.3,6.9,2.87
S093_5,step,roll,28416218.8,28416231.6,12.8,1.32
S093_5,step,roll,28416233.42,28416292.2,58.78,4.02
S093_5,step,roll,28416294.85,28416314.3,19.45,2.42
S093_5,step,roll,28416318.5,28416344.1,25.6,5.24
S093_5,step,yaw,28416339.7,28416344.2,4.5,1.25
S093_5,step,pitch,28416347.7,28416396.0,48.3,9.81
S093_5,step,roll,28416349.0,28416353.1,4.1,2.43
S093_5,step,roll,28416354.1,28416365.27,11.17,3.17
S093_5,step,yaw,28416358.5,28416364.4,5.9,1.11
S093_5,step,roll,28416366.9,28416374.8,7.9,2.86
S093_5,step,yaw,28416368.2,28416384.5,16.3,1.67
S093_5,step,roll,28416378.54,28416381.6,3.06,2.86
S093_5,step,yaw,28416386.2,28416392.1,5.9,2.22
S093_5,step,roll,28416392.6,28416398.0,5.4,3.07
S093_5,step,yaw,28416393.3,28416396.7,3.4,2.07
S097_1,step,roll,29946416.6,29946432.7,16.1,1.0
S097_1,step,roll,29946455.4,29946498.6,43.2,0.99
S097_1,step,roll,29946546.7,29946553.7,7.0,1.55
S097_1,step,yaw,29946550.7,29946572.7,22.0,25.53
S097_1,step,roll,29946554.7,29946561.5,6.8,4.24
S097_1,step,roll,29946563.7,29946569.8,6.1,7.38
S097_1,step,roll,29946570.7,29946581.8,11.1,19.26
S097_1,step,yaw,29946576.6,29946580.8,4.2,5.62
S097_1,step,roll,29946581.8,29946620.8,39.0,20.96
S097_1,step,yaw,29946584.8,29946589.7,4.9,20.9
S097_1,step,yaw,29946590.81,29946594.8,3.99,23.59
S097_1,step,yaw,29946595.9,29946600.8,4.9,21.59
S097_1,step,yaw,29946608.8,29946616.5,7.7,25.11
S097_1,step,yaw,29946666.86,29946676.8,9.94,15.12
S097_1,step,yaw,29946682.86,29946687.9,5.04,11.38
S097_1,step,yaw,29946694.2,29946755.8,61.6,22.35
S097_1,step,pitch,29946756.2,29946760.8,4.6,24.36
S097_1,doublet,roll,29946756.7,29946767.1,10.4,20.93|20.84
S097_1,step,pitch,29946760.8,29946830.9,70.1,20.01
S097_1,step,yaw,29946762.8,29946780.5,17.7,20.34
S097_1,step,roll,29946772.9,29946826.9,54.0,19.96
S097_1,step,yaw,29946780.9,29946789.3,8.4,22.51
S097_1,step,yaw,29946798.9,29946810.5,11.6,14.39
S097_1,step,yaw,29946814.9,29946820.2,5.3,15.51
S097_1,step,yaw,29946823.5,29946852.2,28.7,10.27
S097_1,doublet,roll,29946860.5,29946868.9,8.4,4.5|5.23
S097_1,step,roll,29946869.9,29946873.0,3.1,6.24
S097_1,step,roll,29946873.9,29946888.2,14.3,8.75
S097_1,step,roll,29946889.0,29946895.1,6.1,6.82
S097_1,step,roll,29946896.4,29946899.8,3.4,3.15
S097_1,step,roll,29946901.2,29946904.9,3.7,3.47
S097_1,step,roll,29946906.9,29946917.6,10.7,6.18
S097_1,step,roll,29946918.0,29946924.0,6.0,6.57
S097_1,step,roll,29946935.8,29946940.7,4.9,5.36
S097_1,step,roll,29946943.9,29946955.8,11.9,8.28
S097_1,step,roll,29946963.4,29946966.99,3.59,2.45
S097_1,step,roll,29946972.4,29946976.6,4.2,5.43
S097_1,step,roll,29946990.6,29946999.0,8.4,7.68
S097_1,step,yaw,29947035.0,29947038.5,3.5,1.7
S097_1,step,yaw,29947039.03,29947042.5,3.47,2.09
S097_1,step,yaw,29947044.1,29947065.8,21.7,10.16
S097_1,step,roll,29947067.5,29947070.8,3.3,6.65
S097_1,step,roll,29947073.0,29947124.0,51.0,19.7
S097_1,step,yaw,29947080.3,29947084.9,4.6,10.32
S097_1,step,yaw,29947096.3,29947099.8,3.5,15.35
S097_1,step,yaw,29947100.5,29947107.9,7.4,9.08
S097_1,step,yaw,29947110.7,29947116.4,5.7,11.08
S097_1,step,yaw,29947117.06,29947124.9,7.84,21.83
S097_1,step,yaw,29947126.1,29947137.7,11.6,24.66
S097_1,step,yaw,29947138.4,29947142.8,4.4,14.73
S097_1,step,yaw,29947184.2,29947191.3,7.1,9.35
S097_1,step,yaw,29947200.4,29947206.0,5.6,10.17
S097_1,step,yaw,29947207.6,29947233.1,25.5,21.12
S097_1,step,roll,29947223.1,29947267.3,44.2,19.74
S097_1,step,yaw,29947234.0,29947246.9,12.9,15.16
S097_1,step,yaw,29947253.1,29947256.6,3.5,18.09
S097_1,step,yaw,29947263.1,29947267.8,4.7,10.43
S097_1,step,yaw,29947269.3,29947277.1,7.8,4.84
S097_1,step,roll,29947270.0,29947274.3,4.3,5.34
S097_1,step,roll,29947280.3,29947283.4,3.1,4.3
S097_1,step,roll,29947302.15,29947306.9,4.75,8.64
S097_1,step,yaw,29947302.7,29947350.1,47.4,2.24
S097_1,step,roll,29947310.1,29947315.0,4.9,8.58
S097_1,step,roll,29947329.8,29947334.2,4.4,6.92
S097_1,step,roll,29947364.5,29947368.3,3.8,3.3
S097_1,step,roll,29947370.2,29947374.1,3.9,3.71
S097_1,step,roll,29947391.7,29947395.5,3.8,3.27
S097_1,step,roll,29947396.4,29947406.1,9.7,5.37
S097_1,step,roll,29947412.1,29947415.3,3.2,3.2
S097_1,step,roll,29947422.2,29947427.1,4.9,3.36
S097_1,step,yaw,29947422.4,29947427.2,4.8,1.12
S097_1,step,roll,29947435.1,29947438.2,3.1,2.68
S097_1,step,roll,29947439.7,29947443.2,3.5,4.11
S097_1,step,yaw,29947447.1,29947454.6,7.5,1.2
S097_1,step,yaw,29947463.2,29947466.8,3.6,1.78
S097_1,step,roll,29947465.0,29947468.1,3.1,4.45
S097_1,step,yaw,29947468.8,29947472.5,3.7,3.51
S097_1,step,roll,29947490.5,29947493.6,3.1,9.81
S097_1,doublet,roll,29947514.4,29947528.5,9.5,13.06|9.43
S097_1,step,roll,29947535.2,29947539.2,4.0,11.46
S097_1,step,roll,29947540.2,29947545.0,4.8,8.7
S097_1,step,roll,29947552.2,29947555.3,3.1,8.81
S097_1,step,roll,29947583.28,29947588.7,5.42,6.01
S097_1,step,roll,29947593.6,29947601.8,8.2,5.11
S097_1,step,roll,29947610.9,29947615.0,4.1,4.08
S097_1,step,roll,29947618.5,29947624.7,6.2,5.34
S097_1,step,yaw,29947638.0,29947666.1,28.1,1.85
S097_1,step,roll,29947640.7,29947643.8,3.1,5.03
S097_1,step,roll,29947660.4,29947664.4,4.0,3.14
S097_1,step,yaw,29947684.6,29947708.1,23.5,2.13
S097_1,step,roll,29947684.7,29947688.9,4.2,4.86
S097_1,step,roll,29947692.7,29947696.3,3.6,6.78
S097_1,step,roll,29947698.0,29947701.3,3.3,4.9
S097_1,step,yaw,29947710.2,29947739.9,29.7,5.56
S097_1,step,roll,29947730.6,29947734.0,3.4,6.18
S097_1,step,yaw,29947740.5,29947749.3,8.8,7.22
S097_1,step,yaw,29947749.8,29947774.8,25.0,15.0
S097_1,step,roll,29947774.2,29947836.4,62.2,18.45
S097_1,step,yaw,29947779.5,29947785.0,5.5,11.97
S097_1,step,yaw,29947786.5,29947790.4,3.9,10.99
S097_1,step,yaw,29947793.2,29947798.2,5.0,9.14
S097_1,step,yaw,29947809.3,29947821.6,12.3,12.81
S097_1,step,yaw,29947823.2,29947835.4,12.2,20.27
S097_1,step,roll,29947836.4,29947906.4,70.0,20.76
S097_1,step,yaw,29947841.0,29947844.8,3.8,17.35
S097_1,step,yaw,29947857.42,29947860.5,3.08,8.73
S097_1,step,yaw,29947861.42,29947864.6,3.18,8.64
S097_1,step,yaw,29947866.1,29947873.4,7.3,10.32
S097_1,step,yaw,29947875.1,29947882.5,7.4,12.1
S097_1,step,yaw,29947884.8,29947889.4,4.6,12.66
S097_1,step,yaw,29947891.2,29947897.8,6.6,11.24
S097_1,step,yaw,29947898.8,29947928.3,29.5,23.57
S097_1,step,roll,29947908.4,29947966.9,58.5,19.83
S097_1,step,yaw,29947933.5,29947947.4,13.9,17.0
S097_1,step,yaw,29947949.3,29947972.9,23.6,15.23
S097_1,step,roll,29947973.4,29947976.6,3.2,7.84
S097_1,step,yaw,29947973.9,29947985.4,11.5,1.96
S097_1,step,roll,29947985.9,29947992.0,6.1,6.01
S097_1,step,roll,29947993.4,29947997.3,3.9,14.55
S097_1,step,yaw,29947994.8,29948038.1,43.3,2.19
S097_1,doublet,roll,29947999.3,29948011.2,7.1,6.4|7.16
S097_1,step,roll,29948034.9,29948040.1,5.2,5.04
S097_1,step,roll,29948054.2,29948059.2,5.0,5.59
S097_1,step,roll,29948064.9,29948069.1,4.2,5.63
S097_1,step,roll,29948070.5,29948074.5,4.0,6.92
S097_1,step,roll,29948088.7,29948100.5,11.8,7.36
S097_1,step,yaw,29948095.5,29948101.5,6.0,1.52
S097_1,step,roll,29948108.4,29948112.1,3.7,4.83
S097_1,step,roll,29948124.6,29948128.5,3.9,4.79
S097_1,step,roll,29948136.4,29948140.0,3.6,4.36
S097_1,step,roll,29948140.55,29948149.4,8.85,4.41
S097_1,step,yaw,29948151.4,29948159.5,8.1,1.69
S097_1,step,roll,29948160.56,29948164.5,3.94,6.93
S097_1,step,yaw,29948161.5,29948170.6,9.1,1.93
S097_1,step,yaw,29948171.5,29948184.9,13.4,2.73
S097_1,step,yaw,29948185.57,29948210.2,24.63,9.55
S097_1,step,yaw,29948212.9,29948217.4,4.5,9.63
S097_1,step,roll,29948217.9,29948221.5,3.6,7.78
S097_1,doublet,roll,29948222.0,29948233.5,10.1,9.99|4.61
S097_1,step,yaw,29948224.6,29948245.1,20.5,13.74
S097_1,step,roll,29948235.5,29948285.6,50.1,19.17
S097_1,step,yaw,29948247.3,29948250.8,3.5,9.01
S097_1,step,yaw,29948254.0,29948263.6,9.6,9.99
S097_1,step,yaw,29948263.6,29948268.7,5.1,12.54
S097_1,step,yaw,29948269.6,29948290.7,21.1,21.28
S097_1,step,roll,29948285.6,29948372.6,87.0,20.78
S097_1,step,yaw,29948295.6,29948301.6,6.0,15.89
S097_1,step,yaw,29948304.6,29948310.5,5.9,10.14
S097_1,step,yaw,29948313.8,29948318.5,4.7,7.68
S097_1,step,yaw,29948321.64,29948327.6,5.96,9.43
S097_1,step,yaw,29948345.5,29948350.9,5.4,6.12
S097_1,step,yaw,29948365.6,29948381.2,15.6,16.45
S097_1,step,roll,29948372.6,29948426.2,53.6,20.18
S097_1,step,yaw,29948381.7,29948390.0,8.3,17.89
S097_1,step,yaw,29948393.6,29948400.4,6.8,15.26
S097_1,step,yaw,29948415.3,29948420.2,4.9,12.6
S097_1,step,yaw,29948425.6,29948432.7,7.1,6.3
S097_1,step,yaw,29948433.8,29948452.5,18.7,2.41
S097_1,step,roll,29948446.9,29948451.8,4.9,8.38
S097_1,step,yaw,29948455.3,29948492.9,37.6,1.89
S097_1,step,roll,29948456.7,29948464.3,7.6,7.79
S097_1,step,roll,29948486.72,29948490.4,3.68,3.99
S097_1,step,roll,29948496.5,29948500.7,4.2,6.56
S097_1,step,roll,29948515.2,29948522.1,6.9,5.45
S097_1,step,roll,29948524.7,29948529.1,4.4,4.23
S097_1,step,roll,29948532.2,29948546.0,13.8,3.88
S097_1,step,roll,29948547.7,29948557.5,9.8,6.83
S097_1,step,roll,29948561.3,29948567.7,6.4,5.13
S097_1,step,yaw,29948561.4,29948564.7,3.3,1.35
S097_1,step,roll,29948584.6,29948588.2,3.6,2.98
S097_1,step,roll,29948592.4,29948600.3,7.9,4.69
S097_1,step,yaw,29948597.1,29948601.2,4.1,1.2
S097_1,step,roll,29948607.2,29948612.7,5.5,2.58
S097_1,step,yaw,29948620.1,29948691.2,71.1,14.13
S097_1,step,roll,29948664.8,29948668.5,3.7,8.21
S097_1,step,roll,29948673.4,29948676.6,3.2,8.28
S097_1,doublet,roll,29948695.8,29948709.3,10.5,9.27|2.25
S097_1,step,yaw,29948701.8,29948708.9,7.1,11.51
S097_1,step,yaw,29948710.5,29948715.6,5.1,11.43
S097_1,step,roll,29948716.3,29948758.8,42.5,19.23
S097_1,step,yaw,29948727.84,29948731.8,3.96,9.32
S097_1,step,yaw,29948739.4,29948753.3,13.9,12.03
S097_1,step,yaw,29948755.8,29948768.7,12.9,20.56
S097_1,step,yaw,29948779.86,29948783.5,3.64,6.99
S097_1,step,yaw,29948786.7,29948791.8,5.1,9.58
S097_1,step,yaw,29948807.3,29948810.6,3.3,7.2
S097_1,step,yaw,29948811.8,29948815.1,3.3,9.52
S097_1,step,yaw,29948835.1,29948838.6,3.5,7.71
S097_1,step,yaw,29948847.7,29948895.9,48.2,22.81
S097_1,step,roll,29948854.8,29948926.7,71.9,21.31
S097_1,step,yaw,29948897.5,29948909.9,12.4,10.66
S097_1,step,yaw,29948913.3,29948921.4,8.1,23.05
S097_1,step,yaw,29948921.92,29948927.3,5.38,13.84
S097_1,step,yaw,29948929.9,29948940.1,10.2,12.81
S097_1,step,roll,29948936.4,29948939.9,3.5,6.84
S097_1,step,yaw,29948941.5,29948949.8,8.3,2.46
S097_1,step,yaw,29948950.0,29948953.7,3.7,1.57
S097_1,step,roll,29948950.9,29948954.0,3.1,11.05
S097_1,step,roll,29948957.9,29948967.6,9.7,7.63
S097_1,step,yaw,29948965.6,29948979.6,14.0,1.8
S097_1,step,roll,29948970.5,29948976.8,6.3,5.09
S097_1,step,roll,29948986.2,29948990.3,4.1,2.63
S097_1,step,roll,29948993.4,29948996.9,3.5,3.55
S097_1,step,roll,29949002.9,29949011.8,8.9,4.73
S097_1,step,roll,29949033.9,29949038.5,4.6,6.8
S097_1,step,roll,29949044.3,29949050.9,6.6,2.8
S097_1,step,roll,29949051.9,29949056.2,4.3,4.82
S097_1,step,roll,29949059.99,29949067.0,7.01,7.64
S097_1,step,yaw,29949061.8,29949067.2,5.4,1.22
S097_1,step,yaw,29949069.9,29949078.2,8.3,1.24
S097_1,step,roll,29949073.0,29949078.2,5.2,4.4
S097_1,step,roll,29949093.0,29949097.3,4.3,5.09
S097_1,step,roll,29949107.4,29949111.6,4.2,4.68
S097_1,step,yaw,29949112.02,29949154.3,42.28,3.85
S097_1,step,yaw,29949156.0,29949185.5,29.5,7.49
S097_1,step,roll,29949183.4,29949187.1,3.7,6.45
S097_1,step,yaw,29949192.05,29949195.9,3.85,16.71
S097_1,step,roll,29949193.9,29949248.0,54.1,10.99
S097_1,step,yaw,29949211.5,29949218.0,6.5,13.71
S097_1,step,yaw,29949222.06,29949226.0,3.94,19.11
S097_1,step,yaw,29949234.0,29949256.0,22.0,23.18
S097_1,step,roll,29949248.0,29949334.1,86.1,19.81
S097_1,step,yaw,29949264.0,29949268.6,4.6,14.87
S097_1,step,yaw,29949270.3,29949273.7,3.4,7.99
S097_1,step,yaw,29949276.0,29949281.3,5.3,7.7
S097_1,step,yaw,29949294.1,29949298.1,4.0,8.66
S097_1,step,yaw,29949300.1,29949304.1,4.0,7.01
S097_1,step,yaw,29949314.1,29949321.6,7.5,6.59
S097_1,step,yaw,29949325.9,29949329.4,3.5,5.71
S097_1,step,yaw,29949330.1,29949360.6,30.5,20.24
S097_1,step,yaw,29949366.0,29949376.8,10.8,15.31
S097_1,step,yaw,29949384.1,29949396.7,12.6,13.48
S097_1,step,yaw,29949399.9,29949409.8,9.9,6.36
S097_1,step,yaw,29949432.0,29949435.5,3.5,1.29
S097_1,step,yaw,29949438.6,29949443.2,4.6,1.28
S097_1,step,yaw,29949530.2,29949533.9,3.7,1.19
S097_1,step,yaw,29949555.3,29949560.3,5.0,1.02
S097_1,step,yaw,29949577.4,29949593.8,16.4,1.99
S097_1,step,yaw,29949594.5,29949603.4,8.9,1.45
S097_1,step,yaw,29949606.4,29949645.2,38.8,9.39
S097_1,step,yaw,29949683.7,29949688.2,4.5,5.55
S097_1,step,yaw,29949690.2,29949712.0,21.8,17.33
S097_1,step,yaw,29949712.4,29949724.8,12.4,2.73
S097_1,step,yaw,29949726.3,29949738.3,12.0,25.19
S097_1,step,yaw,29949775.9,29949779.6,3.7,9.5
S097_1,step,yaw,29949781.4,29949787.9,6.5,6.14
S097_1,step,yaw,29949790.3,29949793.8,3.5,6.96
S097_1,step,yaw,29949794.6,29949799.9,5.3,6.5
S097_1,step,yaw,29949803.2,29949812.8,9.6,6.56
S097_1,step,yaw,29949814.3,29949848.3,34.0,16.26
S097_1,step,yaw,29949849.7,29949856.3,6.6,7.16
S097_1,step,yaw,29949856.7,29949870.2,13.5,24.46
S097_1,step,yaw,29949872.3,29949884.0,11.7,20.92
S097_1,step,yaw,29949890.3,29949904.7,14.4,16.13
S097_1,step,yaw,29949906.4,29949922.3,15.9,3.52
S097_1,step,yaw,29949944.5,29949952.6,8.1,1.46
S097_1,step,yaw,29949954.4,29949957.7,3.3,1.33
S097_1,step,yaw,29949957.9,29949962.2,4.3,1.34
S097_1,step,yaw,29949963.7,29949968.2,4.5,1.21
S097_1,step,yaw,29950040.4,29950046.4,6.0,1.17
S097_1,step,yaw,29950088.1,29950092.5,4.4,1.73
S097_1,step,yaw,29950102.2,29950106.4,4.2,1.5
S097_1,step,yaw,29950108.4,29950136.2,27.8,6.06
S097_1,doublet,yaw,29950141.1,29950149.4,8.3,12.84|10.89
S097_1,step,yaw,29950150.5,29950157.7,7.2,18.12
S097_1,step,yaw,29950158.52,29950162.5,3.98,9.94
S097_1,step,yaw,29950166.5,29950177.8,11.3,23.48
S097_1,step,yaw,29950184.3,29950189.5,5.2,14.27
S097_1,step,yaw,29950190.5,29950200.5,10.0,9.08
S097_1,step,yaw,29950200.5,29950206.5,6.0,9.99
S097_1,step,yaw,29950217.3,29950230.4,13.1,11.99
S097_1,step,yaw,29950234.3,29950243.6,9.3,11.95
S097_1,step,yaw,29950258.2,29950270.5,12.3,10.87
S097_1,step,yaw,29950270.5,29950278.5,8.0,19.21
S097_1,step,yaw,29950294.5,29950318.5,24.0,25.38
S097_1,step,yaw,29950319.9,29950324.5,4.6,6.52
S101,step,roll,1802883.9,1802902.7,18.8,3.0
S101,step,roll,1802915.2,1802918.7,3.5,2.23
S101,step,roll,1802998.1,1803021.1,23.0,1.51
S101,step,pitch,1802998.8,1803005.4,6.6,8.84
S101,step,pitch,1803011.6,1803017.8,6.2,4.69
S101,step,yaw,1803139.5,1803147.5,8.0,13.26
S101,step,yaw,1803148.5,1803160.0,11.5,20.68
S101,step,yaw,1803178.5,1803189.6,11.1,25.16
S101,step,roll,1803208.4,1803217.5,9.1,1.24
S101,doublet,yaw,1803217.5,1803222.8,5.3,9.98|4.7
S101,step,roll,1803220.3,1803225.9,5.6,0.92
S101,step,roll,1803235.66,1803263.1,27.44,1.29
S101,step,yaw,1803247.7,1803265.7,18.0,17.3
S101,step,yaw,1803287.9,1803295.5,7.6,17.22
S101,step,yaw,1803296.5,1803299.7,3.2,13.65
S101,step,roll,1803299.7,1803333.8,34.1,11.86
S101,step,yaw,1803303.9,1803334.5,30.6,3.49
S101,doublet,yaw,1803482.2,1803491.9,9.7,7.76|16.9
S101,step,roll,1803484.9,1803541.2,56.3,20.07
S101,step,yaw,1803498.7,1803517.0,18.3,20.15
S101,doublet,yaw,1803517.0,1803523.9,6.9,5.63|16.56
S101,step,yaw,1803524.0,1803531.3,7.3,12.25
S101,step,yaw,1803532.36,1803539.5,7.14,10.62
S101,step,yaw,1803540.72,1803550.3,9.58,3.38
S101,step,yaw,1803551.7,1803562.3,10.6,2.16
S101,step,yaw,1803563.5,1803567.2,3.7,1.68
S101,step,pitch,1803571.2,1803575.5,4.3,2.79
S101,doublet,roll,1803572.6,1803579.7,5.2,4.09|3.28
S101,step,yaw,1803572.6,1803578.3,5.7,1.24
S101,step,roll,1803583.5,1803591.6,8.1,4.22
S101,step,pitch,1803589.1,1803603.3,14.2,3.48
S101,step,roll,1803592.2,1803601.8,9.6,5.47
S101,step,roll,1803606.8,1803615.8,9.0,4.59
S101,step,pitch,1803608.6,1803614.1,5.5,2.67
S101,step,roll,1803620.11,1803627.0,6.89,3.41
S101,step,roll,1803631.5,1803636.1,4.6,2.11
S101,step,roll,1803637.5,1803641.0,3.5,2.36
S101,step,roll,1803656.8,1803660.4,3.6,2.4
S101,step,roll,1803661.9,1803665.1,3.2,2.38
S101,step,roll,1803670.2,1803677.1,6.9,3.66
S101,step,roll,1803683.49,1803689.1,5.61,2.15
S101,step,roll,1803691.4,1803694.9,3.5,2.97
S101,step,roll,1803702.2,1803706.4,4.2,3.72
S101,step,yaw,1803704.8,1803708.8,4.0,1.38
S101,step,yaw,1803709.26,1803770.5,61.24,1.43
S101,step,roll,1803719.7,1803726.0,6.3,3.61
S101,step,pitch,1803720.3,1803734.9,14.6,2.01
S101,step,roll,1803726.6,1803734.3,7.7,2.45
S101,step,roll,1803735.1,1803741.3,6.2,1.62
S101,step,roll,1803746.1,1803755.9,9.8,2.05
S101,step,roll,1803759.4,1803769.1,9.7,2.23
S101,step,yaw,1803774.4,1803825.4,51.0,1.32
S101,step,roll,1803775.4,1803780.9,5.5,1.89
S101,step,pitch,1803780.9,1803805.3,24.4,2.03
S101,step,roll,1803783.4,1803788.1,4.7,2.74
S101,step,roll,1803789.3,1803806.0,16.7,1.55
S101,step,pitch,1803806.5,1803811.6,5.1,1.99
S101,step,roll,1803810.2,1803820.1,9.9,2.39
S101,step,yaw,1803826.4,1803869.9,43.5,1.17
S101,step,roll,1803827.6,1803835.7,8.1,1.75
S101,step,roll,1803838.8,1803846.0,7.2,1.53
S101,step,roll,1803847.1,1803866.67,19.57,1.74
S101,step,roll,1803870.1,1803873.6,3.5,1.64
S101,step,yaw,1803870.6,1803874.3,3.7,1.21
S101,step,roll,1803875.0,1803883.3,8.3,2.04
S101,step,yaw,1803879.2,1803884.3,5.1,1.23
S101,step,yaw,1803887.56,1803891.3,3.74,1.21
S101,step,roll,1803888.7,1803894.5,5.8,1.31
S101,step,roll,1803903.5,1803911.2,7.7,1.6
S101,step,roll,1803918.2,1803921.6,3.4,0.99
S101,step,roll,1803923.7,1803936.3,12.6,1.31
S101,step,roll,1803950.9,1803966.96,16.06,1.26
S101,step,roll,1803976.0,1803985.1,9.1,1.21
S101,step,roll,1803999.6,1804009.4,9.8,1.09
S101,step,roll,1804014.3,1804017.7,3.4,0.93
S101,step,roll,1804030.3,1804036.0,5.7,1.2
S101,step,roll,1804037.9,1804044.2,6.3,3.32
S101,step,roll,1804070.4,1804074.9,4.5,1.2
S101,step,roll,1804093.0,1804097.9,4.9,1.3
S101,step,roll,1804103.4,1804107.6,4.2,1.78
S101,step,roll,1804121.5,1804125.7,4.2,1.36
S101,step,yaw,1804136.6,1804171.7,35.1,1.3
S101,step,roll,1804150.1,1804155.0,4.9,2.23
S101,step,yaw,1804173.0,1804187.4,14.4,1.22
S101,step,roll,1804181.9,1804186.6,4.7,1.99
S101,step,yaw,1804192.6,1804195.9,3.3,1.08
S101,step,roll,1804197.49,1804200.9,3.41,1.54
S101,step,yaw,1804198.1,1804201.3,3.2,1.1
S101,step,yaw,1804202.3,1804206.3,4.0,1.02
S101,step,yaw,1804207.9,1804213.3,5.4,0.98
S101,step,roll,1804208.6,1804213.5,4.9,1.34
S101,step,yaw,1804213.9,1804217.2,3.3,1.03
S101,step,roll,1804220.4,1804228.8,8.4,1.24
S101,step,roll,1804230.9,1804241.3,10.4,1.17
S101,step,yaw,1804231.0,1804234.1,3.1,1.01
S101,step,roll,1804250.4,1804257.39,6.99,1.92
S101,step,roll,1804258.7,1804263.65,4.95,1.64
S101,step,roll,1804269.2,1804281.0,11.8,2.39
S101,step,yaw,1804272.0,1804275.2,3.2,1.11
S101,step,roll,1804290.1,1804298.4,8.3,1.57
S101,step,yaw,1804291.9,1804295.0,3.1,1.05
S101,step,roll,1804302.6,1804323.5,20.9,2.52
S101,step,roll,1804332.3,1804340.9,8.6,1.05
S101,doublet,roll,1804341.6,1804350.7,8.2,2.47|1.36
S101,step,roll,1804354.1,1804371.7,17.6,2.04
S101,step,pitch,1804357.3,1804361.1,3.8,1.97
S101,step,pitch,1804362.4,1804368.9,6.5,2.07
S101,step,roll,1804373.0,1804382.0,9.0,1.5
S101,step,pitch,1804377.8,1804390.3,12.5,2.24
S101,step,roll,1804384.1,1804435.6,51.5,4.78
S101,step,roll,1804436.7,1804445.4,8.7,1.94
S101,step,pitch,1804439.1,1804443.1,4.0,2.56
S101,step,yaw,1804439.1,1804443.7,4.6,1.29
S101,step,yaw,1804444.6,1804449.2,4.6,1.51
S101,step,yaw,1804452.6,1804458.1,5.5,1.91
S101,step,yaw,1804466.2,1804471.2,5.0,1.16
S101,step,roll,1804471.7,1804477.1,5.4,1.59
S101,step,roll,1804486.3,1804496.1,9.8,1.8
S101,step,roll,1804509.7,1804526.7,17.0,1.61
S101,step,yaw,1804512.9,1804516.4,3.5,1.09
S101,step,yaw,1804517.1,1804520.7,3.6,1.16
S101,step,yaw,1804522.4,1804541.5,19.1,1.69
S101,step,roll,1804527.3,1804536.9,9.6,1.34
S101,step,roll,1804548.5,1804554.7,6.2,1.98
S101,step,roll,1804558.9,1804571.3,12.4,1.94
S101,step,roll,1804572.1,1804578.6,6.5,1.37
S101,step,roll,1804587.5,1804600.3,12.8,1.98
S101,step,roll,1804607.0,1804613.2,6.2,1.94
S101,step,roll,1804621.2,1804628.6,7.4,2.76
S101,step,roll,1804635.2,1804640.0,4.8,1.5
S101,step,roll,1804640.3,1804647.1,6.8,2.42
S101,step,roll,1804659.9,1804668.5,8.6,1.8
S101,step,yaw,1804662.6,1804667.0,4.4,1.13
S101,step,roll,1804669.5,1804673.1,3.6,1.27
S101,step,roll,1804675.2,1804680.8,5.6,1.8
S101,doublet,roll,1804683.6,1804694.7,7.1,4.02|3.96
S101,step,roll,1804700.35,1804708.0,7.65,3.81
S101,doublet,roll,1804710.1,1804719.8,9.1,2.8|1.31
S101,step,roll,1804721.9,1804735.6,13.7,4.94
S101,step,roll,1804736.5,1804775.7,39.2,1.84
S101,step,roll,1804776.1,1804807.1,31.0,2.27
S101,step,roll,1804814.5,1804820.1,5.6,2.08
S101,step,roll,1804828.4,1804834.7,6.3,1.44
S101,step,roll,1804843.8,1804847.2,3.4,1.28
S101,step,roll,1804859.1,1804863.5,4.4,1.79
S101,step,roll,1804866.8,1804871.9,5.1,2.03
S101,step,yaw,1804867.4,1804870.7,3.3,1.72
S101,step,roll,1804884.0,1804888.1,4.1,2.6
S101,step,yaw,1804889.2,1804970.5,81.3,1.84
S101,doublet,roll,1804915.1,1804925.4,8.3,1.33|1.43
S101,step,pitch,1804932.0,1804935.0,3.0,1.96
S101,step,roll,1804933.6,1804937.8,4.2,2.18
S101,step,yaw,1804971.28,1805002.3,31.02,1.43
S101,step,yaw,1805003.6,1805039.5,35.9,1.49
S101,step,yaw,1805070.7,1805074.9,4.2,1.08
S101,step,yaw,1805085.4,1805089.5,4.1,1.33
S101,step,yaw,1805092.4,1805099.1,6.7,1.68
S101,step,yaw,1805100.6,1805145.8,45.2,2.06
S101,step,yaw,1805146.4,1805150.9,4.5,1.87
S101,step,yaw,1805155.1,1805207.7,52.6,5.48
S101,step,yaw,1805212.25,1805218.0,5.75,12.73
S101,step,yaw,1805221.4,1805249.8,28.4,13.66
S101,step,yaw,1805249.8,1805259.6,9.8,12.92
S101,step,yaw,1805260.7,1805263.7,3.0,6.55
S101,step,yaw,1805267.9,1805285.9,18.0,19.24
S101,doublet,yaw,1805303.7,1805312.5,5.2,6.72|7.1
S101,step,yaw,1805330.2,1805333.3,3.1,4.31
S101,step,yaw,1805344.1,1805347.3,3.2,4.87
S101,doublet,yaw,1805371.0,1805380.2,6.5,10.15|7.5
S101,step,yaw,1805387.7,1805391.9,4.2,6.64
S101,doublet,yaw,1805410.2,1805418.4,6.9,2.11|5.6
S101,step,yaw,1805432.8,1805438.8,6.0,2.69
S101,step,yaw,1805438.8,1805449.3,10.5,17.8
S101,step,yaw,1805456.0,1805513.1,57.1,7.43
S101,step,yaw,1805513.8,1805516.9,3.1,9.31
S101,step,yaw,1805518.1,1805521.4,3.3,8.71
S101,step,yaw,1805543.7,1805547.9,4.2,6.35
S101,step,yaw,1805558.7,1805563.2,4.5,5.84
S101,step,yaw,1805566.07,1805570.7,4.63,8.89
S101,step,yaw,1805573.04,1805576.3,3.26,6.48
S101,step,yaw,1805582.79,1805588.3,5.51,11.74
S101,step,yaw,1805589.7,1805600.8,11.1,19.1
S101,step,yaw,1805616.2,1805631.2,15.0,25.06
S101,step,yaw,1805632.8,1805639.8,7.0,10.28
S105_1,step,roll,2990217.4,2990258.3,40.9,19.84
S105_1,step,roll,2990258.3,2990318.4,60.1,21.07
S105_1,step,roll,2990318.4,2990345.6,27.2,8.71
S105_1,step,roll,2990351.0,2990361.0,10.0,3.55
S105_1,step,pitch,2990396.0,2990427.1,31.1,5.01
S105_1,step,roll,2990398.2,2990407.7,9.5,7.3
S105_1,step,pitch,2990760.3,2990772.7,12.4,3.04
S105_1,step,roll,2990776.6,2990783.6,7.0,5.78
S105_1,step,roll,2990807.6,2990815.4,7.8,5.98
S105_1,step,pitch,2990815.4,2990821.9,6.5,2.0
S105_1,step,roll,2990924.1,2990931.6,7.5,5.28
S105_1,step,pitch,2990978.4,2991001.8,23.4,4.28
S105_1,step,pitch,2991075.62,2991099.9,24.28,3.2
S105_1,step,pitch,2991104.2,2991167.4,63.2,3.39
S105_1,step,pitch,2991187.9,2991239.9,52.0,3.45
S105_1,step,pitch,2991439.6,2991526.0,86.4,3.36
S105_1,step,pitch,2991536.8,2991551.0,14.2,2.25
S105_1,step,pitch,2991554.8,2991574.4,19.6,2.18
S105_1,step,pitch,2991607.5,2991650.3,42.8,4.1
S105_1,step,roll,2991631.0,2991638.4,7.4,0.94
S105_1,step,pitch,2991651.4,2991659.0,7.6,2.52
S105_1,step,pitch,2991722.6,2991735.0,12.4,2.78
S105_1,step,pitch,2991770.6,2991855.7,85.1,3.36
S105_1,step,roll,2991852.2,2991862.0,9.8,1.53
S105_1,step,pitch,2991960.8,2992000.7,39.9,2.3
S105_1,step,roll,2991960.9,2991969.8,8.9,1.05
S105_1,step,roll,2991976.4,2991984.2,7.8,1.0
S105_1,step,roll,2992034.7,2992046.3,11.6,1.1
S105_1,step,roll,2992060.6,2992069.6,9.0,1.02
S105_1,step,roll,2992073.5,2992079.7,6.2,0.89
S105_1,step,roll,2992089.0,2992095.4,6.4,0.89
S105_1,step,pitch,2992212.6,2992223.2,10.6,1.82
S105_1,step,roll,2992217.2,2992223.4,6.2,1.04
S105_1,step,pitch,2992224.2,2992247.2,23.0,1.86
S105_1,step,pitch,2992306.5,2992316.5,10.0,1.85
S105_1,step,pitch,2992360.5,2992383.4,22.9,2.31
S105_1,step,pitch,2992385.7,2992430.2,44.5,2.78
S105_1,step,roll,2992480.6,2992488.3,7.7,1.58
S105_1,step,roll,2992500.0,2992514.5,14.5,1.6
S105_1,step,roll,2992516.2,2992523.0,6.8,1.26
S105_1,step,roll,2992533.2,2992540.6,7.4,2.3
S105_1,step,roll,2992554.2,2992561.2,7.0,2.99
S105_1,step,roll,2992648.2,2992667.6,19.4,6.45
S105_1,step,roll,2993013.2,2993020.2,7.0,1.04
S105_1,step,roll,2993246.2,2993261.7,15.5,2.14
S105_1,step,roll,2993339.4,2993349.5,10.1,3.74
S105_1,step,roll,2993417.1,2993423.9,6.8,4.87
S105_1,step,pitch,2993492.5,2993499.0,6.5,3.58
S105_1,step,pitch,2993528.4,2993537.2,8.8,8.72
S105_1,step,roll,2993533.5,2993549.1,15.6,6.42
S105_1,step,roll,2993797.4,2993882.8,85.4,5.44
S105_1,step,roll,2993885.3,2993893.8,8.5,3.32
S105_1,step,roll,2993976.7,2993984.0,7.3,1.9
S105_1,step,roll,2994189.0,2994205.3,16.3,5.21
S105_1,step,roll,2994554.8,2994609.2,54.4,4.05
S105_1,step,pitch,2994636.8,2994646.8,10.0,2.19
S105_1,step,roll,2994931.4,2994938.8,7.4,1.26
S105_1,step,roll,2994989.7,2995001.1,11.4,0.92
S105_1,step,roll,2995063.5,2995073.9,10.4,1.05
S105_1,step,pitch,2995074.4,2995081.2,6.8,1.71
S105_1,step,roll,2995075.16,2995081.7,6.54,1.02
S105_1,step,pitch,2995082.5,2995168.2,85.7,3.02
S105_1,step,pitch,2995332.1,2995341.1,9.0,2.17
S105_1,step,pitch,2995429.3,2995439.3,10.0,1.81
S105_1,step,pitch,2995440.4,2995469.9,29.5,2.02
S105_1,step,pitch,2995473.5,2995482.8,9.3,1.85
S105_1,step,pitch,2995499.4,2995505.6,6.2,1.79
S105_1,step,roll,2995618.7,2995625.7,7.0,0.91
S105_1,step,roll,2995634.0,2995644.8,10.8,0.91
S105_1,step,roll,2995719.6,2995727.2,7.6,1.63
S105_1,step,pitch,2995758.6,2995816.0,57.4,3.66
S105_1,step,roll,2995805.1,2995812.5,7.4,1.18
S105_1,step,roll,2995815.7,2995834.4,18.7,2.28
S105_1,step,roll,2995915.7,2995935.7,20.0,1.47
S105_1,step,roll,2995938.2,2995946.1,7.9,1.13
S105_1,step,roll,2995948.2,2995956.0,7.8,1.02
S105_1,step,roll,2995957.6,2995964.9,7.3,1.18
S105_1,step,roll,2995986.8,2996010.3,23.5,1.61
S105_1,step,roll,2996014.5,2996022.6,8.1,1.37
S105_1,step,roll,2996038.1,2996052.5,14.4,1.23
S105_1,step,roll,2996054.1,2996064.7,10.6,1.08
S105_1,step,roll,2996065.3,2996072.3,7.0,1.45
S105_1,step,roll,2996076.9,2996101.4,24.5,1.52
S105_1,step,roll,2996104.1,2996129.1,25.0,1.5
S105_1,step,roll,2996133.4,2996142.3,8.9,1.66
S105_1,step,roll,2996174.0,2996191.3,17.3,1.08
S105_1,step,roll,2996197.3,2996203.5,6.2,1.37
S105_1,step,roll,2996232.0,2996238.7,6.7,1.15
S105_1,step,roll,2996248.7,2996254.9,6.2,1.28
S105_1,step,roll,2996289.9,2996301.0,11.1,1.34
S105_1,step,roll,2996305.9,2996320.3,14.4,1.55
S105_1,step,roll,2996332.6,2996343.0,10.4,1.71
S105_1,step,roll,2996344.92,2996361.1,16.18,3.33
S105_1,step,roll,2996363.8,2996370.7,6.9,1.43
S105_1,step,roll,2996379.6,2996387.3,7.7,1.21
S105_1,step,roll,2996504.1,2996514.7,10.6,1.01
S105_1,step,roll,2996516.3,2996529.4,13.1,1.09
S105_1,step,roll,2996534.0,2996542.4,8.4,0.95
S105_1,step,roll,2996546.8,2996554.6,7.8,0.97
S105_1,step,roll,2996558.3,2996566.2,7.9,1.09
S105_1,step,roll,2996604.3,2996623.4,19.1,1.08
S105_1,step,roll,2996632.26,2996642.5,10.24,1.15
S105_1,step,roll,2996647.7,2996680.6,32.9,1.0
S105_1,step,roll,2996690.5,2996721.4,30.9,1.09
S105_1,step,roll,2996737.1,2996746.4,9.3,1.17
S105_1,step,roll,2996762.8,2996771.2,8.4,2.08
S105_1,step,roll,2996791.4,2996801.2,9.8,1.07
S105_1,step,roll,2996822.5,2996841.1,18.6,3.42
S105_1,step,roll,2996907.959,2996918.5,10.54,0.98
S105_1,step,roll,2996923.4,2996942.9,19.5,1.2
S105_1,step,roll,2996946.7,2996953.7,7.0,1.04
S105_1,step,roll,2996985.6,2996993.3,7.7,1.16
S105_1,step,roll,2996997.2,2997012.8,15.6,1.76
S105_1,step,roll,2997024.4,2997032.0,7.6,1.35
S105_1,step,roll,2997036.1,2997043.1,7.0,1.69
S105_1,step,roll,2997043.88,2997054.3,10.42,2.35
S105_1,step,roll,2997059.4,2997072.1,12.7,1.52
S105_1,step,roll,2997077.7,2997095.0,17.3,1.28
S105_1,step,roll,2997117.6,2997125.4,7.8,1.15
S105_1,step,roll,2997129.2,2997135.5,6.3,1.48
S105_1,step,roll,2997148.6,2997158.5,9.9,1.15
S105_1,step,roll,2997164.4,2997184.0,19.6,1.16
S105_1,step,roll,2997194.9,2997212.4,17.5,1.21
S105_1,step,roll,2997214.72,2997221.1,6.38,1.23
S105_1,step,roll,2997222.49,2997232.8,10.31,3.76
S105_1,step,roll,2997265.1,2997279.7,14.6,1.95
S105_1,step,roll,2997407.3,2997415.0,7.7,6.11
S107_3,step,pitch,3526790.7,3526818.9,28.2,20.1
S107_3,step,roll,3526802.1,3526807.7,5.6,0.96
S107_3,step,roll,3526808.2,3526813.3,5.1,1.45
S107_3,step,roll,3526824.8,3526828.6,3.8,1.07
S107_3,step,roll,3526997.9,3527005.9,8.0,1.69
S107_3,step,pitch,3527416.4,3527419.4,3.0,4.32
S107_3,step,pitch,3527430.6,3527435.4,4.8,2.79
S107_3,step,roll,3527432.8,3527436.0,3.2,4.27
S107_3,step,pitch,3527443.5,3527447.7,4.2,3.04
S107_3,step,pitch,3527457.2,3527537.6,80.4,5.14
S107_3,step,roll,3527459.3,3527463.2,3.9,2.88
S107_3,step,roll,3527482.4,3527488.0,5.6,5.26
S107_3,step,roll,3527494.3,3527499.8,5.5,5.81
S107_3,step,roll,3527501.6,3527508.5,6.9,4.63
S107_3,step,roll,3527514.9,3527519.1,4.2,2.51
S107_3,step,roll,3527526.1,3527532.6,6.5,4.13
S107_3,step,pitch,3527539.0,3527543.6,4.6,3.33
S107_3,step,roll,3527555.0,3527558.1,3.1,3.19
S107_3,step,pitch,3527558.5,3527565.8,7.3,3.2
S107_3,doublet,roll,3527564.3,3527573.4,5.98,3.06|1.83
S107_3,step,pitch,3527567.2,3527570.2,3.0,2.55
S107_3,step,pitch,3527571.3,3527576.4,5.1,3.01
S107_3,step,roll,3527574.9,3527577.9,3.0,1.97
S107_3,step,pitch,3527579.2,3527582.2,3.0,2.44
S107_3,step,pitch,3527586.9,3527590.6,3.7,2.17
S107_3,step,pitch,3527594.2,3527603.5,9.3,3.13
S107_3,step,roll,3527594.5,3527598.2,3.7,3.61
S107_3,step,pitch,3527603.63,3527607.7,4.07,2.95
S107_3,step,pitch,3527608.2,3527614.5,6.3,2.78
S107_3,step,roll,3527609.6,3527613.5,3.9,1.03
S107_3,step,roll,3527667.0,3527670.0,3.0,1.02
S107_3,step,roll,3527706.2,3527710.6,4.4,1.1
S107_3,step,roll,3527722.8,3527725.8,3.0,0.86
S107_3,step,roll,3527756.0,3527763.6,7.6,1.27
S107_3,step,roll,3527768.1,3527771.1,3.0,0.93
S107_3,step,roll,3527784.7,3527792.2,7.5,1.21
S107_3,step,roll,3527808.9,3527814.9,6.0,1.01
S107_3,step,roll,3527831.5,3527839.0,7.5,0.93
S107_3,step,roll,3527863.2,3527867.7,4.5,0.94
S107_3,step,roll,3527872.2,3527876.8,4.6,1.03
S107_3,step,roll,3527882.8,3527890.4,7.6,1.15
S107_3,step,roll,3527903.9,3527917.5,13.6,1.01
S107_3,step,roll,3527923.6,3527931.1,7.5,0.93
S107_3,step,roll,3527934.1,3527944.7,10.6,1.07
S107_3,step,roll,3527950.6,3527958.2,7.6,1.39
S107_3,step,roll,3527962.4,3527968.7,6.3,1.0
S107_3,step,roll,3527970.3,3527977.6,7.3,1.09
S107_3,step,roll,3527979.4,3527985.2,5.8,0.96
S107_3,step,roll,3527989.2,3528002.0,12.8,0.98
S107_3,step,roll,3528005.9,3528015.6,9.7,1.12
S107_3,step,roll,3528018.1,3528029.2,11.1,2.52
S107_3,step,pitch,3528067.0,3528121.3,54.3,2.1
S107_3,step,roll,3528073.0,3528079.0,6.0,1.25
S107_3,step,roll,3528081.5,3528086.6,5.1,2.06
S107_3,step,roll,3528089.6,3528110.6,21.0,0.99
S107_3,step,roll,3528110.78,3528122.8,12.02,0.88
S107_3,step,roll,3528133.4,3528137.9,4.5,1.5
S107_3,step,roll,3528146.9,3528196.8,49.9,1.3
S107_3,step,roll,3528201.3,3528251.1,49.8,1.78
S107_3,step,roll,3528257.1,3528338.6,81.5,1.48
S107_3,step,roll,3528482.0,3528485.0,3.0,2.22
S107_3,step,roll,3528620.9,3528630.1,9.2,1.26
S107_3,step,roll,3528631.5,3528637.1,5.6,1.39
S107_3,step,roll,3528640.5,3528648.7,8.2,1.45
S107_3,step,roll,3528651.1,3528660.7,9.6,1.22
S107_3,step,roll,3528663.2,3528674.0,10.8,1.77
S107_3,step,roll,3528676.7,3528699.4,22.7,1.46
S107_3,step,roll,3528842.8,3528876.0,33.2,1.73
S107_3,step,roll,3528981.8,3529007.2,25.4,1.87
S107_3,step,roll,3529008.7,3529017.8,9.1,1.25
S107_3,step,roll,3529022.4,3529029.6,7.2,0.99
S107_3,step,roll,3529032.8,3529041.1,8.3,1.68
S107_3,step,roll,3529042.05,3529048.0,5.95,1.16
S107_3,step,roll,3529049.5,3529064.2,14.7,1.16
S107_3,step,roll,3529069.2,3529084.9,15.7,1.62
S107_3,step,roll,3529097.2,3529100.9,3.7,2.6
S107_3,step,roll,3529102.4,3529106.8,4.4,1.52
S107_3,step,roll,3529109.6,3529117.0,7.4,1.82
S107_3,step,roll,3529119.0,3529141.6,22.6,1.99
S107_3,step,roll,3529144.4,3529154.9,10.5,1.8
S107_3,step,roll,3529156.3,3529159.3,3.0,5.43
S107_3,step,roll,3529161.2,3529164.2,3.0,2.68
S107_3,step,roll,3529170.3,3529179.3,9.0,3.25
S107_3,step,roll,3529180.8,3529188.2,7.4,2.37
S107_3,step,roll,3529194.3,3529198.7,4.4,3.34
S107_3,step,roll,3529204.9,3529208.0,3.1,2.19
S107_3,step,roll,3529212.5,3529219.0,6.5,3.42
S107_3,step,roll,3529220.1,3529223.7,3.6,1.43
S107_3,step,roll,3529225.9,3529229.2,3.3,1.73
S107_3,step,roll,3529235.2,3529242.7,7.5,5.18
S107_3,step,roll,3529244.3,3529248.3,4.0,2.24
S107_3,step,roll,3529252.9,3529260.5,7.6,1.88
S107_3,step,roll,3529263.93,3529277.1,13.17,2.02
S107_3,step,roll,3529285.7,3529301.6,15.9,2.13
S107_3,step,roll,3529304.6,3529327.3,22.7,3.05
S107_3,step,roll,3529339.3,3529345.7,6.4,4.25
S107_3,step,roll,3529346.9,3529350.5,3.6,1.95
S107_3,step,roll,3529351.47,3529355.9,4.43,1.45
S107_3,step,roll,3529359.9,3529364.6,4.7,3.77
S107_3,step,roll,3529365.4,3529373.8,8.4,2.76
S107_3,step,roll,3529374.9,3529380.1,5.2,1.85
S107_3,step,roll,3529382.9,3529386.1,3.2,1.92
S107_3,step,roll,3529390.7,3529394.6,3.9,1.75
S107_3,step,roll,3529396.7,3529399.7,3.0,4.05
S107_3,step,roll,3529404.0,3529408.0,4.0,3.78
S107_3,step,roll,3529408.82,3529414.8,5.98,2.47
S107_3,step,roll,3529417.7,3529430.5,12.8,3.41
S107_3,step,roll,3529438.4,3529441.4,3.0,2.78
S107_3,step,roll,3529445.0,3529449.5,4.5,3.61
S107_3,step,roll,3529458.0,3529462.1,4.1,2.06
S107_3,step,roll,3529472.0,3529476.5,4.5,1.62
S107_3,step,roll,3529488.0,3529497.2,9.2,2.33
S107_3,step,roll,3529503.9,3529508.3,4.4,2.47
S107_3,step,roll,3529509.6,3529513.7,4.1,2.04
S107_3,step,roll,3529518.9,3529526.5,7.6,4.39
S107_3,step,roll,3529540.8,3529543.8,3.0,2.04
S107_3,step,roll,3529549.2,3529552.2,3.0,2.64
S107_3,step,roll,3529555.9,3529560.0,4.1,2.44
S107_3,step,roll,3529561.2,3529564.2,3.0,1.69
S107_3,step,roll,3529567.9,3529573.3,5.4,2.78
S107_3,step,roll,3529578.0,3529582.1,4.1,2.08
S107_3,step,roll,3529597.4,3529602.8,5.4,2.45
S107_3,step,roll,3529638.2,3529641.7,3.5,3.3
S107_3,step,roll,3529646.5,3529650.9,4.4,1.97
S107_3,step,roll,3529651.8,3529656.1,4.3,3.75
S107_3,step,roll,3529660.8,3529666.8,6.0,3.57
S107_3,step,roll,3529669.9,3529674.4,4.5,4.99
S107_3,step,roll,3529679.8,3529685.0,5.2,4.76
S107_3,step,roll,3529686.2,3529698.4,12.2,4.44
S107_3,step,roll,3529724.0,3529728.7,4.7,4.19
S107_3,step,pitch,3529761.5,3529764.8,3.3,6.9
S107_3,step,roll,3529761.5,3529772.5,11.0,4.92
S107_3,step,pitch,3529766.5,3529807.8,41.3,20.09
S107_3,step,roll,3529772.5,3529808.7,36.2,9.14
S107,step,roll,3510254.7,3510324.3,69.6,1.05
S107,step,pitch,3510255.2,3510324.3,69.1,20.11
S107,step,roll,3510324.3,3510329.5,5.2,3.14
S107,step,roll,3510434.7,3510449.4,14.7,1.23
S107,step,roll,3510472.4,3510526.3,53.9,19.75
S107,step,roll,3510526.3,3510561.5,35.2,20.51
S107,step,roll,3510751.0,3510774.9,23.9,6.14
S107,step,pitch,3510811.7,3510844.0,32.3,4.16
S107,step,roll,3510828.4,3510833.2,4.8,4.78
S107,step,roll,3510838.7,3510843.6,4.9,3.62
S107,step,roll,3510849.0,3510854.7,5.7,2.82
S107,step,roll,3510893.1,3510898.9,5.8,2.54
S107,step,roll,3510926.8,3510933.0,6.2,3.5
S107,step,pitch,3510950.8,3510956.0,5.2,2.55
S107,step,roll,3510967.9,3510973.4,5.5,4.0
S107,step,pitch,3510978.2,3511001.3,23.1,3.06
S107,step,pitch,3511011.0,3511035.8,24.8,2.81
S107,step,pitch,3511037.1,3511059.6,22.5,2.9
S107,step,roll,3511051.6,3511057.0,5.4,4.2
S107,step,roll,3511060.1,3511067.4,7.3,3.97
S107,step,pitch,3511065.7,3511071.9,6.2,2.39
S107,step,roll,3511074.4,3511082.7,8.3,5.09
S107,step,roll,3511093.1,3511098.7,5.6,2.49
S107,step,roll,3511106.4,3511130.1,23.7,3.04
S107,step,roll,3511138.15,3511177.6,39.45,2.27
S107,step,roll,3511178.51,3511195.7,17.19,1.43
S107,step,pitch,3511185.3,3511192.9,7.6,1.96
S107,step,pitch,3511195.5,3511200.7,5.2,2.92
S107,step,roll,3511195.7,3511201.5,5.8,2.64
S107,step,roll,3511201.5,3511209.0,7.5,5.81
S107,step,pitch,3511205.4,3511229.3,23.9,3.63
S107,step,roll,3511210.3,3511221.7,11.4,6.94
S107,step,roll,3511221.7,3511227.4,5.7,4.8
S107,step,roll,3511228.7,3511297.8,69.1,2.68
S107,step,pitch,3511230.0,3511235.8,5.8,2.45
S107,step,pitch,3511247.0,3511264.5,17.5,2.82
S107,step,roll,3511299.4,3511312.3,12.9,2.28
S107,step,roll,3511501.2,3511509.8,8.6,1.52
S107,step,roll,3511711.5,3511768.9,57.4,1.03
S107,step,roll,3511772.1,3511803.6,31.5,1.06
S107,step,roll,3511881.6,3511890.2,8.6,0.88
S107,step,roll,3511965.1,3511970.9,5.8,0.91
S107,step,roll,3511982.4,3511988.2,5.8,1.18
S107,step,roll,3511993.9,3511999.7,5.8,0.88
S107,step,roll,3512037.2,3512042.9,5.7,0.95
S107,step,roll,3512045.8,3512068.2,22.4,1.05
S107,step,roll,3512071.7,3512077.5,5.8,0.92
S107,step,roll,3512408.9,3512434.8,25.9,1.33
S107,step,pitch,3512612.3,3512620.5,8.2,2.12
S107,step,roll,3512613.5,3512646.2,32.7,4.36
S107,step,pitch,3512621.4,3512689.4,68.0,4.54
S107,step,roll,3512647.0,3512659.6,12.6,5.51
S107,step,roll,3512662.5,3512667.1,4.6,2.07
S107,step,pitch,3512691.3,3512696.5,5.2,2.59
S107,step,roll,3512696.4,3512705.7,9.3,2.57
S107,step,pitch,3512698.5,3512741.0,42.5,3.09
S107,step,roll,3512716.8,3512725.5,8.7,1.63
S107,step,roll,3512727.3,3512737.4,10.1,3.25
S107,step,pitch,3512744.4,3512753.4,9.0,3.12
S107,step,pitch,3512765.8,3512771.9,6.1,3.07
S107,step,roll,3512774.9,3512779.7,4.8,5.69
S107,step,pitch,3512776.5,3512789.7,13.2,2.76
S107,step,pitch,3512791.3,3512797.2,5.9,2.5
S107,step,pitch,3512801.2,3512814.0,12.8,2.47
S107,step,roll,3512805.1,3512810.9,5.8,3.97
S107,step,pitch,3512815.4,3512833.1,17.7,2.65
S107,step,pitch,3512837.8,3512844.0,6.2,2.96
S107,step,roll,3512843.1,3512847.6,4.5,3.16
S107,step,pitch,3512865.6,3512885.5,19.9,2.98
S107,step,roll,3512867.1,3512878.6,11.5,7.43
S107,step,roll,3512882.5,3512888.8,6.3,4.44
S107,step,pitch,3512892.1,3512916.1,24.0,3.68
S107,step,roll,3512904.6,3512911.1,6.5,5.99
S107,step,pitch,3512923.8,3512931.4,7.6,3.47
S107,step,roll,3512930.5,3512935.5,5.0,6.65
S107,step,pitch,3512959.1,3512968.9,9.8,2.64
S107,step,pitch,3512993.8,3513006.2,12.4,4.47
S107,step,roll,3512998.3,3513008.0,9.7,4.96
S107,step,pitch,3513008.2,3513018.7,10.5,4.07
S107,step,roll,3513017.3,3513022.0,4.7,4.06
S107,step,pitch,3513031.7,3513052.2,20.5,4.59
S107,step,roll,3513033.3,3513042.1,8.8,4.62
S107,step,roll,3513047.4,3513052.9,5.5,8.12
S107,step,pitch,3513055.3,3513060.6,5.3,3.82
S107,step,pitch,3513062.1,3513068.3,6.2,3.66
S107,step,pitch,3513069.8,3513078.3,8.5,4.43
S107,step,roll,3513099.2,3513120.7,21.5,7.98
S107,step,pitch,3513100.4,3513106.3,5.9,6.31
S107,step,roll,3513120.7,3513149.5,28.8,1.88
S107,step,roll,3513770.8,3513818.0,47.2,1.88
S107,step,roll,3513864.1,3513917.9,53.8,17.92
S107,step,roll,3513944.8,3513950.5,5.7,5.31
S107,step,roll,3513953.5,3513959.1,5.6,5.35
S107,step,roll,3513988.1,3513994.4,6.3,3.69
S107,step,roll,3514016.9,3514023.5,6.6,3.72
S107,step,roll,3514024.9,3514032.6,7.7,3.79
S107,step,roll,3514041.4,3514046.3,4.9,2.18
S107,step,roll,3514047.1,3514061.7,14.6,2.93
S107,step,pitch,3514059.9,3514066.8,6.9,2.24
S107,step,pitch,3514067.3,3514080.3,13.0,2.3
S107,step,roll,3514068.6,3514073.3,4.7,2.1
S107,step,pitch,3514094.6,3514101.3,6.7,1.96
S107,step,roll,3514102.0,3514108.5,6.5,1.43
S107,step,roll,3514111.1,3514129.3,18.2,1.29
S107,step,roll,3514151.7,3514161.0,9.3,1.22
S107,step,roll,3514169.6,3514181.1,11.5,1.46
S107,step,roll,3514192.6,3514206.7,14.1,1.18
S107,step,roll,3514210.0,3514218.4,8.4,1.08
S107,step,roll,3514220.7,3514226.2,5.5,1.31
S107,step,roll,3514238.8,3514243.6,4.8,2.36
S107,step,pitch,3514448.9,3514467.5,18.6,2.23
S107,step,pitch,3514469.3,3514553.3,84.0,3.72
S107,step,roll,3514480.8,3514486.6,5.8,2.29
S107,step,roll,3514492.3,3514498.1,5.8,1.84
S107,step,roll,3514505.3,3514512.5,7.2,1.51
S107,step,roll,3514517.2,3514524.1,6.9,1.72
S107,step,roll,3514541.7,3514548.7,7.0,1.39
S107,step,roll,3514551.4,3514560.3,8.9,1.22
S107,step,pitch,3514555.8,3514560.8,5.0,1.83
S107,step,roll,3514561.57,3514570.2,8.63,1.3
S107,step,pitch,3514567.6,3514580.6,13.0,2.62
S107,step,roll,3514573.0,3514586.4,13.4,1.77
S107,step,roll,3514587.51,3514625.6,38.09,1.55
S107,step,roll,3514627.8,3514632.8,5.0,1.67
S107,step,roll,3514855.2,3514880.6,25.4,2.21
S107,step,roll,3514887.1,3514898.3,11.2,2.01
S107,step,roll,3514900.8,3514911.9,11.1,2.09
S107,step,roll,3514918.8,3514940.6,21.8,1.81
S107,step,roll,3515184.0,3515203.5,19.5,1.77
S107,step,roll,3515204.18,3515258.8,54.62,1.86
S107,step,roll,3515261.3,3515269.9,8.6,2.31
S107,step,roll,3515276.0,3515283.9,7.9,2.79
S107,step,roll,3515308.6,3515324.8,16.2,1.86
S107,step,roll,3515332.8,3515342.2,9.4,2.28
S107,step,roll,3515347.9,3515355.1,7.2,3.52
S107,step,roll,3515374.1,3515387.6,13.5,1.84
S107,step,roll,3515390.0,3515416.8,26.8,1.65
S107,step,roll,3515420.29,3515437.5,17.21,1.59
S107,step,roll,3515446.2,3515453.5,7.3,2.1
S107,step,roll,3515460.6,3515470.2,9.6,3.16
S107,step,roll,3515473.0,3515496.6,23.6,1.97
S107,step,roll,3515500.7,3515523.9,23.2,2.06
S107,step,roll,3515535.5,3515543.3,7.8,2.35
S107,step,roll,3515544.2,3515552.3,8.1,2.32
S107,step,roll,3515555.2,3515560.8,5.6,2.97
S107,step,roll,3515561.6,3515566.6,5.0,1.36
S107,step,roll,3515578.5,3515589.9,11.4,2.33
S107,step,roll,3515590.32,3515601.8,11.48,2.76
S107,step,roll,3515610.1,3515615.0,4.9,2.36
S107,step,roll,3515633.7,3515640.0,6.3,1.86
S107,step,roll,3515657.6,3515663.5,5.9,2.8
S107,step,roll,3515676.7,3515681.3,4.6,1.67
S107,step,roll,3515693.4,3515706.6,13.2,2.31
S107,step,roll,3515721.3,3515731.5,10.2,2.03
S107,step,roll,3515734.4,3515739.3,4.9,3.76
S107,step,roll,3515743.0,3515747.9,4.9,1.73
S107,step,roll,3515749.7,3515756.4,6.7,1.67
S107,step,roll,3515768.9,3515777.1,8.2,3.69
S107,step,roll,3515779.3,3515794.9,15.6,2.89
S107,step,pitch,3515790.4,3515799.7,9.3,2.28
S107,step,roll,3515797.7,3515808.5,10.8,2.65
S107,step,pitch,3515802.7,3515848.2,45.5,5.16
S107,step,roll,3515818.2,3515826.1,7.9,6.09
S107,step,roll,3515846.7,3515852.5,5.8,4.41
S107,step,pitch,3515849.6,3515855.4,5.8,3.69
S107,step,pitch,3515858.6,3515866.8,8.2,3.06
S111,step,roll,3945445.4,3945453.6,8.2,3.01
S111,step,roll,3945458.3,3945497.7,39.4,8.25
S111,step,roll,3945500.3,3945503.5,3.2,1.02
S111,doublet,roll,3945509.6,3945515.5,5.9,2.19|1.28
S111,step,roll,3945520.3,3945535.1,14.8,20.72
S111,step,roll,3945690.0,3945724.6,34.6,4.36
S111,step,roll,3945832.8,3945879.6,46.8,1.3
S111,step,roll,3945886.5,3945890.1,3.6,0.81
S111,step,roll,3945915.9,3945959.2,43.3,16.43
S111,step,pitch,3945972.6,3946004.8,32.2,3.17
S111,step,roll,3945982.6,3945992.0,9.4,2.13
S111,step,roll,3945997.8,3946001.0,3.2,3.83
S111,step,roll,3946004.8,3946009.6,4.8,4.16
S111,step,pitch,3946012.3,3946018.7,6.4,2.81
S111,step,roll,3946013.1,3946016.6,3.5,2.11
S111,doublet,roll,3946022.3,3946031.8,7.5,2.84|1.27
S111,step,roll,3946035.3,3946048.2,12.9,4.63
S111,doublet,roll,3946055.2,3946070.4,9.9,5.35|2.56
S111,step,pitch,3946059.9,3946070.4,10.5,3.18
S111,step,roll,3946072.7,3946079.8,7.1,2.99
S111,step,pitch,3946082.1,3946085.4,3.3,1.96
S111,step,roll,3946082.1,3946114.9,32.8,3.43
S111,step,roll,3946121.9,3946126.6,4.7,3.3
S111,step,roll,3946134.8,3946144.0,9.2,0.91
S111,step,roll,3946146.5,3946151.2,4.7,0.94
S111,step,roll,3946157.1,3946171.1,14.0,1.53
S111,step,roll,3946172.2,3946179.7,7.5,1.73
S111,step,pitch,3946181.6,3946186.1,4.5,1.86
S111,step,roll,3946181.6,3946188.6,7.0,1.14
S111,step,roll,3946205.0,3946219.1,14.1,1.09
S111,step,roll,3946839.4,3946907.0,67.6,1.22
S111,step,roll,3946908.4,3946933.0,24.6,1.2
S111,step,roll,3946935.4,3946938.9,3.5,1.5
S111,step,roll,3946941.2,3946952.7,11.5,1.16
S111,step,roll,3946954.1,3946977.5,23.4,1.16
S111,step,roll,3946978.7,3946984.5,5.8,1.23
S111,step,roll,3946987.9,3946994.1,6.2,1.26
S111,step,roll,3946996.2,3947000.8,4.6,1.66
S111,step,roll,3947004.0,3947023.0,19.0,1.21
S111,step,roll,3947025.5,3947037.2,11.7,1.03
S111,step,roll,3947039.5,3947086.4,46.9,1.21
S111,step,roll,3947089.9,3947103.9,14.0,1.08
S111,step,roll,3947106.3,3947129.5,23.2,1.18
S111,step,roll,3947134.3,3947148.4,14.1,1.31
S111,step,roll,3947155.4,3947170.6,15.2,1.05
S111,step,roll,3947177.5,3947184.7,7.2,1.33
S111,step,roll,3947187.0,3947191.6,4.6,1.0
S111,step,roll,3947194.0,3947211.1,17.1,1.34
S111,step,roll,3947217.4,3947233.8,16.4,1.09
S111,step,roll,3947237.4,3947252.6,15.2,0.97
S111,step,roll,3947256.1,3947269.0,12.9,0.99
S111,step,roll,3947272.5,3947308.7,36.2,1.11
S111,step,roll,3947313.2,3947318.1,4.9,0.85
S111,step,roll,3947326.3,3947343.9,17.6,2.34
S111,step,roll,3947346.2,3947391.0,44.8,1.15
S111,step,roll,3947394.2,3947407.1,12.9,1.0
S111,step,roll,3947410.6,3947417.6,7.0,1.04
S111,doublet,roll,3947425.8,3947434.0,7.1,2.69|1.4
S111,step,roll,3947435.2,3947441.0,5.8,1.07
S111,step,roll,3947444.5,3947449.8,5.3,1.88
S111,step,roll,3947452.7,3947459.3,6.6,1.45
S111,step,roll,3947470.3,3947473.8,3.5,1.56
S111,step,roll,3947476.1,3947480.8,4.7,1.22
S111,step,pitch,3947485.2,3947493.7,8.5,1.98
S111,step,roll,3947488.6,3947491.7,3.1,1.48
S111,step,roll,3947498.4,3947501.8,3.4,2.13
S111,step,roll,3947503.3,3947518.2,14.9,3.06
S111,step,pitch,3947504.2,3947508.8,4.6,5.63
S111,step,pitch,3947508.94,3947541.1,32.16,5.32
S111,step,roll,3947520.6,3947523.8,3.2,3.46
S111,step,roll,3947530.0,3947533.5,3.5,4.16
S111,step,pitch,3947541.73,3947556.4,14.67,3.47
S111,step,roll,3947548.7,3947558.1,9.4,3.27
S111,doublet,roll,3947573.0,3947577.7,4.7,1.5|6.05
S111,step,pitch,3947591.9,3947595.5,3.6,9.53
S111,step,pitch,3947596.1,3947610.4,14.3,13.48
S111,step,roll,3947600.2,3947610.7,10.5,10.69
S111,step,pitch,3947621.3,3947624.5,3.2,4.58
S111,step,roll,3947622.3,3947649.4,27.1,5.2
S111,step,pitch,3947643.5,3947646.5,3.0,3.28
S111,step,roll,3947651.7,3947708.4,56.7,8.9
S111,step,pitch,3947658.7,3947740.6,81.9,13.84
S111,step,roll,3947734.8,3947740.6,5.8,2.89
S123_1,step,roll,10174084.9,10174144.9,60.0,9.34
S123_1,step,pitch,10174085.0,10174153.8,68.8,20.03
S123_1,step,yaw,10174092.2,10174118.9,26.7,6.46
S123_1,step,yaw,10174118.9,10174123.1,4.2,7.9
S123_1,step,yaw,10174127.8,10174136.6,8.8,17.58
S123_1,step,yaw,10174137.7,10174141.2,3.5,12.64
S123_1,step,roll,10174154.6,10174158.9,4.3,4.16
S123_1,doublet,roll,10174183.4,10174193.8,9.6,1.09|2.51
S123_1,step,pitch,10174191.7,10174238.0,46.3,4.96
S123_1,step,pitch,10174238.9,10174243.6,4.7,2.56
S123_1,step,pitch,10174245.2,10174248.2,3.0,2.57
S123_1,step,roll,10174285.8,10174289.6,3.8,1.18
S123_1,step,roll,10174367.6,10174373.0,5.4,2.53
S123_1,step,roll,10174382.4,10174386.4,4.0,1.33
S123_1,step,pitch,10174382.6,10174385.8,3.2,1.84
S123_1,step,roll,10174404.0,10174412.4,8.4,1.59
S123_1,step,roll,10174472.6,10174475.6,3.0,2.02
S123_1,step,roll,10174492.6,10174498.66,6.06,1.7
S123_1,step,pitch,10174512.2,10174524.6,12.4,2.38
S123_1,step,roll,10174519.4,10174523.3,3.9,3.18
S123_1,step,roll,10174527.6,10174530.9,3.3,1.77
S123_1,step,roll,10174533.5,10174537.6,4.1,2.21
S123_1,step,roll,10174605.6,10174609.5,3.9,3.36
S123_1,step,roll,10174613.9,10174619.0,5.1,2.82
S123_1,step,roll,10174640.5,10174644.0,3.5,1.61
S123_1,step,roll,10174656.9,10174661.2,4.3,1.71
S123_1,step,roll,10174669.2,10174672.5,3.3,1.49
S123_1,step,roll,10174688.3,10174696.0,7.7,2.33
S123_1,step,roll,10174729.7,10174733.3,3.6,2.44
S123_1,step,roll,10174734.3,10174738.6,4.3,1.99
S123_1,step,pitch,10174741.4,10174754.1,12.7,3.95
S123_1,step,roll,10174749.0,10174752.1,3.1,4.53
S123_1,doublet,roll,10174757.3,10174767.5,7.7,3.35|3.66
S123_1,step,roll,10174801.0,10174805.4,4.4,1.76
S123_1,step,roll,10174807.5,10174811.0,3.5,1.76
S123_1,doublet,roll,10174846.38,10174851.3,4.92,4.27|4.22
S123_1,step,pitch,10174893.1,10174898.0,4.9,3.86
S123_1,step,roll,10174912.1,10174916.2,4.1,8.03
S123_1,step,pitch,10174925.3,10174928.8,3.5,7.81
S123_1,step,roll,10174926.7,10174960.08,33.38,15.99
S123_1,step,yaw,10174949.6,10174960.8,11.2,14.83
S123_1,step,yaw,10174970.1,10174973.4,3.3,9.42
S123_1,step,yaw,10174982.3,10174991.2,8.9,17.78
S123_1,step,yaw,10175011.0,10175021.9,10.9,19.26
S123_1,step,yaw,10175021.9,10175029.9,8.0,14.79
S123_1,step,yaw,10175029.9,10175034.3,4.4,13.99
S123_1,step,yaw,10175050.7,10175064.8,14.1,5.32
S123_1,step,yaw,10175065.5,10175119.4,53.9,3.47
S123_1,step,roll,10175103.0,10175109.5,6.5,1.11
S123_1,step,roll,10175117.5,10175121.8,4.3,1.1
S123_1,step,yaw,10175123.5,10175135.1,11.6,2.13
S123_1,step,roll,10175148.06,10175155.4,7.34,19.98
S123_1,step,roll,10175155.4,10175173.3,17.9,20.84
S123_1,step,yaw,10175162.2,10175169.3,7.1,15.14
S123_1,step,yaw,10175172.5,10175185.9,13.4,25.45
S123_1,step,yaw,10175202.2,10175207.1,4.9,12.56
S123_1,step,yaw,10175212.5,10175278.9,66.4,25.3
S123_1,step,yaw,10175279.3,10175282.5,3.2,17.24
S123_1,step,yaw,10175282.5,10175312.0,29.5,24.55
S123_1,step,yaw,10175323.3,10175359.8,36.5,25.46
S123_1,step,yaw,10175366.7,10175392.1,25.4,24.47
S123_1,step,yaw,10175396.9,10175403.3,6.4,24.38
S123_1,step,yaw,10175466.7,10175472.3,5.6,1.23
S123_1,step,yaw,10175484.6,10175496.5,11.9,1.2
S123_1,step,yaw,10175509.4,10175530.7,21.3,25.42
S123_1,doublet,yaw,10175530.7,10175539.6,8.9,11.28|19.08
S123_1,step,yaw,10175541.1,10175554.3,13.2,25.39
S123_1,step,yaw,10175566.3,10175578.1,11.8,25.3
S123_1,doublet,yaw,10175579.7,10175590.1,10.4,25.29|10.46
S123_1,step,yaw,10175590.1,10175597.5,7.4,25.14
S123_1,doublet,yaw,10175600.5,10175607.9,7.4,25.11|9.13
S123_1,step,yaw,10175607.9,10175687.9,80.0,19.66
S123_1,step,yaw,10175687.9,10175705.3,17.4,24.46
S123_1,step,yaw,10175710.5,10175732.8,22.3,25.34
S123_1,step,yaw,10175734.2,10175738.5,4.3,25.17
S123_1,doublet,yaw,10175743.2,10175753.6,10.4,21.9|15.41
S123_1,step,yaw,10175762.4,10175768.3,5.9,7.2
S123_1,step,yaw,10175826.2,10175829.3,3.1,1.29
S123_1,step,yaw,10175834.8,10175887.3,52.5,24.54
S123_1,step,roll,10175871.7,10175875.4,3.7,1.55
S123_1,step,yaw,10175887.3,10175891.1,3.8,14.46
S123_1,step,yaw,10175892.4,10175911.1,18.7,25.38
S123_1,step,yaw,10175934.4,10175983.9,49.5,4.25
S123_1,step,roll,10175971.3,10176006.2,34.9,3.25
S123_1,step,yaw,10175983.9,10175992.8,8.9,24.36
S123_1,doublet,yaw,10175992.8,10176000.3,7.5,9.91|5.34
S123_1,step,yaw,10176000.3,10176015.1,14.8,25.5
S123_1,step,roll,10176006.9,10176023.6,16.7,2.49
S123_1,step,yaw,10176018.14,10176030.0,11.86,25.43
S123_1,step,roll,10176024.8,10176069.4,44.6,10.82
S123_1,step,yaw,10176043.4,10176047.5,4.1,9.76
S123_1,doublet,yaw,10176049.1,10176065.1,10.6,5.91|18.53
S123_1,step,yaw,10176068.6,10176083.0,14.4,5.37
S123_1,step,roll,10176074.7,10176091.6,16.9,20.05
S123_1,step,yaw,10176086.1,10176089.4,3.3,2.98
S123_1,step,roll,10176091.6,10176125.9,34.3,14.8
S123_1,step,yaw,10176098.3,10176107.2,8.9,2.62
S123_1,step,yaw,10176108.7,10176127.1,18.4,24.46
S123_1,step,yaw,10176134.0,10176165.2,31.2,25.4
S123_1,step,yaw,10176165.2,10176180.1,14.9,22.82
S123_1,step,yaw,10176185.6,10176194.7,9.1,13.78
S123_1,step,yaw,10176258.7,10176261.7,3.0,0.96
S123_1,step,yaw,10176264.3,10176270.7,6.4,15.56
S123_1,step,yaw,10176275.2,10176294.2,19.0,25.48
S123_1,doublet,yaw,10176294.54,10176303.4,8.86,13.25|24.18
S123_1,step,yaw,10176303.4,10176310.8,7.4,22.78
S123_1,step,yaw,10176310.8,10176326.5,15.7,24.56
S123_1,step,yaw,10176330.2,10176333.3,3.1,18.64
S123_1,step,yaw,10176339.9,10176358.4,18.5,1.74
S123_1,step,yaw,10176363.6,10176371.8,8.2,1.03
S123_1,step,yaw,10176379.259,10176397.0,17.74,1.46
S123_1,step,yaw,10176398.5,10176406.8,8.3,25.53
S123_1,step,yaw,10176413.4,10176425.2,11.8,24.56
S123_1,doublet,yaw,10176426.7,10176438.7,12.0,24.35|5.46
S123_1,step,yaw,10176438.7,10176450.5,11.8,24.52
S123_1,step,yaw,10176450.5,10176454.0,3.5,17.27
S123_1,step,yaw,10176456.5,10176462.4,5.9,9.2
S123_1,step,yaw,10176492.1,10176513.1,21.0,2.2
S123_1,step,yaw,10176515.2,10176533.7,18.5,3.28
S123_1,step,yaw,10176533.7,10176546.5,12.8,25.42
S123_1,doublet,yaw,10176550.0,10176557.5,7.5,10.95|13.64
S123_1,step,yaw,10176557.5,10176575.4,17.9,24.64
S123_1,step,yaw,10176579.8,10176600.3,20.5,25.27
S123_1,step,yaw,10176600.3,10176605.1,4.8,8.92
S123_1,step,yaw,10176605.1,10176663.0,57.9,21.52
S123_1,step,yaw,10176663.0,10176677.9,14.9,24.69
S123_1,step,yaw,10176677.9,10176684.9,7.0,25.04
S123_1,step,yaw,10176686.8,10176707.6,20.8,24.64
S123_1,doublet,yaw,10176707.6,10176715.0,7.4,17.62|8.85
S123_1,doublet,yaw,10176715.0,10176720.9,5.9,9.27|10.64
S123_1,step,yaw,10176728.4,10176732.9,4.5,7.83
S123_1,step,yaw,10176735.3,10176748.0,12.7,25.52
S123_1,doublet,yaw,10176749.2,10176759.3,10.1,25.37|23.23
S123_1,step,yaw,10176767.5,10176776.4,8.9,10.18
S123_1,step,yaw,10176777.1,10176789.3,12.2,4.19
S123_1,step,yaw,10176790.5,10176807.5,17.0,2.42
S123_1,step,yaw,10176853.3,10176863.7,10.4,23.57
S123_1,step,yaw,10176863.7,10176866.9,3.2,15.53
S123_1,step,yaw,10176867.7,10176885.2,17.5,25.29
S123_1,step,yaw,10176887.4,10176899.3,11.9,18.07
S123_1,doublet,yaw,10176902.3,10176910.5,8.2,10.37|18.69
S123_1,doublet,yaw,10176912.7,10176920.1,7.4,25.26|10.86
S123_1,step,yaw,10176920.1,10176929.0,8.9,25.37
S123_1,doublet,yaw,10176929.0,10176937.7,8.7,15.06|11.04
S123_1,step,yaw,10176946.9,10176994.3,47.4,25.01
S123_1,step,yaw,10176994.3,10177007.8,13.5,24.55
S123_1,step,yaw,10177009.2,10177012.3,3.1,11.9
S123_1,step,yaw,10177013.7,10177041.6,27.9,24.55
S123_2,step,pitch,10178418.4,10178451.2,32.8,20.03
S123_2,step,yaw,10178420.4,10178428.2,7.8,18.75
S123_2,step,roll,10178421.4,10178440.9,19.5,13.67
S123_2,step,yaw,10178432.0,10178447.5,15.5,9.53
S123_2,doublet,roll,10178443.7,10178449.8,5.3,2.51|2.3
S123_2,step,yaw,10178448.2,10178455.0,6.8,3.34
S123_2,step,roll,10178451.4,10178454.6,3.2,6.08
S123_2,step,yaw,10178456.6,10178476.4,19.8,1.86
S123_2,step,pitch,10178459.3,10178481.8,22.5,3.6
S123_2,doublet,roll,10178469.7,10178477.2,7.3,5.38|8.64
S123_2,step,roll,10178477.2,10178480.4,3.2,5.59
S123_2,step,yaw,10178481.6,10178485.6,4.0,1.23
S123_2,step,pitch,10178492.54,10178531.1,38.56,4.01
S123_2,step,roll,10178497.9,10178512.0,14.1,4.66
S123_2,step,roll,10178517.3,10178525.3,8.0,2.72
S123_2,step,roll,10178525.9,10178529.0,3.1,3.02
S123_2,step,roll,10178537.6,10178544.9,7.3,4.11
S123_2,step,pitch,10178539.4,10178545.0,5.6,2.62
S123_2,step,pitch,10178550.8,10178561.6,10.8,3.07
S123_2,step,roll,10178553.1,10178560.4,7.3,3.77
S123_2,step,yaw,10178558.2,10178597.7,39.5,3.08
S123_2,doublet,roll,10178563.0,10178567.6,4.2,2.04|5.31
S123_2,step,roll,10178571.7,10178575.3,3.6,3.88
S123_2,step,roll,10178589.2,10178592.8,3.6,2.29
S123_2,step,yaw,10178597.9,10178609.8,11.9,2.46
S123_2,step,yaw,10178610.2,10178627.1,16.9,3.01
S123_2,step,roll,10178615.0,10178618.47,3.47,2.32
S123_2,step,roll,10178647.5,10178650.5,3.0,2.24
S123_2,step,roll,10178656.5,10178660.4,3.9,3.01
S123_2,step,roll,10178662.0,10178666.2,4.2,2.06
S123_2,step,yaw,10178662.2,10178666.6,4.4,1.46
S123_2,doublet,roll,10178667.0,10178670.5,2.5,2.53|3.19
S123_2,step,yaw,10178673.0,10178677.4,4.4,2.76
S123_2,step,yaw,10178677.7,10178680.9,3.2,1.63
S123_2,step,yaw,10178682.7,10178690.6,7.9,1.85
S123_2,step,roll,10178696.6,10178701.7,5.1,2.15
S123_2,step,yaw,10178701.3,10178704.5,3.2,1.4
S123_2,step,roll,10178702.5,10178707.5,5.0,1.92
S123_2,step,yaw,10178707.3,10178712.5,5.2,1.84
S123_2,step,roll,10178713.1,10178716.1,3.0,1.86
S123_2,step,yaw,10178714.5,10178720.5,6.0,1.75
S123_2,step,roll,10178716.4,10178719.8,3.4,2.43
S123_2,doublet,roll,10178743.8,10178747.8,3.6,1.32|2.06
S123_2,step,roll,10178750.2,10178753.8,3.6,2.73
S123_2,step,roll,10178754.0,10178757.9,3.9,2.4
S123_2,step,roll,10178758.1,10178764.1,6.0,1.88
S123_2,step,roll,10178769.4,10178777.8,8.4,2.75
S123_2,step,roll,10178789.5,10178798.2,8.7,3.62
S123_2,step,yaw,10178803.6,10178807.9,4.3,2.14
S123_2,step,yaw,10178810.9,10178816.8,5.9,1.79
S123_2,step,roll,10178812.7,10178815.9,3.2,1.7
S123_2,step,roll,10178827.8,10178832.4,4.6,1.51
S123_2,step,roll,10178841.1,10178844.1,3.0,1.7
S123_2,step,roll,10178845.9,10178850.7,4.8,1.66
S123_2,step,roll,10178855.4,10178858.4,3.0,2.59
S123_2,doublet,roll,10178862.7,10178877.0,10.9,3.13|1.59
S123_2,step,roll,10178882.4,10178886.5,4.1,2.42
S123_2,step,roll,10178894.3,10178898.5,4.2,3.44
S123_2,step,yaw,10178895.1,10178898.7,3.6,1.47
S123_2,step,roll,10178926.9,10178933.2,6.3,2.91
S123_2,step,roll,10178957.6,10178965.0,7.4,4.46
S123_2,step,roll,10178965.8,10178968.9,3.1,2.55
S123_2,step,roll,10178969.7,10178972.7,3.0,2.03
S123_2,step,roll,10178977.9,10178981.7,3.8,2.02
S123_2,doublet,roll,10178984.8,10178987.0,2.2,1.73|4.88
S123_2,step,roll,10179009.1,10179017.8,8.7,3.55
S123_2,step,yaw,10179038.6,10179047.4,8.8,1.41
S123_2,step,yaw,10179120.4,10179131.3,10.9,4.93
S123_2,step,yaw,10179132.1,10179169.1,37.0,20.31
S123_2,step,yaw,10179176.0,10179180.8,4.8,4.35
S123_2,doublet,yaw,10179180.8,10179184.9,3.9,8.51|1.97
S123_2,step,yaw,10179185.6,10179193.7,8.1,6.9
S123_2,step,yaw,10179196.6,10179200.3,3.7,12.48
S123_2,step,yaw,10179200.6,10179206.3,5.7,12.72
S123_2,step,yaw,10179206.669,10179214.9,8.23,11.93
S123_2,step,yaw,10179215.9,10179222.2,6.3,11.54
S137_1,step,roll,13195149.6,13195166.5,16.9,5.43
S137_1,step,yaw,13195149.7,13195174.1,24.4,1.35
S137_1,step,yaw,13195175.9,13195215.0,39.1,1.42
S137_1,step,roll,13195203.1,13195225.0,21.9,1.12
S137_1,step,yaw,13195220.7,13195226.4,5.7,2.01
S137_1,doublet,yaw,13195226.9,13195236.6,9.7,12.4|19.58
S137_1,step,yaw,13195238.9,13195242.4,3.5,5.46
S137_1,step,yaw,13195244.5,13195248.6,4.1,9.3
S137_1,step,yaw,13195249.0,13195252.8,3.8,14.76
S137_1,step,yaw,13195260.6,13195264.8,4.2,10.11
S137_1,step,yaw,13195274.7,13195284.0,9.3,24.34
S137_1,step,pitch,13195407.8,13195465.6,57.8,13.41
S137_1,step,yaw,13195417.9,13195421.8,3.9,16.79
S137_1,doublet,yaw,13195421.95,13195430.1,8.15,16.28|13.07
S137_1,step,yaw,13195431.8,13195439.3,7.5,25.15
S137_1,step,yaw,13195440.7,13195448.6,7.9,9.99
S137_1,step,yaw,13195449.7,13195453.5,3.8,19.44
S137_1,step,roll,13195457.4,13195465.8,8.4,3.76
S137_1,step,roll,13195467.0,13195470.6,3.6,3.53
S137_1,step,yaw,13195468.9,13195479.6,10.7,2.58
S137_1,step,yaw,13195481.1,13195494.9,13.8,1.11
S137_1,step,roll,13195481.3,13195486.3,5.0,3.89
S137_1,step,pitch,13195494.8,13195503.3,8.5,2.99
S137_1,step,roll,13195501.4,13195510.9,9.5,6.42
S137_1,step,yaw,13195503.4,13195514.5,11.1,1.2
S137_1,step,pitch,13195509.0,13195547.1,38.1,5.16
S137_1,step,roll,13195511.4,13195515.3,3.9,2.42
S137_1,step,yaw,13195517.9,13195521.0,3.1,0.98
S137_1,step,roll,13195530.2,13195536.9,6.7,3.83
S137_1,step,yaw,13195532.5,13195538.5,6.0,1.0
S137_1,step,roll,13195546.8,13195549.9,3.1,2.72
S137_1,step,roll,13195574.0,13195581.9,7.9,1.93
S137_1,step,roll,13195582.6,13195586.8,4.2,1.57
S137_1,step,roll,13195596.96,13195600.9,3.94,2.28
S137_1,step,roll,13195632.6,13195636.3,3.7,2.5
S137_1,step,roll,13195646.6,13195651.7,5.1,1.42
S137_1,step,roll,13195652.6,13195658.6,6.0,3.68
S137_1,step,roll,13195666.5,13195670.2,3.7,2.38
S137_1,step,roll,13195671.3,13195676.8,5.5,2.39
S137_1,step,roll,13195680.3,13195686.4,6.1,1.79
S137_1,step,roll,13195699.7,13195705.0,5.3,1.43
S137_1,step,pitch,13195711.7,13195719.1,7.4,1.91
S137_1,step,roll,13195712.2,13195726.8,14.6,2.02
S137_1,step,pitch,13195719.9,13195779.2,59.3,2.64
S137_1,step,roll,13195730.0,13195735.0,5.0,2.04
S137_1,step,roll,13195736.0,13195746.7,10.7,1.81
S137_1,step,roll,13195764.1,13195771.1,7.0,1.85
S137_1,step,roll,13195781.919,13195787.8,5.88,3.49
S137_1,step,pitch,13195785.6,13195789.8,4.2,2.02
S137_1,step,roll,13195812.7,13195818.9,6.2,1.73
S137_1,step,roll,13195835.6,13195847.5,11.9,2.86
S137_1,step,roll,13195851.5,13195855.4,3.9,1.7
S137_1,step,roll,13195862.5,13195865.9,3.4,1.34
S137_1,step,roll,13195872.7,13195875.9,3.2,2.43
S137_1,step,roll,13195887.1,13195891.2,4.1,1.89
S137_1,step,yaw,13195919.1,13195942.2,23.1,3.73
S137_1,step,roll,13195933.05,13195942.7,9.65,2.25
S137_1,step,roll,13195950.7,13195954.6,3.9,2.86
S137_1,step,roll,13195956.9,13195968.8,11.9,4.49
S137_1,step,yaw,13195956.9,13195966.1,9.2,3.06
S137_1,step,roll,13195974.83,13195983.9,9.07,1.65
S137_1,step,roll,13195984.7,13195988.7,4.0,1.8
S137_1,step,roll,13196041.3,13196048.2,6.9,1.52
S137_1,step,roll,13196062.2,13196065.9,3.7,1.12
S137_1,step,roll,13196076.2,13196080.2,4.0,1.14
S137_1,step,roll,13196086.1,13196090.1,4.0,1.24
S137_1,step,roll,13196100.0,13196103.2,3.2,1.11
S137_1,step,yaw,13196115.7,13196186.7,71.0,2.44
S137_1,step,roll,13196187.4,13196199.1,11.7,2.09
S137_1,step,roll,13196207.5,13196214.6,7.1,2.01
S137_1,step,roll,13196233.3,13196246.3,13.0,1.58
S137_1,step,roll,13196247.28,13196266.3,19.02,3.74
S137_1,step,roll,13196267.169,13196277.0,9.83,1.51
S137_1,step,roll,13196279.0,13196283.0,4.0,1.21
S137_1,step,roll,13196285.0,13196290.6,5.6,1.62
S137_1,step,roll,13196293.0,13196312.8,19.8,1.8
S137_1,step,roll,13196319.1,13196322.7,3.6,1.27
S137_1,step,roll,13196348.1,13196351.9,3.8,1.88
S137_1,step,roll,13196352.669,13196360.5,7.83,2.81
S137_1,step,roll,13196366.5,13196438.1,71.6,2.24
S137_1,step,yaw,13196381.3,13196434.1,52.8,1.93
S137_1,step,roll,13196438.2,13196442.0,3.8,1.64
S137_1,step,roll,13196486.9,13196491.0,4.1,2.04
S137_1,step,roll,13196507.5,13196513.1,5.6,1.69
S137_1,step,roll,13196533.6,13196536.8,3.2,2.08
S137_1,step,roll,13196541.7,13196544.7,3.0,1.55
S137_1,step,roll,13196557.5,13196562.8,5.3,1.35
S137_1,step,roll,13196587.3,13196593.3,6.0,1.64
S137_1,step,roll,13196619.2,13196637.9,18.7,1.86
S137_1,step,roll,13196645.03,13196648.5,3.47,1.21
S137_1,step,roll,13196650.9,13196654.4,3.5,1.81
S137_1,step,yaw,13196655.6,13196692.7,37.1,1.97
S137_1,step,roll,13196656.8,13196693.4,36.6,3.75
S137_1,step,roll,13196706.6,13196709.7,3.1,1.38
S137_1,step,roll,13196740.4,13196744.3,3.9,1.44
S137_1,step,yaw,13196744.8,13196795.4,50.6,2.39
S137_1,step,roll,13196796.1,13196831.4,35.3,1.91
S137_1,step,roll,13196833.9,13196873.7,39.8,2.5
S137_1,step,roll,13196875.0,13196878.0,3.0,1.26
S137_1,step,pitch,13196881.2,13196884.6,3.4,2.36
S137_1,doublet,roll,13196881.6,13196893.6,12.0,1.28|2.83
S137_1,step,roll,13196897.5,13196902.6,5.1,1.78
S137_1,step,yaw,13196925.4,13196948.2,22.8,3.41
S137_1,step,roll,13196939.6,13196949.2,9.6,1.84
S137_1,step,roll,13196949.2,13196960.4,11.2,1.59
S137_1,step,roll,13196962.8,13196984.5,21.7,4.22
S137_1,step,yaw,13196967.1,13196982.1,15.0,3.94
S137_1,step,roll,13197004.9,13197012.0,7.1,2.68
S137_1,step,roll,13197012.96,13197022.8,9.84,1.42
S137_1,step,roll,13197023.9,13197036.8,12.9,1.47
S137_1,step,roll,13197038.5,13197042.7,4.2,0.93
S137_1,step,roll,13197054.7,13197058.1,3.4,1.4
S137_1,step,roll,13197058.69,13197068.3,9.61,1.44
S137_1,step,roll,13197070.6,13197081.1,10.5,1.73
S137_1,step,roll,13197085.5,13197091.1,5.6,1.36
S137_1,step,roll,13197092.0,13197095.1,3.1,2.39
S137_1,step,roll,13197096.6,13197104.4,7.8,1.98
S137_1,step,roll,13197108.4,13197116.3,7.9,2.0
S137_1,step,roll,13197118.3,13197121.9,3.6,1.23
S137_1,step,yaw,13197161.1,13197185.8,24.7,2.04
S137_1,step,roll,13197185.9,13197193.8,7.9,1.99
S137_1,step,roll,13197195.0,13197214.0,19.0,3.42
S137_1,step,roll,13197215.3,13197219.0,3.7,1.57
S137_1,step,roll,13197220.4,13197227.5,7.1,1.16
S137_1,step,roll,13197239.669,13197245.3,5.63,1.43
S137_1,step,roll,13197246.8,13197254.7,7.9,1.4
S137_1,step,roll,13197286.4,13197290.2,3.8,1.83
S137_1,step,roll,13197295.3,13197323.3,28.0,3.36
S137_1,step,yaw,13197299.8,13197340.7,40.9,3.01
S137_1,step,roll,13197325.1,13197345.0,19.9,3.96
S137_1,step,roll,13197345.0,13197349.8,4.8,1.47
S137_1,step,roll,13197360.8,13197367.7,6.9,1.86
S137_1,step,roll,13197375.4,13197380.8,5.4,2.01
S137_1,step,roll,13197387.7,13197392.2,4.5,1.07
S137_1,step,roll,13197398.7,13197403.9,5.2,2.02
S137_1,step,roll,13197410.0,13197416.0,6.0,1.89
S137_1,step,roll,13197434.2,13197443.0,8.8,2.34
S137_1,step,roll,13197444.0,13197448.4,4.4,1.48
S137_1,step,yaw,13197450.4,13197465.1,14.7,3.88
S137_1,step,roll,13197466.3,13197504.1,37.8,4.99
S137_1,step,yaw,13197478.1,13197500.7,22.6,5.45
S137_1,step,roll,13197526.0,13197530.0,4.0,1.65
S137_1,step,roll,13197533.5,13197541.9,8.4,1.34
S137_1,step,roll,13197550.9,13197591.2,40.3,2.91
S137_1,step,roll,13197594.7,13197619.0,24.3,2.16
S137_1,step,roll,13197622.8,13197633.0,10.2,1.54
S137_1,step,roll,13197642.9,13197647.2,4.3,1.65
S137_1,step,roll,13197650.9,13197654.7,3.8,2.81
S137_1,step,roll,13197661.2,13197675.0,13.8,1.58
S137_1,step,roll,13197677.1,13197690.7,13.6,1.79
S137_1,step,yaw,13197701.7,13197739.2,37.5,2.29
S137_1,step,roll,13197724.9,13197728.8,3.9,1.53
S137_1,step,roll,13197740.8,13197801.1,60.3,2.93
S137_1,step,roll,13197802.5,13197805.7,3.2,3.0
S137_1,step,roll,13197811.5,13197816.1,4.6,2.17
S137_1,step,roll,13197819.6,13197839.4,19.8,3.24
S137_1,step,roll,13197853.6,13197858.8,5.2,2.1
S137_1,step,roll,13197870.0,13197873.8,3.8,1.54
S137_1,step,roll,13197882.0,13197885.9,3.9,2.01
S137_1,step,roll,13197887.9,13197957.5,69.6,4.5
S137_1,step,yaw,13197897.9,13197953.8,55.9,3.84
S137_1,step,roll,13197958.8,13197962.7,3.9,1.9
S137_1,step,roll,13197967.5,13197986.4,18.9,3.06
S137_1,step,roll,13197987.5,13197997.3,9.8,1.11
S137_1,step,roll,13198008.4,13198017.1,8.7,1.23
S137_1,step,roll,13198032.9,13198043.1,10.2,3.04
S137_1,step,roll,13198049.0,13198062.9,13.9,4.95
S137_1,step,roll,13198064.9,13198068.4,3.5,1.45
S137_1,step,roll,13198072.9,13198084.8,11.9,2.1
S137_1,step,roll,13198086.8,13198096.4,9.6,1.42
S137_1,step,roll,13198096.82,13198113.9,17.08,2.02
S137_1,step,roll,13198116.7,13198119.9,3.2,1.3
S137_1,step,roll,13198121.2,13198130.6,9.4,1.26
S137_1,step,roll,13198142.56,13198150.5,7.94,1.69
S137_1,step,roll,13198154.4,13198157.6,3.2,1.7
S137_1,step,yaw,13198160.4,13198193.5,33.1,11.4
S137_1,step,roll,13198164.4,13198167.6,3.2,4.64
S137_1,step,roll,13198175.2,13198182.3,7.1,3.74
S137_1,step,pitch,13198183.3,13198190.2,6.9,2.81
S137_1,step,roll,13198184.3,13198194.2,9.9,6.42
S137_1,step,pitch,13198191.0,13198196.2,5.2,2.46
S137_1,step,roll,13198196.2,13198207.9,11.7,5.5
S137_1,step,roll,13198216.1,13198219.8,3.7,3.63
S137_1,step,roll,13198234.0,13198241.8,7.8,5.06
S137_1,step,yaw,13198234.0,13198253.9,19.9,7.72
S137_1,step,roll,13198243.9,13198257.9,14.0,4.93
S137_1,doublet,roll,13198263.0,13198273.3,10.3,4.35|5.02
S137_1,step,roll,13198291.7,13198295.5,3.8,2.4
S137_1,step,roll,13198323.1,13198328.5,5.4,1.69
S137_1,step,roll,13198335.4,13198341.1,5.7,3.31
S137_1,step,roll,13198345.4,13198354.6,9.2,1.99
S137_1,step,roll,13198356.4,13198361.2,4.8,2.24
S137_1,step,roll,13198363.3,13198368.6,5.3,1.49
S137_1,step,roll,13198369.2,13198377.2,8.0,1.56
S137_1,step,roll,13198387.1,13198390.2,3.1,2.32
S137_1,step,roll,13198405.0,13198409.0,4.0,1.57
S137_1,step,roll,13198419.0,13198432.9,13.9,2.37
S137_1,step,roll,13198446.8,13198450.5,3.7,1.6
S137_1,step,roll,13198460.5,13198464.7,4.2,6.12
S137_1,doublet,roll,13198482.2,13198490.5,8.3,6.8|3.09
S137_1,step,pitch,13198488.6,13198539.9,51.3,5.49
S137_1,step,roll,13198492.4,13198499.8,7.4,5.77
S137_1,step,roll,13198502.5,13198507.6,5.1,1.66
S137_1,step,roll,13198522.4,13198525.7,3.3,2.55
S137_1,step,roll,13198553.8,13198557.8,4.0,1.34
S137_1,step,roll,13198568.1,13198573.5,5.4,1.68
S137_1,step,roll,13198576.0,13198580.5,4.5,1.82
S137_1,step,roll,13198587.0,13198595.6,8.6,1.71
S137_1,step,roll,13198600.9,13198606.9,6.0,2.33
S137_1,step,roll,13198609.9,13198615.8,5.9,2.27
S137_1,step,pitch,13198616.6,13198621.0,4.4,1.98
S137_1,step,roll,13198631.6,13198635.7,4.1,1.68
S137_1,step,roll,13198639.7,13198643.7,4.0,3.44
S137_1,step,pitch,13198641.5,13198645.3,3.8,2.12
S137_1,step,roll,13198653.6,13198658.7,5.1,1.64
S137_1,step,roll,13198667.5,13198671.4,3.9,2.98
S137_1,step,roll,13198683.3,13198689.4,6.1,1.57
S137_1,step,roll,13198690.7,13198694.4,3.7,1.26
S137_1,step,roll,13198699.4,13198702.6,3.2,2.03
S137_1,step,roll,13198719.1,13198726.2,7.1,1.29
S137_1,step,roll,13198749.1,13198752.4,3.3,3.34
S137_1,step,roll,13198793.6,13198799.0,5.4,4.63
S137_1,step,roll,13198812.7,13198817.8,5.1,2.63
S137_1,step,roll,13198842.6,13198845.6,3.0,2.73
S137_1,step,roll,13198850.2,13198854.4,4.2,1.27
S137_1,step,roll,13198864.4,13198867.9,3.5,1.02
S137_1,step,roll,13198870.3,13198874.0,3.7,1.56
S137_1,step,roll,13198885.6,13198890.3,4.7,2.04
S137_1,step,pitch,13198951.7,13198967.3,15.6,3.68
S137_1,step,roll,13198993.7,13199003.1,9.4,3.6
S137_1,step,roll,13199007.6,13199013.6,6.0,4.72
S137_1,step,roll,13199033.5,13199037.3,3.8,5.63
S137_1,step,pitch,13199046.6,13199050.5,3.9,2.55
S137_1,step,pitch,13199052.5,13199057.3,4.8,3.49
S137_1,step,yaw,13199091.0,13199095.1,4.1,1.54
S137_1,step,pitch,13199093.3,13199102.8,9.5,11.64
S137_1,step,roll,13199101.1,13199104.4,3.3,7.51
S137_1,step,pitch,13199102.8,13199126.9,24.1,9.81
S137_1,step,yaw,13199108.2,13199112.9,4.7,6.24
S137_1,step,roll,13199108.9,13199122.0,13.1,16.1
S137_2,step,pitch,13200809.4,13200885.7,76.3,20.06
S137_2,step,roll,13200809.5,13200824.6,15.1,2.61
S137_2,step,yaw,13200810.0,13200819.6,9.6,2.69
S137_2,step,yaw,13200821.5,13200863.1,41.6,4.3
S137_2,step,roll,13200825.6,13200835.2,9.6,3.59
S137_2,step,roll,13200836.5,13200842.1,5.6,3.1
S137_2,step,roll,13200842.1,13200873.6,31.5,1.36
S137_2,step,yaw,13200865.4,13200868.7,3.3,2.72
S137_2,step,yaw,13200870.41,13200883.1,12.69,24.25
S137_2,doublet,roll,13200880.0,13200889.7,9.7,20.04|6.37
S137_2,step,yaw,13200886.2,13200891.2,5.0,16.32
S137_2,step,pitch,13200886.49,13200969.9,83.41,19.38
S137_2,step,roll,13200889.7,13200941.0,51.3,10.76
S137_2,step,yaw,13200894.1,13200906.7,12.6,9.12
S137_2,step,yaw,13200908.9,13200912.8,3.9,9.42
S137_2,step,yaw,13200912.8,13200921.8,9.0,18.59
S137_2,step,yaw,13200923.3,13200931.7,8.4,18.42
S137_2,step,yaw,13200937.7,13200945.0,7.3,11.39
S137_2,step,roll,13200941.0,13200968.7,27.7,14.0
S137_2,step,yaw,13200945.99,13200956.7,10.71,17.62
S137_2,step,yaw,13200961.4,13200967.6,6.2,15.0
S137_2,step,roll,13200973.8,13200979.6,5.8,6.77
S137_2,step,pitch,13200976.5,13200981.3,4.8,6.11
S137_2,step,roll,13200979.76,13200983.4,3.64,4.83
S137_2,step,roll,13200984.2,13200995.0,10.8,4.58
S137_2,step,roll,13200996.2,13201003.8,7.6,4.78
S137_2,step,roll,13201008.2,13201016.6,8.4,3.38
S137_2,step,pitch,13201015.8,13201074.1,58.3,7.35
S137_2,doublet,roll,13201023.21,13201034.4,11.19,5.61|1.31
S137_2,step,roll,13201037.68,13201051.0,13.32,5.21
S137_2,step,roll,13201053.7,13201073.7,20.0,4.71
S137_2,step,roll,13201077.8,13201084.3,6.5,3.68
S137_2,step,roll,13201085.6,13201091.5,5.9,2.29
S137_2,step,roll,13201094.8,13201103.1,8.3,3.14
S137_2,step,roll,13201104.1,13201107.1,3.0,2.22
S137_2,step,roll,13201113.6,13201118.8,5.2,2.05
S137_2,step,roll,13201122.91,13201137.8,14.89,2.33
S137_2,step,roll,13201139.0,13201162.4,23.4,1.97
S137_2,step,roll,13201165.8,13201190.2,24.4,2.64
S137_2,step,pitch,13201192.0,13201260.9,68.9,3.9
S137_2,step,roll,13201192.0,13201202.6,10.6,2.39
S137_2,step,roll,13201210.6,13201236.9,26.3,2.57
S137_2,step,roll,13201238.7,13201253.3,14.6,2.21
S137_2,step,roll,13201257.2,13201260.6,3.4,2.13
S137_2,step,roll,13201261.8,13201293.2,31.4,2.68
S137_2,step,pitch,13201271.8,13201280.4,8.6,2.04
S137_2,step,roll,13201299.8,13201321.8,22.0,2.5
S137_2,step,roll,13201328.7,13201338.4,9.7,3.54
S137_2,step,roll,13201339.6,13201346.4,6.8,1.61
S137_2,step,pitch,13201341.6,13201357.5,15.9,4.28
S137_2,step,roll,13201346.4,13201354.2,7.8,4.97
S137_2,step,roll,13201364.1,13201368.9,4.8,3.2
S137_2,step,roll,13201397.9,13201400.9,3.0,4.53
S137_2,step,roll,13201404.3,13201408.8,4.5,4.7
S137_2,step,pitch,13201416.7,13201421.6,4.9,2.29
S137_2,step,roll,13201417.2,13201420.4,3.2,3.0
S137_2,doublet,roll,13201447.6,13201459.0,7.1,3.14|2.21
S137_2,doublet,roll,13201468.7,13201476.5,7.8,2.69|4.47
S137_2,step,pitch,13201481.0,13201484.7,3.7,2.95
S137_2,step,roll,13201483.1,13201488.0,4.9,4.67
S137_2,step,roll,13201528.2,13201532.1,3.9,4.88
S137_2,step,roll,13201539.3,13201546.8,7.5,3.49
S137_2,step,roll,13201552.3,13201556.4,4.1,3.7
S137_2,doublet,roll,13201557.2,13201571.6,9.5,5.01|6.67
S137_2,step,pitch,13201565.2,13201579.2,14.0,3.85
S137_2,step,roll,13201571.6,13201576.4,4.8,2.81
S137_2,step,roll,13201586.1,13201590.9,4.8,3.46
S137_2,step,roll,13201597.3,13201602.1,4.8,1.9
S137_2,step,yaw,13201603.6,13201610.2,6.6,2.12
S137_2,step,roll,13201607.0,13201627.3,20.3,6.11
S137_2,step,roll,13201632.7,13201635.7,3.0,3.36
S137_2,step,roll,13201637.5,13201642.4,4.9,5.01
S137_2,step,roll,13201643.7,13201656.8,13.1,5.3
S137_2,step,roll,13201658.4,13201664.9,6.5,3.28
S137_2,step,roll,13201667.9,13201674.4,6.5,2.69
S137_2,step,roll,13201677.8,13201685.8,8.0,3.2
S137_2,step,roll,13201687.2,13201693.4,6.2,2.03
S137_2,step,roll,13201693.89,13201701.9,8.01,3.7
S137_2,step,roll,13201703.5,13201707.5,4.0,2.86
S137_2,step,roll,13201709.9,13201718.0,8.1,2.99
S137_2,step,pitch,13201714.6,13201720.6,6.0,2.16
S137_2,step,roll,13201722.7,13201728.6,5.9,2.98
S137_2,step,roll,13201732.4,13201736.9,4.5,2.02
S137_2,step,roll,13201741.7,13201750.9,9.2,2.34
S137_2,step,pitch,13201748.9,13201808.0,59.1,4.23
S137_2,step,roll,13201751.78,13201754.9,3.12,1.63
S137_2,step,roll,13201756.5,13201769.3,12.8,3.65
S137_2,step,roll,13201774.9,13201799.8,24.9,2.31
S137_2,step,roll,13201801.6,13201809.6,8.0,2.16
S137_2,step,roll,13201812.8,13201820.2,7.4,2.46
S137_2,step,roll,13201820.93,13201828.8,7.87,1.9
S137_2,step,roll,13201837.0,13201840.2,3.2,1.41
S137_2,step,roll,13201848.29,13201852.4,4.11,1.49
S137_2,step,roll,13201854.7,13201857.8,3.1,1.23
S137_2,step,roll,13201859.5,13201865.7,6.2,1.49
S137_2,step,roll,13201867.5,13201874.0,6.5,1.4
S137_2,step,roll,13201875.6,13201886.5,10.9,1.86
S137_2,step,roll,13201888.4,13201891.7,3.3,2.79
S137_2,step,roll,13201896.5,13201905.6,9.1,2.36
S137_2,step,roll,13201907.7,13201914.2,6.5,2.9
S137_2,step,pitch,13201912.6,13201918.4,5.8,2.29
S137_2,step,roll,13201915.8,13201928.6,12.8,3.06
S137_2,step,pitch,13201919.5,13201966.6,47.1,3.21
S137_2,step,roll,13201931.9,13201946.3,14.4,3.17
S137_2,step,roll,13201951.2,13201957.4,6.2,3.14
S137_2,step,roll,13201960.6,13201967.2,6.6,1.8
S137_2,step,pitch,13201967.5,13201970.5,3.0,2.03
S137_2,step,roll,13201968.9,13201976.5,7.6,4.51
S137_2,step,roll,13201980.7,13201993.0,12.3,4.34
S137_2,step,pitch,13201989.81,13201993.2,3.39,2.57
S137_2,step,roll,13202015.5,13202018.7,3.2,1.1
S137_2,step,pitch,13202023.1,13202065.4,42.3,4.2
S137_2,step,roll,13202041.2,13202044.3,3.1,3.06
S137_2,step,roll,13202047.7,13202054.1,6.4,1.97
S137_2,step,roll,13202055.5,13202059.3,3.8,1.55
S137_2,step,yaw,13202063.3,13202087.7,24.4,9.26
S137_2,step,roll,13202065.4,13202087.9,22.5,5.77
S137_2,step,pitch,13202071.85,13202075.8,3.95,2.17
S137_2,step,pitch,13202084.8,13202100.9,16.1,3.01
S137_2,step,roll,13202089.5,13202101.0,11.5,4.14
S137_2,step,pitch,13202101.6,13202109.9,8.3,2.65
S137_2,step,roll,13202115.7,13202145.8,30.1,5.74
S137_2,doublet,roll,13202145.8,13202158.6,8.1,3.26|2.52
S137_2,step,roll,13202160.1,13202166.0,5.9,4.99
S137_2,step,roll,13202168.3,13202178.4,10.1,2.52
S137_2,step,roll,13202189.25,13202199.1,9.85,2.69
S137_2,step,roll,13202200.5,13202208.4,7.9,1.71
S137_2,step,roll,13202214.98,13202239.1,24.12,2.43
S137_2,step,pitch,13202219.8,13202224.3,4.5,2.57
S137_2,step,roll,13202243.9,13202249.7,5.8,1.49
S137_2,step,roll,13202253.5,13202256.8,3.3,2.44
S137_2,step,roll,13202260.0,13202264.8,4.8,4.56
S137_2,step,roll,13202269.4,13202274.1,4.7,3.14
S137_2,step,roll,13202277.7,13202283.3,5.6,1.68
S137_2,step,roll,13202284.9,13202290.5,5.6,1.25
S137_2,step,roll,13202292.1,13202306.1,14.0,2.23
S137_2,step,pitch,13202326.2,13202330.0,3.8,2.58
S137_2,step,roll,13202330.7,13202334.0,3.3,2.95
S137_2,step,pitch,13202330.79,13202350.0,19.21,2.72
S137_2,step,pitch,13202350.8,13202384.6,33.8,3.17
S137_2,step,roll,13202351.4,13202358.1,6.7,4.42
S137_2,step,roll,13202368.6,13202371.6,3.0,2.45
S137_2,step,roll,13202372.1,13202375.3,3.2,3.46
S137_2,step,roll,13202380.3,13202385.3,5.0,2.7
S137_2,step,pitch,13202386.2,13202391.1,4.9,2.84
S137_2,step,roll,13202391.9,13202397.5,5.6,4.05
S137_2,step,pitch,13202395.1,13202404.2,9.1,2.7
S137_2,step,roll,13202403.1,13202415.0,11.9,3.84
S137_2,step,pitch,13202414.2,13202417.6,3.4,2.29
S137_2,step,roll,13202418.7,13202423.8,5.1,3.09
S137_2,step,pitch,13202420.8,13202467.0,46.2,4.45
S137_2,step,roll,13202425.6,13202430.4,4.8,2.88
S137_2,step,roll,13202432.1,13202447.6,15.5,5.56
S137_2,step,roll,13202448.3,13202456.6,8.3,3.34
S137_2,step,roll,13202461.0,13202475.1,14.1,4.35
S137_2,step,pitch,13202467.8,13202471.4,3.6,2.65
S137_2,step,pitch,13202486.2,13202489.9,3.7,2.0
S137_2,step,roll,13202489.5,13202497.3,7.8,4.25
S137_2,step,pitch,13202493.6,13202499.2,5.6,2.13
S137_2,step,roll,13202501.2,13202507.7,6.5,2.5
S137_2,step,roll,13202514.1,13202517.3,3.2,1.84
S137_2,step,roll,13202520.5,13202525.3,4.8,3.86
S137_2,step,roll,13202528.62,13202535.7,7.08,2.66
S137_2,step,roll,13202537.1,13202546.6,9.5,3.16
S137_2,step,roll,13202551.1,13202557.5,6.4,5.35
S137_2,step,roll,13202559.1,13202562.3,3.2,3.34
S137_2,step,roll,13202563.6,13202568.8,5.2,6.8
S137_2,step,roll,13202572.0,13202578.1,6.1,6.35
S137_2,step,roll,13202581.6,13202600.9,19.3,4.54
S137_2,step,roll,13202604.2,13202611.0,6.8,5.54
S137_2,step,roll,13202612.2,13202626.0,13.8,4.4
S137_2,step,roll,13202628.3,13202633.0,4.7,3.7
S137_2,doublet,roll,13202634.5,13202644.4,9.9,1.97|3.72
S137_2,step,yaw,13202637.9,13202671.4,33.5,1.17
S137_2,step,roll,13202660.5,13202666.8,6.3,3.11
S137_2,step,pitch,13202662.12,13202665.3,3.18,2.34
S137_2,step,roll,13202676.5,13202681.4,4.9,2.13
S137_2,step,roll,13202690.5,13202693.5,3.0,1.79
S137_2,step,roll,13202699.1,13202706.7,7.6,2.81
S137_2,step,roll,13202710.37,13202716.6,6.23,4.56
S137_2,step,roll,13202721.6,13202726.4,4.8,2.42
S137_2,step,yaw,13202731.2,13202750.0,18.8,6.69
S137_2,step,roll,13202734.49,13202747.2,12.71,6.81
S137_2,doublet,roll,13202747.36,13202754.7,5.74,5.51|4.42
S137_2,step,roll,13202755.4,13202761.8,6.4,5.52
S137_2,step,roll,13202772.5,13202781.0,8.5,4.66
S137_2,step,yaw,13202781.1,13202793.6,12.5,4.32
S137_2,step,roll,13202783.6,13202798.8,15.2,6.0
S137_2,doublet,roll,13202798.8,13202805.8,7.0,3.19|1.94
S137_2,step,roll,13202808.4,13202815.4,7.0,2.28
S137_2,step,roll,13202818.1,13202823.6,5.5,5.46
S137_2,step,roll,13202824.5,13202837.2,12.7,4.54
S137_2,step,roll,13202840.1,13202843.8,3.7,1.91
S137_2,step,roll,13202845.4,13202849.3,3.9,1.39
S137_2,step,roll,13202859.9,13202865.5,5.6,2.2
S137_2,step,roll,13202867.9,13202876.5,8.6,3.76
S137_2,step,roll,13202887.2,13202890.5,3.3,2.09
S137_2,step,roll,13202893.7,13202896.9,3.2,2.68
S137_2,step,roll,13202898.5,13202906.2,7.7,2.49
S137_2,step,roll,13202908.1,13202912.9,4.8,1.3
S137_2,step,roll,13202916.2,13202921.0,4.8,2.02
S137_2,step,roll,13202929.0,13202932.3,3.3,1.84
S137_2,step,roll,13202935.5,13202939.4,3.9,2.59
S137_2,step,roll,13202943.5,13202947.5,4.0,1.62
S137_2,step,roll,13202951.6,13202954.7,3.1,1.2
S137_2,step,roll,13202956.4,13202959.6,3.2,1.44
S137_2,step,roll,13202962.8,13202966.0,3.2,1.2
S137_2,doublet,roll,13202969.3,13202977.3,8.0,1.79|1.87
S137_2,step,yaw,13202972.4,13203036.8,64.4,4.64
S137_2,step,roll,13202982.1,13202986.7,4.6,3.1
S137_2,step,roll,13202988.6,13202996.4,7.8,2.24
S137_2,step,roll,13202997.8,13203001.4,3.6,2.65
S137_2,step,roll,13203012.7,13203017.5,4.8,3.94
S137_2,step,roll,13203025.1,13203033.2,8.1,3.01
S137_2,step,roll,13203033.64,13203038.4,4.76,2.91
S137_2,step,roll,13203038.4,13203049.7,11.3,5.7
S137_2,step,roll,13203049.7,13203052.9,3.2,2.94
S137_2,step,roll,13203052.9,13203117.2,64.3,3.8
S137_2,step,roll,13203119.5,13203123.7,4.2,4.8
S137_2,step,roll,13203131.7,13203137.1,5.4,2.39
S137_2,step,roll,13203142.6,13203147.8,5.2,2.3
S137_2,step,yaw,13203147.3,13203204.8,57.5,4.11
S137_2,step,roll,13203149.4,13203154.0,4.6,3.0
S137_2,step,roll,13203155.8,13203207.3,51.5,4.1
S137_2,step,roll,13203221.8,13203235.2,13.4,3.3
S137_2,step,roll,13203237.8,13203244.3,6.5,1.43
S137_2,step,roll,13203254.9,13203258.8,3.9,1.25
S137_2,step,roll,13203266.1,13203270.8,4.7,1.97
S137_2,step,roll,13203271.4,13203278.1,6.7,2.35
S137_2,step,roll,13203279.5,13203289.3,9.8,2.0
S137_2,step,roll,13203303.8,13203308.9,5.1,3.88
S137_2,step,roll,13203310.2,13203323.9,13.7,1.62
S137_2,step,roll,13203324.76,13203330.9,6.14,2.41
S137_2,step,roll,13203335.2,13203347.2,12.0,2.48
S137_2,step,roll,13203352.0,13203361.7,9.7,3.85
S137_2,step,pitch,13203369.7,13203372.7,3.0,2.16
S137_2,step,roll,13203371.3,13203381.0,9.7,2.11
S137_2,step,roll,13203389.0,13203393.9,4.9,2.8
S137_2,step,roll,13203398.74,13203402.8,4.06,1.98
S137_2,step,roll,13203405.1,13203413.7,8.6,2.09
S137_2,step,roll,13203418.2,13203424.2,6.0,2.0
S137_2,step,roll,13203429.29,13203433.4,4.11,3.17
S137_2,step,roll,13203439.3,13203446.2,6.9,1.81
S137_2,step,roll,13203447.5,13203463.4,15.9,2.38
S137_2,step,roll,13203466.2,13203469.2,3.0,1.53
S137_2,step,roll,13203477.56,13203488.8,11.24,1.77
S137_2,step,roll,13203492.0,13203495.1,3.1,2.05
S137_2,step,roll,13203496.8,13203501.6,4.8,1.6
S137_2,step,roll,13203508.9,13203517.7,8.8,1.81
S137_2,step,roll,13203530.63,13203534.7,4.07,1.46
S137_2,step,yaw,13203540.0,13203560.6,20.6,1.06
S137_2,step,pitch,13203540.2,13203559.5,19.3,4.78
S137_2,step,roll,13203545.1,13203548.3,3.2,1.2
S137_2,step,roll,13203549.9,13203554.7,4.8,1.33
S137_2,step,roll,13203562.7,13203572.4,9.7,3.45
S137_2,step,pitch,13203565.1,13203572.2,7.1,2.96
S137_2,step,roll,13203574.0,13203580.3,6.3,2.67
S137_2,step,pitch,13203579.8,13203583.4,3.6,2.2
S137_2,step,roll,13203585.3,13203589.7,4.4,2.41
S137_2,step,pitch,13203586.9,13203590.8,3.9,2.16
S137_2,step,roll,13203591.7,13203596.5,4.8,1.67
S137_2,step,roll,13203598.1,13203604.2,6.1,1.04
S137_2,step,roll,13203612.1,13203615.8,3.7,1.89
S137_2,step,pitch,13203617.4,13203623.7,6.3,1.77
S137_2,step,roll,13203617.4,13203623.7,6.3,1.22
S137_2,step,roll,13203625.5,13203628.7,3.2,1.53
S137_2,step,roll,13203636.7,13203639.8,3.1,1.67
S137_2,step,pitch,13203638.3,13203641.4,3.1,1.89
S137_2,step,roll,13203646.2,13203652.4,6.2,2.7
S137_2,step,pitch,13203649.4,13203654.1,4.7,2.06
S137_2,step,roll,13203656.0,13203659.8,3.8,1.79
S137_2,step,pitch,13203657.1,13203700.4,43.3,2.99
S137_2,step,roll,13203663.4,13203666.7,3.3,1.48
S137_2,step,roll,13203670.5,13203676.6,6.1,2.15
S137_2,step,roll,13203686.6,13203691.9,5.3,2.05
S137_2,step,roll,13203693.08,13203703.4,10.32,3.85
S137_2,step,pitch,13203701.9,13203749.0,47.1,2.48
S137_2,step,roll,13203707.5,13203712.1,4.6,1.12
S137_2,step,roll,13203715.5,13203719.8,4.3,1.32
S137_2,step,roll,13203722.0,13203726.0,4.0,1.93
S137_2,step,roll,13203731.669,13203734.8,3.13,1.44
S137_2,step,roll,13203736.9,13203740.0,3.1,1.69
S137_2,step,pitch,13203754.5,13203783.9,29.4,2.57
S137_2,step,roll,13203767.0,13203771.6,4.6,1.84
S137_2,step,roll,13203773.4,13203777.5,4.1,2.21
S137_2,step,pitch,13203784.7,13203789.2,4.5,2.4
S137_2,step,pitch,13203789.57,13203792.7,3.13,2.17
S137_2,step,roll,13203797.2,13203800.6,3.4,1.83
S137_2,step,pitch,13203797.4,13203805.6,8.2,2.26
S137_2,step,roll,13203805.6,13203808.8,3.2,1.45
S137_2,step,roll,13203809.6,13203815.1,5.5,1.64
S137_2,step,pitch,13203810.1,13203814.9,4.8,2.11
S137_2,step,pitch,13203845.2,13203853.8,8.6,2.45
S137_2,step,roll,13203852.2,13203855.7,3.5,1.45
S137_2,step,roll,13203858.7,13203861.9,3.2,2.57
S137_2,step,yaw,13203868.39,13203871.6,3.21,1.05
S137_2,step,roll,13203871.6,13203875.6,4.0,4.49
S137_2,step,yaw,13203875.9,13203922.9,47.0,2.16
S137_2,step,roll,13203887.6,13203892.0,4.4,3.37
S137_2,step,roll,13203895.7,13203898.9,3.2,1.82
S137_2,step,roll,13203902.1,13203905.6,3.5,3.04
S137_2,step,roll,13203906.9,13203910.0,3.1,3.71
S137_2,step,roll,13203910.2,13203915.0,4.8,3.39
S137_2,step,roll,13203917.6,13203921.0,3.4,4.02
S137_2,step,roll,13203932.7,13203935.9,3.2,2.67
S137_2,step,yaw,13203935.9,13203955.1,19.2,1.69
S137_2,step,roll,13203937.5,13203940.6,3.1,1.71
S137_2,step,yaw,13203956.1,13203964.4,8.3,1.45
S137_2,step,yaw,13203972.8,13203980.2,7.4,0.99
S137_2,step,yaw,13203980.9,13203985.6,4.7,2.82
S137_2,step,pitch,13203986.6,13203993.8,7.2,9.08
S137_2,step,pitch,13203995.4,13204025.9,30.5,6.71
S137_2,step,yaw,13204011.3,13204016.3,5.0,4.2
S153_1,step,yaw,16999394.1,16999441.4,47.3,4.78
S153_1,step,yaw,16999441.4,16999484.4,43.0,24.99
S153_1,step,yaw,16999485.199,16999501.8,16.6,21.72
S153_1,step,yaw,16999501.8,16999505.199,3.4,8.66
S153_1,step,yaw,16999506.3,16999518.4,12.1,24.81
S153_1,doublet,yaw,16999518.4,16999525.699,4.4,17.1|3.95
S153_1,step,yaw,16999526.6,16999531.9,5.3,11.11
S153_1,doublet,yaw,16999533.4,16999537.199,3.8,10.49|10.24
S153_1,doublet,yaw,16999538.699,16999544.8,3.0,3.47|6.55
S153_1,doublet,yaw,16999544.8,16999549.3,4.5,6.98|10.51
S153_1,doublet,yaw,16999549.3,16999556.8,4.23,6.95|10.38
S153_1,doublet,yaw,16999565.9,16999571.1,3.0,6.19|1.47
S153_1,doublet,yaw,16999573.4,16999578.4,3.3,4.65|5.08
S153_1,step,yaw,16999579.5,16999588.5,9.0,19.32
S153_1,step,yaw,16999596.0,16999602.1,6.1,6.21
S153_1,step,yaw,16999833.6,16999837.1,3.5,17.52
S153_1,step,yaw,16999840.4,16999845.3,4.9,15.85
S153_1,step,yaw,16999846.0,16999853.699,7.7,9.26
S153_1,step,yaw,16999854.03,16999858.5,4.47,13.9
S153_1,step,yaw,16999858.5,16999881.0,22.5,15.97
S153_1,doublet,roll,16999879.6,16999884.9,3.9,5.95|2.2
S153_1,step,yaw,16999881.5,16999891.8,10.3,5.37
S153_1,step,roll,16999887.1,16999890.9,3.8,4.31
S153_1,step,yaw,16999892.4,16999977.199,84.8,2.58
S153_1,step,pitch,16999902.8,16999907.199,4.4,2.71
S153_1,step,pitch,16999907.4,16999916.5,9.1,2.78
S153_1,step,roll,16999907.5,16999920.1,12.6,6.89
S153_1,step,roll,16999920.38,16999924.9,4.52,2.37
S153_1,step,pitch,16999925.6,16999964.1,38.5,4.22
S153_1,step,roll,16999935.4,16999940.6,5.2,3.21
S153_1,step,roll,16999944.5,16999948.199,3.7,3.61
S153_1,step,roll,16999961.0,16999965.6,4.6,3.82
S153_1,doublet,roll,16999967.0,16999972.4,3.4,2.46|1.38
S153_1,step,yaw,16999977.92,17000043.6,65.68,3.68
S153_1,step,roll,16999978.0,16999981.199,3.2,2.98
S153_1,step,pitch,16999986.699,16999999.8,13.1,4.36
S153_1,step,roll,16999987.5,17000000.199,12.7,2.67
S153_1,step,pitch,17000001.0,17000024.8,23.8,4.26
S153_1,step,roll,17000005.6,17000010.699,5.1,3.31
S153_1,step,roll,17000011.6,17000015.0,3.4,2.76
S153_1,step,roll,17000019.1,17000030.8,11.7,5.39
S153_1,doublet,roll,17000033.5,17000038.699,4.5,3.7|3.58
S153_1,doublet,roll,17000038.699,17000044.699,3.4,2.98|4.93
S153_1,step,yaw,17000044.0,17000057.5,13.5,2.96
S153_1,step,pitch,17000046.3,17000050.5,4.2,3.3
S153_1,step,pitch,17000054.6,17000064.1,9.5,3.72
S153_1,step,yaw,17000058.3,17000089.8,31.5,5.43
S153_1,step,roll,17000059.9,17000064.6,4.7,6.11
S153_1,step,pitch,17000064.8,17000074.699,9.9,3.23
S153_1,step,roll,17000065.179,17000068.6,3.42,4.58
S153_1,doublet,roll,17000074.199,17000077.0,2.8,3.28|2.8
S153_1,step,pitch,17000074.98,17000082.5,7.52,3.34
S153_1,doublet,roll,17000086.199,17000091.1,3.9,5.39|4.35
S153_1,step,yaw,17000090.8,17000120.199,29.4,6.91
S153_1,doublet,roll,17000097.4,17000100.5,3.1,4.86|5.46
S153_1,doublet,roll,17000111.8,17000114.9,3.1,7.04|7.63
S153_1,step,pitch,17000119.8,17000129.8,10.0,3.75
S153_1,step,roll,17000123.1,17000126.1,3.0,4.2
S153_1,step,pitch,17000140.4,17000143.6,3.2,3.07
S153_1,step,pitch,17000144.3,17000148.1,3.8,3.51
S153_1,step,roll,17000145.1,17000148.1,3.0,3.58
S153_1,step,roll,17000161.3,17000165.199,3.9,3.36
S153_1,doublet,roll,17000172.199,17000177.5,4.6,3.25|2.45
S153_1,step,pitch,17000173.4,17000187.4,14.0,3.92
S153_1,doublet,roll,17000179.82,17000185.8,3.48,3.19|2.52
S153_1,step,pitch,17000187.9,17000192.4,4.5,2.71
S153_1,step,roll,17000195.6,17000198.6,3.0,1.78
S153_1,step,roll,17000200.1,17000203.1,3.0,3.4
S153_1,step,pitch,17000200.8,17000204.4,3.6,2.19
S153_1,step,pitch,17000205.4,17000209.0,3.6,2.55
S153_1,step,roll,17000211.199,17000214.4,3.2,3.63
S153_1,step,roll,17000221.199,17000227.0,5.8,2.36
S153_1,step,roll,17000228.8,17000236.3,7.5,2.54
S153_1,step,roll,17000286.9,17000289.9,3.0,2.18
S153_1,step,roll,17000296.699,17000299.699,3.0,5.8
S153_1,step,pitch,17000304.25,17000309.4,5.15,2.44
S153_1,step,pitch,17000310.6,17000314.6,4.0,2.61
S153_1,step,roll,17000314.8,17000319.9,5.1,2.57
S153_1,step,pitch,17000315.3,17000329.1,13.8,2.46
S153_1,step,roll,17000327.5,17000331.9,4.4,2.27
S153_1,step,pitch,17000329.3,17000339.699,10.4,2.18
S153_1,step,roll,17000332.1,17000338.9,6.8,2.73
S153_1,step,pitch,17000342.1,17000347.1,5.0,2.11
S153_1,step,roll,17000344.8,17000348.8,4.0,4.08
S153_1,step,roll,17000349.3,17000352.5,3.2,2.42
S153_1,step,pitch,17000354.769,17000360.0,5.23,2.33
S153_1,step,pitch,17000360.5,17000369.6,9.1,2.42
S153_1,step,roll,17000369.8,17000373.6,3.8,2.89
S153_1,step,pitch,17000369.859,17000383.4,13.54,2.54
S153_1,step,roll,17000376.3,17000381.9,5.6,3.01
S153_1,step,roll,17000388.699,17000403.699,15.0,4.71
S153_1,step,pitch,17000395.3,17000459.4,64.1,5.16
S153_1,doublet,roll,17000440.6,17000446.4,3.7,2.48|1.83
S153_1,step,pitch,17000459.609,17000489.8,30.19,3.42
S153_1,step,roll,17000462.6,17000466.3,3.7,2.92
S153_1,step,roll,17000473.1,17000478.1,5.0,3.98
S153_1,step,roll,17000488.199,17000491.199,3.0,1.78
S153_1,step,roll,17000498.0,17000503.0,5.0,5.18
S153_1,step,pitch,17000501.8,17000506.8,5.0,2.5
S153_1,step,pitch,17000509.4,17000513.1,3.7,1.91
S153_1,step,roll,17000513.1,17000517.6,4.5,2.06
S153_1,step,roll,17000518.4,17000522.1,3.7,2.26
S153_1,step,roll,17000523.4,17000528.199,4.8,2.16
S153_1,step,pitch,17000525.4,17000528.4,3.0,1.9
S153_1,step,pitch,17000536.699,17000539.8,3.1,2.23
S153_1,step,roll,17000540.1,17000543.3,3.2,2.12
S153_1,step,roll,17000545.4,17000549.5,4.1,3.9
S153_1,step,roll,17000550.089,17000556.699,6.61,3.68
S153_1,step,roll,17000571.6,17000574.9,3.3,2.02
S153_1,step,roll,17000577.199,17000584.699,7.5,2.6
S153_1,step,roll,17000587.0,17000590.8,3.8,2.06
S153_1,step,roll,17000597.6,17000609.5,11.9,2.97
S153_1,step,roll,17000611.1,17000618.699,7.6,2.48
S153_1,step,roll,17000623.199,17000628.199,5.0,2.73
S153_1,step,roll,17000633.8,17000642.6,8.8,3.52
S153_1,step,roll,17000647.0,17000653.4,6.4,2.26
S153_1,step,roll,17000658.6,17000666.4,7.8,4.3
S153_1,step,roll,17000676.699,17000681.3,4.6,4.54
S153_1,step,roll,17000684.8,17000689.6,4.8,3.14
S153_1,step,roll,17000703.9,17000706.9,3.0,3.08
S153_1,step,roll,17000744.6,17000747.6,3.0,4.86
S153_1,step,pitch,17000769.56,17000773.699,4.14,3.45
S153_1,step,roll,17000774.8,17000778.1,3.3,3.66
S153_1,step,roll,17000801.9,17000811.0,9.1,2.39
S153_1,step,yaw,17000803.49,17000815.5,12.01,10.65
S153_1,step,roll,17000811.5,17000816.199,4.7,2.02
S153_1,step,yaw,17000818.5,17000823.8,5.3,8.08
S153_1,step,roll,17000821.199,17000902.199,81.0,7.03
S153_1,step,yaw,17000838.1,17000843.4,5.3,8.32
S153_1,step,yaw,17000844.8,17000851.6,6.8,8.64
S153_1,step,yaw,17000852.5,17000873.6,21.1,16.17
S153_1,doublet,yaw,17000873.6,17000878.699,5.1,9.48|6.82
S153_1,doublet,yaw,17000878.699,17000884.1,5.4,10.84|5.49
S153_1,step,yaw,17000886.46,17000890.0,3.54,9.29
S153_1,step,yaw,17000893.9,17000898.9,5.0,14.92
S153,step,yaw,16995660.0,16995691.3,31.3,25.0
S153,step,yaw,16995691.3,16995696.9,5.6,5.5
S153,step,yaw,16995697.8,16995709.1,11.3,17.87
S153,doublet,yaw,16995710.0,16995716.4,6.4,13.1|9.63
S153,step,yaw,16995717.3,16995728.9,11.6,24.56
S153,doublet,yaw,16995728.9,16995735.8,6.9,16.42|14.46
S153,doublet,yaw,16995744.3,16995752.8,7.3,12.52|10.93
S153,doublet,yaw,16995752.8,16995756.4,3.6,14.25|10.45
S153,doublet,yaw,16995763.5,16995771.4,5.5,8.38|12.64
S153,step,yaw,16995774.1,16995778.699,4.6,8.83
S153,doublet,yaw,16995781.1,16995785.6,3.58,6.32|5.25
S153,3211,yaw,16995791.9,16995816.699,19.9,18.1|13.07|8.58|2.49
S153,step,yaw,16995819.4,16995822.8,3.4,6.0
S153,step,yaw,16995832.699,16995838.0,5.3,5.37
S153,step,yaw,16995843.1,16995847.699,4.6,5.27
S153,step,yaw,16995854.699,16995861.3,6.6,8.96
S153,doublet,yaw,16995863.699,16995874.3,9.6,4.85|15.51
S153,step,yaw,16995874.3,16995889.199,14.9,8.46
S153,doublet,yaw,16995902.8,16995908.699,3.8,3.04|5.62
S153,step,yaw,16995916.15,16995922.3,6.15,7.39
S153,doublet,yaw,16995927.6,16995933.0,3.3,3.58|5.64
S153,doublet,yaw,16995962.9,16995966.5,3.6,2.62|4.36
S153,doublet,yaw,16995966.5,16995973.0,3.9,2.64|6.48
S153,step,yaw,16995973.8,16995980.9,7.1,12.64
S153,step,yaw,16995981.699,16995986.199,4.5,6.35
S153,step,yaw,16995986.199,16996015.9,29.7,24.95
S153,doublet,yaw,16996015.9,16996027.9,11.1,11.13|7.56
S153,step,yaw,16996029.6,16996039.199,9.6,10.27
S153,step,yaw,16996045.699,16996050.6,4.9,4.14
S153,step,yaw,16996075.8,16996079.8,4.0,5.45
S153,doublet,yaw,16996090.9,16996097.1,4.4,7.84|3.97
S153,step,yaw,16996111.4,16996124.3,12.9,18.24
S153,step,yaw,16996124.72,16996130.699,5.98,12.12
S153,step,yaw,16996133.589,16996143.3,9.71,1.3
S153,step,roll,16996145.1,16996150.699,5.6,0.96
S153,step,roll,16996153.1,16996213.0,59.9,12.29
S153,step,roll,16996215.6,16996247.1,31.5,15.52
S153,step,roll,16996257.8,16996292.5,34.7,14.14
S153,doublet,yaw,16996292.4,16996301.199,8.8,14.44|15.07
S153,step,roll,16996295.9,16996329.3,33.4,13.87
S153,step,yaw,16996301.199,16996304.699,3.5,4.7
S153,step,yaw,16996304.699,16996314.6,9.9,16.19
S153,step,yaw,16996315.5,16996332.8,17.3,14.25
S153,step,pitch,16996335.4,16996342.1,6.7,2.5
S153,doublet,roll,16996336.8,16996346.4,5.8,2.37|4.75
S153,step,yaw,16996342.1,16996394.8,52.7,4.67
S153,step,pitch,16996350.1,16996356.4,6.3,2.75
S153,step,pitch,16996358.0,16996361.3,3.3,3.11
S153,step,roll,16996360.699,16996365.5,4.8,5.27
S153,step,pitch,16996368.9,16996372.1,3.2,2.39
S153,step,roll,16996370.0,16996392.699,22.7,5.87
S153,step,pitch,16996381.0,16996423.5,42.5,4.9
S153,step,yaw,16996395.4,16996422.0,26.6,2.21
S153,step,roll,16996396.699,16996402.9,6.2,2.54
S153,doublet,roll,16996417.5,16996422.9,3.2,1.43|4.34
S153,step,yaw,16996422.8,16996437.8,15.0,1.57
S153,step,pitch,16996425.4,16996434.4,9.0,3.18
S153,step,roll,16996430.8,16996436.699,5.9,3.94
S153,step,pitch,16996434.9,16996437.9,3.0,2.47
S153,step,yaw,16996438.8,16996473.8,35.0,1.42
S153,step,roll,16996442.4,16996445.699,3.3,3.24
S153,step,roll,16996446.8,16996451.8,5.0,2.14
S153,step,roll,16996454.8,16996467.199,12.4,3.58
S153,step,pitch,16996474.3,16996478.1,3.8,3.62
S153,step,yaw,16996474.3,16996482.3,8.0,1.13
S153,step,roll,16996478.199,16996482.0,3.8,1.98
S153,step,yaw,16996484.1,16996520.8,36.7,1.73
S153,step,roll,16996484.199,16996497.699,13.5,4.71
S153,step,pitch,16996485.01,16996492.3,7.29,3.2
S153,step,pitch,16996493.6,16996501.699,8.1,2.84
S153,step,roll,16996500.0,16996503.1,3.1,2.71
S153,step,pitch,16996502.699,16996543.0,40.3,4.36
S153,step,yaw,16996523.1,16996535.6,12.5,4.17
S153,step,roll,16996523.6,16996528.8,5.2,3.75
S153,step,roll,16996540.4,16996544.699,4.3,4.17
S153,step,yaw,16996551.5,16996561.8,10.3,4.32
S153,step,roll,16996557.699,16996561.0,3.3,3.38
S153,step,yaw,16996562.23,16996566.4,4.17,2.23
S153,step,roll,16996562.5,16996565.5,3.0,3.75
S153,step,roll,16996567.0,16996570.699,3.7,7.04
S153,step,yaw,16996567.3,16996571.9,4.6,4.0
S153,step,yaw,16996574.65,16996588.699,14.05,7.03
S153,doublet,pitch,16996585.9,16996599.4,9.2,6.38|2.84
S153,step,roll,16996592.3,16996606.4,14.1,5.29
S153,step,pitch,16996608.6,16996612.4,3.8,2.59
S153,step,pitch,16996612.81,16996618.6,5.79,2.6
S153,step,roll,16996614.5,16996617.6,3.1,2.16
S153,step,roll,16996618.1,16996621.3,3.2,3.17
S153,step,pitch,16996620.699,16996624.0,3.3,2.72
S153,step,roll,16996627.4,16996635.8,8.4,5.98
S153,step,pitch,16996635.8,16996691.699,55.9,4.91
S153,step,roll,16996639.8,16996644.699,4.9,4.27
S153,step,roll,16996661.6,16996668.0,6.4,2.16
S153,step,roll,16996682.9,16996686.699,3.8,1.76
S153,step,yaw,16996695.1,16996708.8,13.7,1.22
S153,step,roll,16996697.3,16996700.6,3.3,1.59
S153,step,roll,16996709.0,16996721.9,12.9,3.4
S153,step,yaw,16996709.3,16996721.8,12.5,1.33
S153,step,yaw,16996724.699,16996728.8,4.1,1.17
S153,step,roll,16996725.0,16996728.6,3.6,1.67
S153,step,roll,16996732.1,16996735.9,3.8,1.55
S153,step,yaw,16996732.699,16996735.8,3.1,1.44
S153,step,roll,16996736.17,16996740.4,4.23,3.45
S153,step,yaw,16996736.17,16996741.6,5.43,1.22
S153,step,roll,16996745.0,16996748.1,3.1,1.7
S153,step,roll,16996751.69,16996755.6,3.91,2.12
S153,step,roll,16996756.5,16996768.1,11.6,1.94
S153,step,roll,16996773.8,16996777.8,4.0,3.07
S153,step,yaw,16996780.4,16996786.6,6.2,1.16
S153,step,roll,16996787.6,16996791.1,3.5,3.28
S153,step,yaw,16996789.4,16996792.9,3.5,1.26
S153,step,yaw,16996796.4,16996802.6,6.2,1.44
S153,step,roll,16996796.9,16996800.9,4.0,2.35
S153,step,roll,16996804.0,16996820.5,16.5,3.8
S153,step,yaw,16996804.199,16996812.9,8.7,1.08
S153,step,yaw,16996815.699,16996822.199,6.5,1.24
S153,step,roll,16996822.679,16996826.4,3.72,2.46
S153,step,yaw,16996823.1,16996834.0,10.9,1.13
S153,step,roll,16996829.1,16996840.199,11.1,2.66
S153,step,yaw,16996834.6,16996848.699,14.1,1.26
S153,step,pitch,16996838.23,16996841.3,3.07,2.28
S153,step,roll,16996840.4,16996847.1,6.7,3.22
S153,step,pitch,16996845.0,16996860.6,15.6,3.06
S153,step,roll,16996847.8,16996852.4,4.6,2.82
S153,step,yaw,16996849.6,16996891.4,41.8,1.24
S153,step,roll,16996854.4,16996865.199,10.8,3.02
S153,step,pitch,16996860.9,16996868.4,7.5,2.17
S153,step,roll,16996866.1,16996871.4,5.3,4.58
S153,step,pitch,16996868.9,16996876.199,7.3,2.97
S153,step,roll,16996871.9,16996876.1,4.2,2.28
S153,step,pitch,16996876.5,16996884.4,7.9,2.24
S153,step,roll,16996876.8,16996880.8,4.0,2.97
S153,step,roll,16996885.9,16996890.1,4.2,1.44
S153,step,roll,16996895.3,16996905.8,10.5,2.9
S153,step,roll,16996907.0,16996915.3,8.3,3.36
S153,step,yaw,16996907.1,16996952.5,45.4,1.45
S153,step,roll,16996916.699,16996921.6,4.9,2.13
S153,step,pitch,16996918.699,16996931.8,13.1,2.34
S153,step,roll,16996927.6,16996936.1,8.5,1.56
S153,step,pitch,16996932.199,16996950.8,18.6,2.66
S153,step,roll,16996936.699,16996940.1,3.4,1.68
S153,step,yaw,16996956.3,16996966.4,10.1,1.22
S153,step,pitch,16996970.8,16996976.6,5.8,3.38
S153,step,roll,16996971.33,16996976.4,5.07,3.62
S153,step,yaw,16996972.22,16996982.1,9.88,1.24
S153,step,pitch,16996977.5,16996980.9,3.4,2.47
S153,step,pitch,16996981.109,16996987.9,6.79,2.51
S153,step,roll,16996984.6,16996988.4,3.8,2.56
S153,step,yaw,16996985.55,16996989.3,3.75,1.17
S153,step,pitch,16996988.699,16996994.199,5.5,2.5
S153,step,yaw,16996989.6,16996993.3,3.7,1.23
S153,step,yaw,16996993.53,16996997.0,3.47,1.2
S153,step,pitch,16996994.42,16996999.699,5.28,2.35
S153,step,yaw,16997001.3,16997005.199,3.9,1.16
S153,step,yaw,16997015.6,16997019.9,4.3,1.11
S153,step,yaw,16997034.199,16997041.3,7.1,1.07
S153,step,yaw,16997063.3,16997067.1,3.8,0.94
S153,step,yaw,16997070.5,16997074.0,3.5,0.96
S153,step,yaw,16997109.699,16997115.1,5.4,1.23
S153,step,yaw,16997120.4,16997131.0,10.6,1.03
S153,step,yaw,16997264.1,16997267.4,3.3,8.06
S153,step,yaw,16997280.1,16997284.6,4.5,4.23
S153,step,yaw,16997288.9,16997306.6,17.7,10.33
S153,step,yaw,16997308.4,16997322.699,14.3,14.81
S153,doublet,yaw,16997322.699,16997332.0,8.3,14.72|3.46
S153,doublet,yaw,16997332.0,16997340.5,8.5,5.37|5.69
S153,step,yaw,16997341.6,16997346.699,5.1,8.07
S153,step,yaw,16997369.199,16997376.8,7.6,8.7
S153,step,yaw,16997381.199,16997386.6,5.4,12.91
S153,step,yaw,16997389.199,16997392.5,3.3,8.27
S153,step,yaw,16997393.699,16997397.3,3.6,6.52
S153,step,yaw,16997399.9,16997403.4,3.5,2.02
S153,step,yaw,16997403.8,16997407.0,3.2,4.26
S153,doublet,yaw,16997407.9,16997414.699,4.1,10.82|5.08
S153,step,yaw,16997417.5,16997423.8,6.3,3.19
S153,step,yaw,16997424.8,16997433.4,8.6,13.3
